Transaction ID,Date,Customer ID,Gender,Age,Product Category,Product,Quantity,Price per Unit,Total Amount,Region,Payment Method
5726,2023-01-01,CUST_00603,Male,49,Food,Green Tea,3,37.37,112.11,East,Credit Card
5777,2023-01-01,CUST_00435,Male,40,Home & Kitchen,Pillow,1,215.29,215.29,West,Debit Card
9507,2023-01-01,CUST_00746,Female,32,Home & Kitchen,Cookware Set,2,28.03,56.06,North,Cash
10908,2023-01-01,CUST_01421,Female,32,Home & Kitchen,Bedsheet,1,73.03,73.03,West,Cash
8264,2023-01-01,CUST_01674,Male,42,Home & Kitchen,Bedsheet,2,16.79,33.58,East,UPI
3605,2023-01-01,CUST_01838,Female,53,Clothing,Formal Shirt,1,73.2,73.2,East,Credit Card
8733,2023-01-01,CUST_01265,Female,42,Electronics,Bluetooth Speaker,3,368.72,1106.16,North,Debit Card
10188,2023-01-01,CUST_00383,Male,23,Clothing,Sneakers,3,53.28,159.84,West,Credit Card
5152,2023-01-01,CUST_01278,Male,39,Sports,Cricket Bat,1,134.05,134.05,West,Credit Card
3903,2023-01-01,CUST_00083,Female,28,Electronics,Smartphone,2,402.86,805.72,West,Credit Card
4627,2023-01-01,CUST_01004,Male,35,Home & Kitchen,Storage Container,1,245.82,245.82,North,Debit Card
8796,2023-01-01,CUST_01780,Female,64,Food,Mixed Nuts,2,31.66,63.32,East,Debit Card
9126,2023-01-01,CUST_01809,Female,67,Clothing,Sneakers,6,77.68,466.08,West,Debit Card
8008,2023-01-01,CUST_00892,Female,46,Clothing,Jacket,1,100.06,100.06,South,Debit Card
3715,2023-01-02,CUST_01621,Female,51,Home & Kitchen,Table Lamp,3,109.95,329.85,East,Credit Card
5979,2023-01-02,CUST_00533,Male,50,Electronics,Bluetooth Speaker,3,171.1,513.3,West,Debit Card
8583,2023-01-02,CUST_01231,Female,69,Beauty,Perfume,2,93.04,186.08,South,UPI
3912,2023-01-02,CUST_00083,Female,28,Clothing,Dress,3,119.48,358.44,West,UPI
5130,2023-01-02,CUST_00051,Female,51,Beauty,Eye Shadow,3,58.88,176.64,North,Debit Card
10439,2023-01-02,CUST_00053,Male,32,Clothing,Shorts,1,124.11,124.11,East,Cash
3328,2023-01-02,CUST_00122,Male,60,Clothing,Shorts,1,124.94,124.94,North,UPI
7755,2023-01-02,CUST_01709,Female,65,Beauty,Lipstick,2,80.74,161.48,East,Credit Card
8915,2023-01-03,CUST_00747,Female,70,Sports,Dumbbells,3,51.51,154.53,West,Cash
4218,2023-01-03,CUST_01718,Female,62,Beauty,Eye Shadow,6,77.34,464.04,East,Credit Card
9481,2023-01-04,CUST_01322,Male,59,Food,Protein Bar,2,33.29,66.58,North,Credit Card
10707,2023-01-04,CUST_01960,Male,28,Clothing,Jeans,1,80.24,80.24,North,UPI
2922,2023-01-04,CUST_01769,Male,26,Clothing,Hoodie,4,21.18,84.72,North,UPI
10934,2023-01-04,CUST_00667,Female,19,Home & Kitchen,Blender,2,58.36,116.72,East,Debit Card
7123,2023-01-05,CUST_01006,Female,51,Home & Kitchen,Blender,4,236.02,944.08,West,Credit Card
9407,2023-01-05,CUST_01072,Male,23,Electronics,Tablet,2,210.94,421.88,North,Cash
7898,2023-01-05,CUST_00885,Female,69,Electronics,Tablet,2,745.79,1491.58,East,Credit Card
3612,2023-01-05,CUST_01196,Male,55,Home & Kitchen,Knife Set,7,207.26,1450.82,North,Credit Card
7738,2023-01-05,CUST_01062,Male,34,Sports,Yoga Mat,2,37.84,75.68,East,Credit Card
1822,2023-01-06,CUST_01507,Male,45,Food,Dark Chocolate,1,11.23,11.23,South,Debit Card
5412,2023-01-06,CUST_01039,Female,30,Sports,Yoga Mat,1,145.57,145.57,West,Credit Card
9874,2023-01-06,CUST_01331,Male,18,Home & Kitchen,Storage Container,1,247.62,247.62,North,Credit Card
3633,2023-01-06,CUST_01029,Male,56,Food,Dark Chocolate,1,26.9,26.9,South,Cash
2427,2023-01-06,CUST_00560,Male,68,Clothing,Jeans,5,18.78,93.9,West,Debit Card
1209,2023-01-07,CUST_00063,Male,21,Electronics,Smartphone,4,219.75,879.0,North,Credit Card
9953,2023-01-07,CUST_01902,Female,68,Beauty,Perfume,1,99.9,99.9,East,Credit Card
10180,2023-01-07,CUST_00363,Female,70,Food,Dark Chocolate,2,29.49,58.98,North,Cash
1073,2023-01-07,CUST_00623,Male,18,Beauty,Eye Shadow,1,56.89,56.89,South,UPI
4318,2023-01-07,CUST_01109,Female,49,Electronics,Laptop,2,228.12,456.24,West,Debit Card
10487,2023-01-07,CUST_00014,Male,49,Clothing,Hoodie,1,80.22,80.22,North,Credit Card
10866,2023-01-07,CUST_00319,Male,26,Clothing,Sneakers,1,65.5,65.5,South,Credit Card
2902,2023-01-07,CUST_00473,Female,48,Food,Green Tea,2,13.28,26.56,East,Credit Card
3295,2023-01-07,CUST_00795,Female,58,Beauty,Hair Oil,5,56.1,280.5,South,UPI
2484,2023-01-07,CUST_01935,Female,67,Beauty,Foundation,2,115.68,231.36,West,Credit Card
8723,2023-01-07,CUST_00364,Female,57,Home & Kitchen,Wall Clock,3,158.87,476.61,North,Cash
7572,2023-01-08,CUST_00475,Female,68,Food,Dark Chocolate,5,32.44,162.2,East,Debit Card
5504,2023-01-08,CUST_01319,Male,60,Clothing,Jacket,4,32.28,129.12,East,Debit Card
6340,2023-01-08,CUST_00307,Male,33,Sports,Dumbbells,4,9.21,36.84,South,Cash
4913,2023-01-08,CUST_00607,Female,61,Home & Kitchen,Blender,1,36.23,36.23,East,Debit Card
5901,2023-01-08,CUST_01147,Male,53,Home & Kitchen,Blender,2,128.29,256.58,East,Credit Card
2169,2023-01-08,CUST_00533,Male,50,Home & Kitchen,Storage Container,4,188.95,755.8,West,UPI
5771,2023-01-09,CUST_00598,Female,60,Sports,Running Shoes,1,73.93,73.93,North,Credit Card
7351,2023-01-09,CUST_00356,Male,25,Electronics,Smart Watch,3,95.37,286.11,West,Credit Card
7954,2023-01-09,CUST_00332,Female,70,Home & Kitchen,Blender,5,76.92,384.6,West,Debit Card
6948,2023-01-09,CUST_01210,Female,62,Electronics,Tablet,2,789.6,1579.2,East,UPI
6863,2023-01-09,CUST_00260,Male,38,Clothing,T-Shirt,2,56.21,112.42,East,UPI
4745,2023-01-09,CUST_00162,Female,58,Sports,Running Shoes,1,79.64,79.64,South,UPI
9181,2023-01-09,CUST_00783,Male,29,Electronics,Smart Watch,6,489.68,2938.08,North,Debit Card
1129,2023-01-09,CUST_01392,Male,36,Beauty,Moisturizer,2,95.46,190.92,West,UPI
6236,2023-01-09,CUST_00373,Female,59,Food,Green Tea,1,31.29,31.29,South,Credit Card
2516,2023-01-10,CUST_01181,Female,21,Clothing,Jeans,3,57.15,171.45,North,UPI
3762,2023-01-10,CUST_00309,Female,36,Electronics,Smart Watch,4,363.31,1453.24,North,Cash
10396,2023-01-10,CUST_01182,Male,32,Home & Kitchen,Blender,4,38.64,154.56,South,UPI
3296,2023-01-10,CUST_01997,Female,60,Beauty,Lipstick,4,104.86,419.44,East,UPI
4099,2023-01-10,CUST_00724,Male,56,Food,Olive Oil,3,33.2,99.6,East,Debit Card
4314,2023-01-10,CUST_00747,Female,70,Food,Dark Chocolate,1,28.27,28.27,West,Credit Card
8575,2023-01-10,CUST_00097,Male,28,Sports,Dumbbells,1,85.71,85.71,West,Cash
1206,2023-01-11,CUST_00291,Female,46,Sports,Cricket Bat,2,184.13,368.26,East,Cash
7534,2023-01-11,CUST_00167,Male,37,Clothing,Jacket,4,129.09,516.36,East,UPI
7554,2023-01-11,CUST_01947,Female,41,Sports,Football,1,188.59,188.59,North,Cash
3819,2023-01-11,CUST_01196,Male,55,Food,Protein Bar,4,32.56,130.24,North,Credit Card
6384,2023-01-11,CUST_01948,Male,65,Electronics,USB Cable,3,346.04,1038.12,West,Debit Card
8870,2023-01-11,CUST_00113,Female,44,Electronics,Power Bank,1,640.89,640.89,East,UPI
6858,2023-01-11,CUST_00094,Male,68,Home & Kitchen,Pillow,1,227.18,227.18,East,Cash
3529,2023-01-11,CUST_01591,Female,61,Clothing,T-Shirt,1,96.66,96.66,South,Debit Card
8863,2023-01-11,CUST_00981,Female,26,Beauty,Hair Oil,1,92.08,92.08,South,Cash
8101,2023-01-11,CUST_01374,Male,41,Food,Granola,2,16.84,33.68,South,UPI
4108,2023-01-11,CUST_01170,Female,55,Electronics,Smartphone,4,502.17,2008.68,South,Debit Card
10741,2023-01-12,CUST_01845,Female,60,Food,Green Tea,2,14.53,29.06,North,Cash
7504,2023-01-12,CUST_00094,Male,68,Food,Mixed Nuts,2,22.11,44.22,East,Cash
10397,2023-01-12,CUST_00270,Female,32,Home & Kitchen,Pillow,1,105.99,105.99,North,UPI
3693,2023-01-12,CUST_01418,Female,51,Home & Kitchen,Table Lamp,1,70.01,70.01,East,UPI
9592,2023-01-12,CUST_01574,Female,19,Electronics,Power Bank,3,458.39,1375.17,North,Cash
8231,2023-01-12,CUST_00842,Female,25,Beauty,Hair Oil,5,21.89,109.45,East,Cash
2887,2023-01-12,CUST_00044,Male,26,Beauty,Sunscreen,5,71.61,358.05,East,UPI
9895,2023-01-12,CUST_01103,Female,39,Sports,Running Shoes,4,77.89,311.56,South,Cash
6475,2023-01-12,CUST_00958,Female,58,Home & Kitchen,Wall Clock,2,149.46,298.92,East,UPI
2284,2023-01-12,CUST_00077,Male,66,Home & Kitchen,Table Lamp,2,90.2,180.4,West,Cash
5757,2023-01-12,CUST_01454,Male,53,Food,Green Tea,1,4.82,4.82,North,UPI
4272,2023-01-12,CUST_00006,Female,21,Home & Kitchen,Blender,2,169.59,339.18,North,Cash
9681,2023-01-12,CUST_01790,Male,68,Clothing,Shorts,3,139.01,417.03,West,UPI
5688,2023-01-13,CUST_01128,Male,26,Beauty,Hair Oil,6,14.3,85.8,West,Cash
4711,2023-01-13,CUST_00833,Female,34,Electronics,Smart Watch,3,351.95,1055.85,North,Credit Card
7484,2023-01-13,CUST_01796,Female,62,Electronics,Smartphone,3,532.86,1598.58,North,UPI
9253,2023-01-13,CUST_00062,Male,53,Home & Kitchen,Bedsheet,4,218.12,872.48,North,Credit Card
4783,2023-01-13,CUST_00293,Male,60,Home & Kitchen,Knife Set,1,134.53,134.53,West,UPI
3350,2023-01-13,CUST_00820,Female,19,Sports,Resistance Band,4,148.86,595.44,South,Debit Card
1408,2023-01-13,CUST_01622,Female,55,Sports,Water Bottle,4,40.62,162.48,West,Credit Card
6302,2023-01-13,CUST_01065,Male,68,Sports,Running Shoes,5,189.62,948.1,West,Debit Card
4965,2023-01-14,CUST_00386,Male,61,Food,Protein Bar,3,14.89,44.67,West,UPI
3978,2023-01-14,CUST_00099,Female,40,Sports,Running Shoes,3,170.6,511.8,North,UPI
9424,2023-01-14,CUST_00018,Male,47,Electronics,USB Cable,1,763.81,763.81,North,Cash
1946,2023-01-14,CUST_01585,Male,24,Home & Kitchen,Pillow,1,231.82,231.82,East,Debit Card
2265,2023-01-14,CUST_01745,Female,59,Electronics,USB Cable,4,624.45,2497.8,South,Cash
3361,2023-01-14,CUST_01832,Female,22,Clothing,Jeans,3,45.12,135.36,South,Credit Card
9964,2023-01-14,CUST_00146,Male,30,Electronics,Bluetooth Speaker,1,336.41,336.41,South,Credit Card
1457,2023-01-14,CUST_00279,Female,59,Electronics,Power Bank,2,762.29,1524.58,West,Debit Card
9985,2023-01-14,CUST_01434,Male,63,Home & Kitchen,Wall Clock,3,71.86,215.58,East,UPI
2744,2023-01-14,CUST_01448,Male,18,Beauty,Moisturizer,2,40.51,81.02,East,Cash
10381,2023-01-15,CUST_01582,Male,59,Food,Peanut Butter,2,14.31,28.62,East,Cash
8598,2023-01-15,CUST_01451,Female,57,Beauty,Eye Shadow,6,15.05,90.3,East,UPI
9694,2023-01-15,CUST_00672,Female,56,Home & Kitchen,Storage Container,5,46.95,234.75,West,Cash
6070,2023-01-15,CUST_00855,Female,53,Food,Green Tea,5,12.5,62.5,South,Credit Card
2753,2023-01-15,CUST_01596,Female,34,Food,Mixed Nuts,4,30.81,123.24,East,Credit Card
3225,2023-01-15,CUST_00943,Female,42,Clothing,Shorts,3,75.28,225.84,West,Credit Card
1471,2023-01-15,CUST_00354,Male,54,Electronics,Tablet,1,96.9,96.9,North,Credit Card
2800,2023-01-15,CUST_00026,Female,51,Clothing,Sneakers,3,34.45,103.35,South,Debit Card
3818,2023-01-15,CUST_00475,Female,68,Home & Kitchen,Storage Container,2,157.82,315.64,East,Debit Card
4008,2023-01-15,CUST_01902,Female,68,Electronics,Power Bank,4,493.98,1975.92,East,Credit Card
10943,2023-01-15,CUST_00310,Female,22,Clothing,Dress,4,44.05,176.2,East,Credit Card
8784,2023-01-16,CUST_00150,Male,25,Electronics,Tablet,2,733.21,1466.42,West,Debit Card
5813,2023-01-16,CUST_01939,Male,34,Clothing,Formal Shirt,1,132.73,132.73,East,Credit Card
9865,2023-01-16,CUST_01802,Male,41,Beauty,Sunscreen,2,118.37,236.74,South,UPI
1899,2023-01-16,CUST_01948,Male,65,Home & Kitchen,Blender,4,27.14,108.56,West,Cash
1841,2023-01-16,CUST_01310,Female,50,Electronics,Headphones,6,571.45,3428.7,West,Debit Card
5156,2023-01-16,CUST_00764,Male,69,Home & Kitchen,Knife Set,3,118.84,356.52,West,UPI
7813,2023-01-16,CUST_01357,Male,45,Clothing,Sneakers,1,31.89,31.89,North,Cash
6991,2023-01-16,CUST_01021,Male,45,Home & Kitchen,Pillow,1,157.97,157.97,South,Cash
8478,2023-01-16,CUST_00212,Female,51,Food,Organic Honey,5,37.32,186.6,West,Credit Card
3132,2023-01-16,CUST_00876,Female,43,Electronics,Tablet,2,118.16,236.32,East,Debit Card
6347,2023-01-17,CUST_01995,Female,56,Home & Kitchen,Storage Container,2,249.07,498.14,North,Cash
5097,2023-01-17,CUST_00342,Female,31,Food,Green Tea,1,36.53,36.53,South,UPI
8850,2023-01-17,CUST_01108,Female,19,Electronics,USB Cable,1,186.15,186.15,South,UPI
4118,2023-01-17,CUST_01854,Female,42,Electronics,Power Bank,2,185.72,371.44,West,UPI
6986,2023-01-17,CUST_01984,Female,27,Home & Kitchen,Knife Set,2,151.68,303.36,North,UPI
5547,2023-01-17,CUST_01808,Female,65,Beauty,Hair Oil,3,80.77,242.31,East,UPI
9266,2023-01-17,CUST_01067,Male,21,Clothing,Formal Shirt,6,130.51,783.06,South,Debit Card
10836,2023-01-18,CUST_00227,Female,43,Beauty,Face Wash,3,89.16,267.48,North,Credit Card
9619,2023-01-18,CUST_00822,Male,45,Food,Mixed Nuts,3,35.66,106.98,East,Credit Card
4420,2023-01-18,CUST_01780,Female,64,Home & Kitchen,Blender,1,49.74,49.74,East,Debit Card
9066,2023-01-18,CUST_01963,Female,53,Food,Organic Honey,5,32.42,162.1,East,Cash
10793,2023-01-18,CUST_00780,Female,53,Beauty,Lipstick,2,46.44,92.88,West,Cash
1333,2023-01-18,CUST_00261,Female,36,Home & Kitchen,Wall Clock,5,227.74,1138.7,North,Credit Card
1564,2023-01-18,CUST_00181,Female,19,Sports,Resistance Band,2,42.52,85.04,North,UPI
3534,2023-01-18,CUST_00902,Male,59,Food,Olive Oil,4,17.54,70.16,South,UPI
3683,2023-01-18,CUST_01147,Male,53,Sports,Yoga Mat,5,173.17,865.85,East,UPI
4088,2023-01-19,CUST_00742,Male,33,Food,Mixed Nuts,5,30.89,154.45,North,Debit Card
1245,2023-01-19,CUST_00226,Female,36,Electronics,Headphones,4,69.11,276.44,South,Credit Card
9213,2023-01-19,CUST_01927,Male,66,Food,Green Tea,3,15.12,45.36,East,Credit Card
9470,2023-01-19,CUST_01203,Female,22,Electronics,USB Cable,2,97.06,194.12,West,Debit Card
4067,2023-01-19,CUST_01726,Female,43,Sports,Water Bottle,6,78.08,468.48,East,Credit Card
10192,2023-01-19,CUST_01211,Male,62,Beauty,Eye Shadow,4,41.88,167.52,East,Cash
6134,2023-01-20,CUST_00395,Female,42,Electronics,Tablet,2,31.92,63.84,West,UPI
1172,2023-01-20,CUST_00769,Female,30,Electronics,Bluetooth Speaker,1,134.01,134.01,West,Credit Card
6844,2023-01-20,CUST_00709,Female,30,Sports,Cricket Bat,2,42.57,85.14,West,Cash
5136,2023-01-20,CUST_01296,Female,65,Electronics,Power Bank,4,353.71,1414.84,North,Debit Card
7686,2023-01-20,CUST_00386,Male,61,Home & Kitchen,Wall Clock,4,232.53,930.12,West,Credit Card
4946,2023-01-20,CUST_01773,Female,62,Food,Organic Honey,2,32.55,65.1,South,Credit Card
5056,2023-01-20,CUST_01514,Male,43,Home & Kitchen,Blender,3,203.03,609.09,North,Credit Card
6982,2023-01-21,CUST_00762,Female,46,Clothing,Jeans,4,139.75,559.0,North,Debit Card
6639,2023-01-21,CUST_00536,Male,33,Clothing,Formal Shirt,1,54.54,54.54,West,Debit Card
6785,2023-01-21,CUST_01060,Male,32,Sports,Yoga Mat,2,61.54,123.08,North,Debit Card
3709,2023-01-21,CUST_00495,Male,43,Sports,Cricket Bat,3,123.29,369.87,West,Cash
3704,2023-01-21,CUST_01760,Female,51,Home & Kitchen,Blender,3,127.96,383.88,East,Credit Card
3213,2023-01-22,CUST_01120,Male,54,Home & Kitchen,Storage Container,2,144.67,289.34,North,UPI
1795,2023-01-22,CUST_00464,Female,55,Food,Mixed Nuts,1,30.96,30.96,East,UPI
7135,2023-01-22,CUST_01375,Female,60,Home & Kitchen,Storage Container,2,140.14,280.28,North,Credit Card
10738,2023-01-22,CUST_00403,Male,49,Beauty,Foundation,5,113.11,565.55,South,Credit Card
7254,2023-01-22,CUST_00630,Male,59,Home & Kitchen,Cookware Set,3,70.01,210.03,East,UPI
9288,2023-01-22,CUST_00805,Female,42,Food,Granola,5,7.19,35.95,South,Credit Card
1372,2023-01-22,CUST_01085,Female,60,Food,Protein Bar,1,5.74,5.74,South,Cash
1937,2023-01-22,CUST_01468,Male,20,Electronics,Power Bank,2,542.4,1084.8,South,UPI
2074,2023-01-22,CUST_01753,Female,34,Home & Kitchen,Wall Clock,4,186.49,745.96,West,UPI
2514,2023-01-22,CUST_01604,Female,53,Beauty,Moisturizer,1,59.05,59.05,South,Cash
4264,2023-01-22,CUST_01906,Female,20,Clothing,Shorts,5,67.53,337.65,East,Debit Card
9532,2023-01-22,CUST_00549,Female,66,Electronics,Smartphone,3,503.05,1509.15,South,UPI
8086,2023-01-22,CUST_01972,Female,23,Beauty,Perfume,3,57.1,171.3,South,Cash
4224,2023-01-23,CUST_00086,Male,57,Clothing,Sneakers,4,88.29,353.16,East,Debit Card
10638,2023-01-23,CUST_00353,Female,28,Beauty,Moisturizer,3,118.89,356.67,West,UPI
4471,2023-01-23,CUST_00661,Male,52,Home & Kitchen,Wall Clock,2,100.93,201.86,North,Credit Card
3517,2023-01-23,CUST_01009,Female,53,Clothing,Jeans,1,138.13,138.13,East,UPI
10237,2023-01-23,CUST_00351,Female,60,Sports,Yoga Mat,3,196.91,590.73,South,Debit Card
2747,2023-01-23,CUST_01491,Female,21,Home & Kitchen,Knife Set,1,31.63,31.63,South,UPI
10601,2023-01-23,CUST_00763,Female,25,Electronics,USB Cable,3,196.17,588.51,East,Credit Card
9845,2023-01-23,CUST_01231,Female,69,Clothing,Hoodie,4,137.24,548.96,South,Debit Card
4690,2023-01-23,CUST_01329,Female,23,Clothing,Dress,4,127.38,509.52,North,UPI
1641,2023-01-24,CUST_01578,Male,68,Beauty,Foundation,5,13.81,69.05,South,Debit Card
10790,2023-01-24,CUST_00442,Female,35,Home & Kitchen,Wall Clock,6,199.11,1194.66,East,Cash
10462,2023-01-24,CUST_00107,Male,66,Home & Kitchen,Table Lamp,4,179.4,717.6,East,Credit Card
6943,2023-01-24,CUST_01904,Male,67,Sports,Football,2,60.71,121.42,South,UPI
7855,2023-01-24,CUST_01180,Male,48,Food,Peanut Butter,2,12.15,24.3,South,Debit Card
1883,2023-01-24,CUST_00288,Male,67,Beauty,Hair Oil,1,46.84,46.84,East,UPI
6859,2023-01-24,CUST_00934,Female,51,Beauty,Moisturizer,2,6.58,13.16,East,Cash
9761,2023-01-24,CUST_00394,Male,26,Electronics,Smart Watch,2,277.66,555.32,West,Cash
3686,2023-01-24,CUST_01564,Female,62,Beauty,Moisturizer,3,33.23,99.69,South,Debit Card
9625,2023-01-25,CUST_01487,Male,35,Electronics,Power Bank,7,144.29,1010.03,West,UPI
5552,2023-01-25,CUST_00314,Female,43,Clothing,Shorts,4,132.7,530.8,North,UPI
8048,2023-01-25,CUST_01930,Female,39,Sports,Running Shoes,4,9.33,37.32,North,Cash
8810,2023-01-25,CUST_00090,Male,53,Home & Kitchen,Knife Set,2,75.82,151.64,South,Credit Card
7950,2023-01-25,CUST_01633,Male,39,Sports,Resistance Band,3,66.48,199.44,West,Credit Card
1011,2023-01-25,CUST_01082,Male,64,Food,Granola,1,38.35,38.35,South,Credit Card
7090,2023-01-26,CUST_01343,Female,65,Home & Kitchen,Table Lamp,3,182.43,547.29,North,Cash
2814,2023-01-26,CUST_00670,Male,32,Clothing,Jeans,3,56.34,169.02,South,Credit Card
7442,2023-01-26,CUST_00918,Female,40,Home & Kitchen,Bedsheet,2,200.08,400.16,North,Credit Card
2050,2023-01-26,CUST_00183,Male,60,Food,Protein Bar,5,13.44,67.2,North,Credit Card
10640,2023-01-26,CUST_01513,Male,39,Sports,Skipping Rope,3,37.99,113.97,North,Credit Card
6173,2023-01-26,CUST_00938,Female,40,Home & Kitchen,Storage Container,6,230.4,1382.4,North,UPI
5235,2023-01-26,CUST_00704,Female,23,Electronics,Laptop,4,760.5,3042.0,West,UPI
6294,2023-01-27,CUST_00491,Female,38,Sports,Skipping Rope,1,43.91,43.91,North,Credit Card
5327,2023-01-27,CUST_01433,Male,61,Beauty,Perfume,1,64.13,64.13,North,Credit Card
1926,2023-01-27,CUST_01069,Female,27,Electronics,Tablet,4,522.85,2091.4,East,UPI
3019,2023-01-27,CUST_01984,Female,27,Electronics,Laptop,3,62.03,186.09,North,Credit Card
9264,2023-01-27,CUST_01221,Male,70,Food,Green Tea,3,17.42,52.26,North,Cash
9526,2023-01-27,CUST_01794,Male,48,Electronics,Power Bank,1,575.4,575.4,North,Debit Card
2203,2023-01-27,CUST_00735,Male,25,Sports,Dumbbells,1,155.64,155.64,North,Cash
7185,2023-01-27,CUST_00232,Female,25,Electronics,USB Cable,2,88.8,177.6,South,Debit Card
4162,2023-01-27,CUST_01869,Female,27,Sports,Dumbbells,3,128.28,384.84,South,UPI
10400,2023-01-27,CUST_01336,Male,55,Home & Kitchen,Storage Container,1,158.12,158.12,East,Credit Card
9438,2023-01-27,CUST_01540,Female,57,Food,Olive Oil,3,34.27,102.81,West,Credit Card
4413,2023-01-27,CUST_01899,Male,36,Home & Kitchen,Knife Set,1,169.0,169.0,East,Debit Card
8513,2023-01-27,CUST_01210,Female,62,Food,Granola,5,4.95,24.75,East,Cash
5520,2023-01-27,CUST_00591,Female,56,Clothing,Formal Shirt,4,133.59,534.36,North,Credit Card
9146,2023-01-27,CUST_01571,Male,42,Home & Kitchen,Storage Container,4,164.77,659.08,West,Debit Card
8435,2023-01-28,CUST_00701,Male,49,Home & Kitchen,Pillow,1,12.98,12.98,North,Credit Card
1378,2023-01-28,CUST_00732,Female,57,Home & Kitchen,Blender,2,128.5,257.0,East,Credit Card
3422,2023-01-28,CUST_00638,Female,63,Electronics,Smart Watch,5,727.67,3638.35,South,Cash
10901,2023-01-28,CUST_00785,Male,49,Food,Mixed Nuts,3,35.37,106.11,West,Cash
8274,2023-01-28,CUST_01655,Male,18,Clothing,Sneakers,4,78.9,315.6,North,Debit Card
5418,2023-01-29,CUST_00851,Female,45,Home & Kitchen,Pillow,1,30.23,30.23,West,Cash
3720,2023-01-29,CUST_00086,Male,57,Home & Kitchen,Blender,4,40.97,163.88,East,UPI
4951,2023-01-29,CUST_01594,Male,31,Food,Dark Chocolate,2,33.58,67.16,South,UPI
8640,2023-01-29,CUST_01897,Female,65,Food,Dark Chocolate,4,26.14,104.56,West,Credit Card
10215,2023-01-29,CUST_01571,Male,42,Electronics,USB Cable,1,563.68,563.68,West,UPI
5508,2023-01-29,CUST_01393,Female,44,Sports,Dumbbells,2,111.09,222.18,West,Cash
2577,2023-01-29,CUST_00717,Male,58,Home & Kitchen,Table Lamp,2,233.26,466.52,West,UPI
2971,2023-01-29,CUST_01985,Male,22,Electronics,Smart Watch,2,371.93,743.86,West,Credit Card
10279,2023-01-29,CUST_01816,Male,33,Clothing,Hoodie,2,116.71,233.42,East,UPI
10682,2023-01-29,CUST_01865,Male,22,Clothing,Hoodie,1,104.4,104.4,South,Credit Card
8392,2023-01-30,CUST_01543,Male,36,Food,Olive Oil,3,7.31,21.93,South,Credit Card
2202,2023-01-30,CUST_01676,Female,45,Electronics,Bluetooth Speaker,7,435.38,3047.66,West,Debit Card
4669,2023-01-30,CUST_01797,Female,67,Home & Kitchen,Pillow,4,126.61,506.44,South,Debit Card
9243,2023-01-30,CUST_00189,Female,58,Home & Kitchen,Knife Set,3,82.31,246.93,North,Debit Card
8789,2023-01-30,CUST_01743,Male,60,Beauty,Perfume,2,108.67,217.34,East,Debit Card
7527,2023-01-30,CUST_00078,Male,19,Sports,Skipping Rope,1,80.76,80.76,West,Credit Card
1238,2023-01-30,CUST_00033,Female,36,Sports,Resistance Band,4,63.93,255.72,North,UPI
6566,2023-01-30,CUST_00755,Male,47,Electronics,Smartphone,2,423.34,846.68,East,Cash
2048,2023-01-30,CUST_01022,Female,51,Beauty,Foundation,1,32.81,32.81,East,Cash
3976,2023-01-31,CUST_00478,Female,68,Food,Granola,5,17.25,86.25,East,Credit Card
4926,2023-01-31,CUST_01919,Female,59,Home & Kitchen,Pillow,1,206.75,206.75,East,Debit Card
2503,2023-01-31,CUST_01767,Female,47,Food,Granola,2,28.56,57.12,West,Cash
2697,2023-01-31,CUST_01616,Female,26,Clothing,Hoodie,1,89.79,89.79,South,UPI
7498,2023-01-31,CUST_01809,Female,67,Home & Kitchen,Pillow,4,40.76,163.04,West,UPI
5487,2023-01-31,CUST_01520,Female,42,Beauty,Hair Oil,4,56.25,225.0,West,Credit Card
1099,2023-01-31,CUST_01740,Female,26,Beauty,Foundation,1,76.85,76.85,West,Credit Card
5889,2023-01-31,CUST_00716,Female,38,Electronics,Bluetooth Speaker,3,358.71,1076.13,West,Debit Card
3398,2023-01-31,CUST_01862,Female,19,Electronics,Smartphone,3,546.54,1639.62,East,Cash
1313,2023-01-31,CUST_01548,Male,40,Food,Mixed Nuts,1,19.8,19.8,West,UPI
8776,2023-01-31,CUST_00995,Female,67,Food,Peanut Butter,5,3.01,15.05,West,UPI
5197,2023-01-31,CUST_00325,Male,42,Electronics,Bluetooth Speaker,2,135.88,271.76,North,UPI
1875,2023-01-31,CUST_00488,Female,27,Beauty,Face Wash,2,11.95,23.9,North,UPI
1516,2023-02-01,CUST_00302,Male,33,Food,Mixed Nuts,5,25.68,128.4,North,UPI
9280,2023-02-01,CUST_01124,Female,19,Clothing,Formal Shirt,5,25.76,128.8,East,UPI
2970,2023-02-01,CUST_00862,Male,36,Home & Kitchen,Bedsheet,5,246.19,1230.95,East,Debit Card
6647,2023-02-01,CUST_00248,Female,32,Home & Kitchen,Wall Clock,2,222.12,444.24,South,Debit Card
1357,2023-02-01,CUST_01422,Male,27,Clothing,T-Shirt,6,65.09,390.54,South,Debit Card
1902,2023-02-01,CUST_00840,Female,21,Home & Kitchen,Wall Clock,4,148.79,595.16,North,Cash
1879,2023-02-02,CUST_00823,Male,69,Clothing,Shorts,3,92.22,276.66,South,Debit Card
6300,2023-02-02,CUST_01017,Female,36,Electronics,Laptop,4,643.1,2572.4,North,Cash
3414,2023-02-02,CUST_01092,Male,63,Home & Kitchen,Cookware Set,1,247.23,247.23,East,Debit Card
3081,2023-02-02,CUST_01649,Male,64,Clothing,Hoodie,3,15.06,45.18,South,Credit Card
7383,2023-02-03,CUST_01578,Male,68,Food,Olive Oil,2,37.73,75.46,South,Credit Card
8107,2023-02-03,CUST_01330,Female,24,Beauty,Perfume,3,79.72,239.16,North,Credit Card
9299,2023-02-03,CUST_01081,Male,18,Beauty,Lipstick,4,107.22,428.88,North,Credit Card
6775,2023-02-03,CUST_00585,Male,48,Home & Kitchen,Cookware Set,5,57.36,286.8,East,Debit Card
4963,2023-02-03,CUST_00048,Female,51,Beauty,Hair Oil,1,110.37,110.37,West,Credit Card
5100,2023-02-03,CUST_00074,Female,52,Home & Kitchen,Wall Clock,4,20.9,83.6,West,Debit Card
9853,2023-02-04,CUST_01808,Female,65,Beauty,Face Wash,4,11.37,45.48,East,Cash
7320,2023-02-04,CUST_01676,Female,45,Clothing,Jeans,1,70.02,70.02,West,UPI
3830,2023-02-04,CUST_00327,Female,34,Clothing,Formal Shirt,2,91.26,182.52,West,UPI
1558,2023-02-04,CUST_01336,Male,55,Home & Kitchen,Storage Container,1,178.84,178.84,East,UPI
2160,2023-02-04,CUST_01897,Female,65,Home & Kitchen,Bedsheet,3,243.32,729.96,West,Credit Card
10919,2023-02-04,CUST_00442,Female,35,Electronics,Smartphone,1,597.27,597.27,East,Cash
9313,2023-02-04,CUST_00892,Female,46,Electronics,Headphones,2,361.11,722.22,South,Credit Card
2455,2023-02-05,CUST_00435,Male,40,Home & Kitchen,Cookware Set,5,53.09,265.45,West,Credit Card
4696,2023-02-05,CUST_00517,Male,44,Home & Kitchen,Blender,1,249.8,249.8,East,Debit Card
10046,2023-02-05,CUST_01670,Female,19,Sports,Football,1,154.37,154.37,South,Credit Card
4655,2023-02-05,CUST_00740,Male,27,Electronics,USB Cable,2,28.73,57.46,South,Debit Card
4504,2023-02-05,CUST_01716,Female,25,Electronics,Power Bank,1,508.18,508.18,North,UPI
2436,2023-02-05,CUST_00584,Male,38,Clothing,Jacket,1,84.01,84.01,South,UPI
10910,2023-02-05,CUST_01792,Female,70,Home & Kitchen,Wall Clock,2,40.5,81.0,North,Credit Card
6439,2023-02-05,CUST_01739,Male,27,Home & Kitchen,Pillow,2,213.38,426.76,North,UPI
8706,2023-02-06,CUST_01331,Male,18,Clothing,T-Shirt,1,66.27,66.27,North,Cash
10069,2023-02-06,CUST_01624,Male,22,Clothing,Hoodie,3,133.68,401.04,North,Debit Card
8966,2023-02-06,CUST_00020,Male,63,Beauty,Sunscreen,4,35.42,141.68,South,Debit Card
8310,2023-02-06,CUST_00607,Female,61,Food,Olive Oil,2,19.61,39.22,East,UPI
7990,2023-02-06,CUST_01504,Female,24,Beauty,Perfume,3,109.59,328.77,East,UPI
1975,2023-02-06,CUST_00452,Male,40,Clothing,T-Shirt,4,15.14,60.56,South,Cash
2340,2023-02-06,CUST_01381,Male,26,Home & Kitchen,Storage Container,3,121.26,363.78,West,Cash
9048,2023-02-06,CUST_01607,Female,19,Electronics,Tablet,3,665.59,1996.77,South,UPI
4383,2023-02-06,CUST_00273,Male,25,Electronics,Bluetooth Speaker,1,488.82,488.82,West,Cash
8782,2023-02-06,CUST_00842,Female,25,Beauty,Moisturizer,3,40.43,121.29,East,Credit Card
3419,2023-02-06,CUST_01149,Male,60,Beauty,Sunscreen,1,38.92,38.92,East,Debit Card
2234,2023-02-06,CUST_00140,Female,53,Home & Kitchen,Bedsheet,2,21.14,42.28,North,Cash
1291,2023-02-06,CUST_00759,Female,48,Home & Kitchen,Table Lamp,2,96.57,193.14,North,Credit Card
8872,2023-02-07,CUST_00376,Female,63,Beauty,Hair Oil,4,56.4,225.6,North,Debit Card
10173,2023-02-07,CUST_01527,Male,30,Electronics,Bluetooth Speaker,3,151.74,455.22,West,Cash
1101,2023-02-07,CUST_01609,Male,35,Food,Mixed Nuts,2,27.74,55.48,West,Credit Card
4489,2023-02-07,CUST_00126,Male,58,Food,Granola,1,35.71,35.71,South,UPI
2301,2023-02-07,CUST_00645,Female,28,Electronics,Headphones,2,365.95,731.9,West,Debit Card
2289,2023-02-08,CUST_00296,Female,31,Electronics,Bluetooth Speaker,5,681.21,3406.05,East,Credit Card
4842,2023-02-08,CUST_01799,Male,30,Electronics,USB Cable,1,455.78,455.78,North,UPI
4795,2023-02-08,CUST_01471,Female,44,Home & Kitchen,Cookware Set,5,102.57,512.85,West,Debit Card
3183,2023-02-08,CUST_00578,Female,48,Electronics,USB Cable,2,44.02,88.04,South,Debit Card
8968,2023-02-08,CUST_01983,Female,19,Clothing,Jeans,5,63.21,316.05,East,Debit Card
7156,2023-02-08,CUST_01794,Male,48,Electronics,Smartphone,2,127.81,255.62,North,UPI
10742,2023-02-08,CUST_01774,Male,38,Food,Peanut Butter,1,35.73,35.73,South,Cash
7444,2023-02-08,CUST_01429,Male,39,Home & Kitchen,Table Lamp,1,28.87,28.87,West,Credit Card
9348,2023-02-08,CUST_01486,Female,56,Food,Peanut Butter,3,8.29,24.87,West,Debit Card
2248,2023-02-08,CUST_00508,Female,34,Clothing,Jeans,2,71.96,143.92,West,Cash
10989,2023-02-09,CUST_00894,Male,66,Home & Kitchen,Table Lamp,1,103.84,103.84,North,Cash
1765,2023-02-09,CUST_00916,Female,65,Home & Kitchen,Wall Clock,2,216.33,432.66,East,Debit Card
2020,2023-02-09,CUST_00347,Female,51,Home & Kitchen,Bedsheet,1,243.5,243.5,North,UPI
4385,2023-02-09,CUST_01138,Female,66,Beauty,Sunscreen,3,39.96,119.88,West,Debit Card
8711,2023-02-09,CUST_01182,Male,32,Home & Kitchen,Storage Container,3,139.43,418.29,South,Debit Card
6676,2023-02-09,CUST_01553,Male,68,Electronics,Smart Watch,6,452.85,2717.1,West,Debit Card
3011,2023-02-09,CUST_00761,Male,53,Electronics,Smartphone,2,452.83,905.66,East,Credit Card
10539,2023-02-09,CUST_01032,Male,67,Clothing,Jeans,1,64.46,64.46,South,Cash
10548,2023-02-09,CUST_01760,Female,51,Food,Dark Chocolate,1,17.61,17.61,East,Cash
4664,2023-02-10,CUST_00706,Male,58,Home & Kitchen,Knife Set,2,132.5,265.0,East,Debit Card
9633,2023-02-10,CUST_01265,Female,42,Electronics,Smart Watch,2,73.31,146.62,North,Cash
6174,2023-02-10,CUST_01749,Female,31,Electronics,Smartphone,3,621.57,1864.71,North,Debit Card
5011,2023-02-10,CUST_00247,Female,62,Food,Dark Chocolate,2,27.91,55.82,South,Cash
6526,2023-02-10,CUST_00429,Female,61,Sports,Water Bottle,1,39.27,39.27,North,Credit Card
9883,2023-02-10,CUST_00471,Female,29,Food,Mixed Nuts,1,24.63,24.63,North,Debit Card
8067,2023-02-10,CUST_01466,Male,45,Sports,Football,1,149.37,149.37,South,Credit Card
3242,2023-02-10,CUST_00582,Female,70,Home & Kitchen,Pillow,4,65.92,263.68,West,Debit Card
1043,2023-02-10,CUST_01577,Male,18,Beauty,Foundation,1,55.98,55.98,South,Debit Card
5743,2023-02-11,CUST_00146,Male,30,Electronics,USB Cable,6,315.04,1890.24,South,Credit Card
7076,2023-02-11,CUST_01130,Female,58,Food,Mixed Nuts,2,26.18,52.36,North,UPI
9663,2023-02-11,CUST_00375,Male,28,Home & Kitchen,Bedsheet,1,172.13,172.13,North,Credit Card
2904,2023-02-11,CUST_01418,Female,51,Home & Kitchen,Cookware Set,5,54.06,270.3,East,Debit Card
2403,2023-02-12,CUST_00786,Female,60,Food,Green Tea,1,11.96,11.96,South,UPI
3859,2023-02-12,CUST_01004,Male,35,Electronics,Bluetooth Speaker,2,560.81,1121.62,North,Credit Card
1857,2023-02-12,CUST_01266,Female,64,Beauty,Face Wash,1,19.94,19.94,West,Debit Card
1629,2023-02-12,CUST_00805,Female,42,Sports,Running Shoes,2,59.46,118.92,South,Credit Card
2651,2023-02-12,CUST_01309,Male,32,Food,Peanut Butter,3,7.83,23.49,East,Debit Card
1286,2023-02-12,CUST_01078,Female,61,Home & Kitchen,Table Lamp,4,56.65,226.6,North,Credit Card
7614,2023-02-12,CUST_01877,Male,44,Clothing,Sneakers,2,110.89,221.78,South,Debit Card
6066,2023-02-12,CUST_01082,Male,64,Clothing,Shorts,2,95.2,190.4,South,UPI
10749,2023-02-12,CUST_00570,Female,26,Electronics,Smart Watch,4,642.75,2571.0,South,Debit Card
3298,2023-02-12,CUST_01125,Female,27,Beauty,Moisturizer,1,66.22,66.22,North,Cash
6091,2023-02-12,CUST_01892,Male,39,Food,Granola,4,24.92,99.68,South,UPI
7331,2023-02-13,CUST_01097,Male,41,Home & Kitchen,Bedsheet,2,85.47,170.94,North,Credit Card
3900,2023-02-13,CUST_01207,Female,62,Food,Mixed Nuts,5,25.97,129.85,South,Cash
1292,2023-02-13,CUST_00790,Female,32,Sports,Dumbbells,5,93.89,469.45,West,Debit Card
7353,2023-02-13,CUST_01277,Female,23,Home & Kitchen,Wall Clock,1,202.86,202.86,East,Cash
2031,2023-02-13,CUST_00109,Male,38,Home & Kitchen,Bedsheet,3,19.37,58.11,North,Credit Card
8570,2023-02-13,CUST_01083,Female,39,Clothing,Sneakers,2,122.45,244.9,South,Credit Card
1146,2023-02-13,CUST_02000,Male,48,Sports,Resistance Band,3,104.49,313.47,North,Credit Card
6239,2023-02-14,CUST_01458,Female,32,Clothing,Jeans,4,140.34,561.36,South,Cash
8661,2023-02-14,CUST_00469,Female,45,Electronics,Power Bank,1,157.59,157.59,South,Debit Card
7903,2023-02-14,CUST_00498,Female,61,Electronics,Bluetooth Speaker,1,453.91,453.91,East,UPI
8960,2023-02-14,CUST_01192,Female,64,Beauty,Face Wash,3,84.44,253.32,West,UPI
2781,2023-02-14,CUST_00697,Male,31,Electronics,Smart Watch,2,744.1,1488.2,West,Credit Card
8472,2023-02-14,CUST_01946,Male,50,Electronics,Bluetooth Speaker,2,385.72,771.44,North,Cash
8801,2023-02-14,CUST_00623,Male,18,Electronics,Bluetooth Speaker,1,670.48,670.48,South,Debit Card
9922,2023-02-14,CUST_01572,Female,66,Home & Kitchen,Cookware Set,3,68.41,205.23,North,UPI
4389,2023-02-15,CUST_00064,Male,37,Food,Granola,4,32.09,128.36,South,UPI
2014,2023-02-15,CUST_01888,Female,57,Food,Organic Honey,3,31.49,94.47,West,Credit Card
5980,2023-02-15,CUST_01705,Male,69,Sports,Water Bottle,3,101.11,303.33,West,Debit Card
3858,2023-02-15,CUST_00835,Male,49,Beauty,Hair Oil,4,117.55,470.2,North,Cash
8317,2023-02-15,CUST_00753,Female,48,Home & Kitchen,Storage Container,4,174.3,697.2,East,Credit Card
7376,2023-02-15,CUST_00881,Female,57,Home & Kitchen,Table Lamp,4,24.94,99.76,East,Credit Card
3468,2023-02-15,CUST_01703,Female,29,Clothing,T-Shirt,4,55.43,221.72,East,Credit Card
6739,2023-02-15,CUST_00448,Male,46,Home & Kitchen,Blender,1,196.74,196.74,East,Credit Card
7980,2023-02-15,CUST_00382,Female,66,Food,Organic Honey,1,38.05,38.05,South,Debit Card
4960,2023-02-15,CUST_00557,Female,63,Home & Kitchen,Table Lamp,1,198.69,198.69,West,UPI
8001,2023-02-15,CUST_01306,Female,66,Beauty,Hair Oil,2,28.96,57.92,North,UPI
10664,2023-02-15,CUST_01757,Male,25,Electronics,Bluetooth Speaker,5,296.03,1480.15,South,Cash
6293,2023-02-15,CUST_00124,Female,18,Electronics,Laptop,1,30.05,30.05,East,Credit Card
4424,2023-02-15,CUST_00070,Male,35,Clothing,Hoodie,1,99.78,99.78,East,Debit Card
5748,2023-02-15,CUST_01522,Male,54,Home & Kitchen,Knife Set,4,138.11,552.44,North,Debit Card
2417,2023-02-15,CUST_00509,Female,39,Home & Kitchen,Cookware Set,4,237.49,949.96,East,Debit Card
10019,2023-02-15,CUST_01396,Male,45,Home & Kitchen,Bedsheet,2,21.01,42.02,South,Credit Card
4911,2023-02-15,CUST_00290,Female,64,Food,Organic Honey,2,33.67,67.34,South,Cash
3418,2023-02-15,CUST_01117,Female,22,Sports,Resistance Band,1,123.87,123.87,East,Credit Card
1611,2023-02-15,CUST_01092,Male,63,Home & Kitchen,Bedsheet,4,167.63,670.52,East,Debit Card
6100,2023-02-16,CUST_00466,Male,60,Food,Protein Bar,3,34.02,102.06,East,Debit Card
6605,2023-02-16,CUST_00725,Male,19,Clothing,Shorts,3,144.59,433.77,South,Credit Card
5318,2023-02-16,CUST_00027,Male,65,Electronics,Headphones,7,705.32,4937.24,South,Credit Card
6581,2023-02-16,CUST_00546,Female,27,Electronics,Laptop,3,153.76,461.28,East,Credit Card
9305,2023-02-16,CUST_01899,Male,36,Home & Kitchen,Storage Container,4,200.75,803.0,East,Credit Card
7926,2023-02-16,CUST_01461,Female,41,Home & Kitchen,Pillow,4,61.93,247.72,South,Credit Card
5839,2023-02-16,CUST_01709,Female,65,Food,Green Tea,2,10.94,21.88,East,UPI
9179,2023-02-16,CUST_01453,Male,61,Home & Kitchen,Bedsheet,1,85.92,85.92,East,UPI
4410,2023-02-16,CUST_00723,Male,50,Clothing,Jacket,2,135.1,270.2,South,Cash
9010,2023-02-16,CUST_00649,Male,21,Sports,Skipping Rope,2,185.38,370.76,West,Debit Card
4968,2023-02-16,CUST_00983,Male,43,Electronics,Bluetooth Speaker,2,320.97,641.94,East,Debit Card
6162,2023-02-16,CUST_00035,Male,68,Home & Kitchen,Pillow,1,184.17,184.17,East,Credit Card
2274,2023-02-16,CUST_01761,Female,66,Food,Organic Honey,4,22.81,91.24,North,Credit Card
2350,2023-02-16,CUST_00831,Male,36,Home & Kitchen,Blender,6,17.47,104.82,North,Debit Card
8027,2023-02-16,CUST_01924,Male,59,Sports,Water Bottle,2,74.32,148.64,North,Debit Card
5058,2023-02-16,CUST_00754,Female,36,Clothing,Dress,1,12.99,12.99,East,UPI
4638,2023-02-16,CUST_00568,Male,41,Clothing,Shorts,5,126.85,634.25,West,Credit Card
7459,2023-02-17,CUST_00717,Male,58,Home & Kitchen,Table Lamp,1,103.37,103.37,West,UPI
1169,2023-02-17,CUST_01110,Female,47,Food,Organic Honey,2,8.3,16.6,East,Credit Card
9043,2023-02-17,CUST_01627,Female,43,Beauty,Lipstick,1,10.46,10.46,North,UPI
1336,2023-02-17,CUST_01473,Male,65,Clothing,Dress,2,58.8,117.6,West,Credit Card
9809,2023-02-17,CUST_01406,Male,32,Clothing,Hoodie,2,91.06,182.12,West,Credit Card
8305,2023-02-17,CUST_00866,Female,19,Beauty,Perfume,2,52.85,105.7,North,Debit Card
1600,2023-02-17,CUST_00165,Male,25,Clothing,Sneakers,1,72.99,72.99,South,Credit Card
10053,2023-02-17,CUST_01235,Female,48,Sports,Skipping Rope,5,56.91,284.55,North,UPI
9836,2023-02-18,CUST_00399,Female,67,Electronics,USB Cable,3,19.84,59.52,South,Debit Card
2795,2023-02-18,CUST_01523,Male,66,Beauty,Perfume,1,5.22,5.22,West,Debit Card
2073,2023-02-18,CUST_01280,Male,61,Electronics,Laptop,2,579.34,1158.68,East,UPI
8352,2023-02-18,CUST_00738,Female,37,Beauty,Hair Oil,3,114.89,344.67,West,Credit Card
3204,2023-02-18,CUST_00893,Female,43,Food,Peanut Butter,2,9.09,18.18,West,UPI
6017,2023-02-18,CUST_01607,Female,19,Clothing,Sneakers,6,103.85,623.1,South,Credit Card
4875,2023-02-18,CUST_01159,Male,28,Clothing,Dress,3,57.62,172.86,West,Debit Card
2423,2023-02-18,CUST_01198,Male,54,Clothing,Jeans,2,17.57,35.14,North,Cash
2827,2023-02-18,CUST_01884,Female,50,Home & Kitchen,Table Lamp,1,146.03,146.03,South,Cash
5217,2023-02-18,CUST_01421,Female,32,Sports,Running Shoes,3,112.83,338.49,West,Debit Card
10900,2023-02-18,CUST_00548,Male,31,Food,Protein Bar,2,5.51,11.02,North,Debit Card
2867,2023-02-19,CUST_00683,Male,69,Beauty,Hair Oil,2,70.21,140.42,South,Credit Card
10251,2023-02-19,CUST_01014,Male,38,Home & Kitchen,Knife Set,2,210.27,420.54,South,Cash
3940,2023-02-19,CUST_01684,Male,22,Clothing,Jeans,2,92.36,184.72,North,Debit Card
1473,2023-02-19,CUST_01085,Female,60,Beauty,Hair Oil,1,114.62,114.62,South,Credit Card
5844,2023-02-19,CUST_00781,Male,35,Clothing,T-Shirt,3,84.04,252.12,West,Credit Card
3777,2023-02-20,CUST_00754,Female,36,Clothing,Formal Shirt,1,70.23,70.23,East,UPI
10604,2023-02-20,CUST_00833,Female,34,Home & Kitchen,Storage Container,1,35.38,35.38,North,Cash
2549,2023-02-20,CUST_01209,Male,62,Clothing,Formal Shirt,3,43.98,131.94,North,UPI
8258,2023-02-20,CUST_00878,Male,42,Home & Kitchen,Table Lamp,3,137.16,411.48,West,Cash
3366,2023-02-20,CUST_00576,Male,30,Clothing,Shorts,3,42.31,126.93,North,UPI
10492,2023-02-20,CUST_00618,Male,69,Beauty,Foundation,3,53.16,159.48,South,Debit Card
5390,2023-02-20,CUST_00414,Female,27,Clothing,T-Shirt,4,90.04,360.16,West,Credit Card
8098,2023-02-20,CUST_01852,Male,37,Electronics,USB Cable,2,205.05,410.1,South,UPI
8636,2023-02-20,CUST_01495,Female,44,Food,Dark Chocolate,1,29.1,29.1,East,Cash
6955,2023-02-21,CUST_00184,Male,65,Beauty,Foundation,2,23.87,47.74,South,Debit Card
10266,2023-02-21,CUST_00862,Male,36,Beauty,Face Wash,4,94.15,376.6,East,Credit Card
6984,2023-02-21,CUST_01406,Male,32,Electronics,Power Bank,2,505.9,1011.8,West,Debit Card
8905,2023-02-21,CUST_01728,Male,65,Beauty,Lipstick,1,59.32,59.32,West,Cash
3838,2023-02-21,CUST_01048,Female,25,Electronics,Laptop,2,528.3,1056.6,West,Credit Card
8880,2023-02-21,CUST_01668,Male,58,Beauty,Perfume,5,59.41,297.05,West,Credit Card
9850,2023-02-21,CUST_00657,Male,66,Beauty,Moisturizer,4,117.03,468.12,South,Cash
10446,2023-02-21,CUST_00002,Male,31,Food,Dark Chocolate,7,19.26,134.82,East,Cash
5090,2023-02-22,CUST_00959,Female,69,Beauty,Sunscreen,3,89.76,269.28,North,UPI
1348,2023-02-22,CUST_01834,Female,64,Beauty,Lipstick,1,67.82,67.82,East,Debit Card
1487,2023-02-22,CUST_01113,Female,35,Home & Kitchen,Pillow,2,212.88,425.76,South,Credit Card
1515,2023-02-22,CUST_00619,Male,70,Beauty,Moisturizer,2,13.46,26.92,North,Credit Card
2195,2023-02-22,CUST_01479,Female,66,Food,Granola,1,20.81,20.81,North,Credit Card
1059,2023-02-22,CUST_00870,Male,40,Clothing,Jacket,2,96.34,192.68,East,Debit Card
3284,2023-02-22,CUST_00557,Female,63,Food,Peanut Butter,1,17.26,17.26,West,Debit Card
6095,2023-02-22,CUST_00002,Male,31,Sports,Skipping Rope,2,122.27,244.54,East,Debit Card
5394,2023-02-22,CUST_01731,Female,21,Clothing,Formal Shirt,1,149.26,149.26,West,Cash
1335,2023-02-23,CUST_00136,Male,47,Electronics,Smart Watch,4,709.95,2839.8,South,Credit Card
1030,2023-02-23,CUST_00434,Female,21,Clothing,Shorts,3,128.34,385.02,North,UPI
8233,2023-02-23,CUST_01328,Male,51,Electronics,Power Bank,2,651.67,1303.34,South,UPI
8546,2023-02-23,CUST_00672,Female,56,Sports,Resistance Band,2,191.41,382.82,West,Debit Card
9104,2023-02-24,CUST_00328,Male,25,Electronics,Headphones,1,18.47,18.47,North,Cash
1958,2023-02-24,CUST_00685,Female,21,Electronics,Tablet,4,138.11,552.44,North,Credit Card
3607,2023-02-24,CUST_00791,Male,21,Beauty,Sunscreen,2,68.86,137.72,North,Debit Card
5677,2023-02-24,CUST_00063,Male,21,Electronics,Smart Watch,2,427.85,855.7,North,UPI
8246,2023-02-24,CUST_01126,Male,43,Sports,Resistance Band,5,144.61,723.05,South,Debit Card
10667,2023-02-24,CUST_00164,Female,33,Clothing,Dress,2,74.2,148.4,West,Credit Card
7944,2023-02-24,CUST_00208,Female,31,Home & Kitchen,Table Lamp,3,13.11,39.33,West,UPI
10629,2023-02-24,CUST_01915,Female,22,Sports,Dumbbells,5,154.81,774.05,North,Debit Card
7411,2023-02-25,CUST_00847,Male,36,Clothing,Shorts,3,144.05,432.15,West,Credit Card
2466,2023-02-25,CUST_01520,Female,42,Food,Protein Bar,7,38.93,272.51,West,Credit Card
3645,2023-02-25,CUST_00774,Female,52,Home & Kitchen,Cookware Set,3,181.68,545.04,South,Cash
9416,2023-02-25,CUST_00447,Male,57,Home & Kitchen,Bedsheet,2,20.22,40.44,East,Cash
7922,2023-02-25,CUST_01889,Female,50,Clothing,Dress,5,109.3,546.5,South,Cash
3232,2023-02-25,CUST_01658,Female,48,Electronics,Smart Watch,3,314.16,942.48,West,Credit Card
5342,2023-02-25,CUST_01289,Female,45,Home & Kitchen,Blender,1,117.17,117.17,South,Cash
5564,2023-02-26,CUST_00645,Female,28,Electronics,Smartphone,7,684.33,4790.31,West,Credit Card
7588,2023-02-26,CUST_01096,Female,35,Home & Kitchen,Wall Clock,3,196.69,590.07,East,Debit Card
9352,2023-02-26,CUST_00062,Male,53,Home & Kitchen,Pillow,1,134.24,134.24,North,Debit Card
6625,2023-02-26,CUST_01377,Female,67,Clothing,Jeans,3,132.43,397.29,West,Credit Card
6640,2023-02-26,CUST_01328,Male,51,Electronics,Smartphone,2,49.04,98.08,South,Cash
9840,2023-02-26,CUST_00739,Female,43,Home & Kitchen,Table Lamp,1,73.3,73.3,North,UPI
6415,2023-02-26,CUST_00349,Male,21,Electronics,Power Bank,7,267.82,1874.74,East,Credit Card
8914,2023-02-26,CUST_01820,Male,47,Clothing,Sneakers,2,86.11,172.22,West,Debit Card
6548,2023-02-26,CUST_00153,Male,33,Electronics,Power Bank,1,163.48,163.48,North,Cash
8705,2023-02-26,CUST_00338,Female,51,Electronics,Laptop,6,553.03,3318.18,East,Credit Card
5388,2023-02-26,CUST_00816,Female,40,Clothing,Sneakers,4,52.0,208.0,North,Debit Card
4663,2023-02-27,CUST_01984,Female,27,Electronics,Headphones,1,333.43,333.43,North,Debit Card
4672,2023-02-27,CUST_00750,Female,23,Home & Kitchen,Storage Container,4,198.07,792.28,West,Debit Card
7153,2023-02-27,CUST_01668,Male,58,Food,Protein Bar,3,32.13,96.39,West,Debit Card
5925,2023-02-27,CUST_01317,Male,36,Home & Kitchen,Cookware Set,2,150.47,300.94,West,Debit Card
3781,2023-02-27,CUST_00322,Male,60,Home & Kitchen,Storage Container,7,244.37,1710.59,West,Debit Card
3563,2023-02-27,CUST_00760,Female,64,Electronics,Power Bank,4,707.84,2831.36,East,Credit Card
4809,2023-02-27,CUST_01067,Male,21,Clothing,Formal Shirt,5,49.98,249.9,South,Debit Card
5108,2023-02-27,CUST_00181,Female,19,Clothing,Formal Shirt,2,103.7,207.4,North,Debit Card
10373,2023-02-27,CUST_00886,Female,41,Electronics,Laptop,5,555.68,2778.4,West,Credit Card
8337,2023-02-27,CUST_00292,Female,44,Beauty,Hair Oil,4,98.31,393.24,North,Credit Card
6977,2023-02-27,CUST_00120,Female,51,Home & Kitchen,Table Lamp,2,207.72,415.44,West,Credit Card
6288,2023-02-27,CUST_00767,Female,33,Clothing,Jeans,2,45.15,90.3,East,Credit Card
4994,2023-02-28,CUST_01337,Female,55,Electronics,Headphones,3,149.24,447.72,North,Debit Card
8257,2023-02-28,CUST_00422,Female,68,Clothing,Jacket,1,33.76,33.76,South,Credit Card
4959,2023-02-28,CUST_00162,Female,58,Home & Kitchen,Pillow,6,214.92,1289.52,South,Credit Card
3330,2023-02-28,CUST_01589,Male,51,Food,Peanut Butter,1,24.1,24.1,East,Credit Card
4979,2023-02-28,CUST_00900,Male,26,Beauty,Face Wash,2,42.49,84.98,East,Debit Card
10579,2023-02-28,CUST_00140,Female,53,Home & Kitchen,Pillow,1,142.94,142.94,North,Credit Card
5373,2023-02-28,CUST_01167,Male,45,Electronics,Headphones,1,790.79,790.79,North,UPI
5952,2023-02-28,CUST_00382,Female,66,Clothing,Formal Shirt,2,71.61,143.22,South,Debit Card
7210,2023-02-28,CUST_00774,Female,52,Food,Green Tea,2,35.81,71.62,South,UPI
10574,2023-02-28,CUST_00428,Female,68,Home & Kitchen,Blender,3,44.61,133.83,South,Cash
6502,2023-02-28,CUST_01272,Male,55,Home & Kitchen,Blender,7,75.94,531.58,North,Debit Card
9089,2023-03-01,CUST_01667,Male,20,Home & Kitchen,Storage Container,1,113.67,113.67,South,UPI
4488,2023-03-01,CUST_01329,Female,23,Electronics,Power Bank,3,248.96,746.88,North,Cash
7121,2023-03-01,CUST_01371,Female,42,Sports,Dumbbells,1,182.38,182.38,East,Debit Card
6414,2023-03-01,CUST_00097,Male,28,Home & Kitchen,Pillow,6,197.53,1185.18,West,UPI
4010,2023-03-01,CUST_01862,Female,19,Electronics,Smartphone,1,228.55,228.55,East,Cash
7812,2023-03-01,CUST_01730,Male,48,Home & Kitchen,Knife Set,2,48.79,97.58,West,UPI
3987,2023-03-01,CUST_00001,Male,53,Food,Peanut Butter,4,16.28,65.12,South,Cash
3024,2023-03-01,CUST_00502,Male,32,Home & Kitchen,Bedsheet,1,201.79,201.79,West,Cash
3065,2023-03-01,CUST_00913,Female,38,Electronics,Smart Watch,3,747.62,2242.86,East,Credit Card
1301,2023-03-01,CUST_00262,Male,63,Electronics,Tablet,5,377.27,1886.35,West,Credit Card
10014,2023-03-01,CUST_01069,Female,27,Clothing,Hoodie,2,94.75,189.5,East,Credit Card
1978,2023-03-01,CUST_01340,Male,53,Food,Olive Oil,2,13.62,27.24,East,Cash
1702,2023-03-01,CUST_01035,Male,30,Electronics,Laptop,2,721.82,1443.64,West,Cash
7097,2023-03-01,CUST_00981,Female,26,Electronics,Smart Watch,1,545.27,545.27,South,UPI
3654,2023-03-01,CUST_00690,Female,44,Electronics,Smartphone,2,119.65,239.3,South,Debit Card
9359,2023-03-01,CUST_01116,Female,48,Electronics,Headphones,3,122.15,366.45,North,Credit Card
7906,2023-03-01,CUST_01338,Male,67,Home & Kitchen,Bedsheet,2,111.97,223.94,East,Cash
2303,2023-03-01,CUST_00854,Male,26,Clothing,Sneakers,2,63.37,126.74,North,Credit Card
7511,2023-03-01,CUST_01415,Male,38,Home & Kitchen,Storage Container,2,32.08,64.16,North,Credit Card
9167,2023-03-01,CUST_01649,Male,64,Home & Kitchen,Table Lamp,2,63.15,126.3,South,UPI
1149,2023-03-01,CUST_01398,Male,25,Food,Organic Honey,2,4.82,9.64,North,Credit Card
8166,2023-03-01,CUST_00854,Male,26,Clothing,Dress,1,86.49,86.49,North,Cash
7330,2023-03-02,CUST_00747,Female,70,Home & Kitchen,Wall Clock,4,221.9,887.6,West,UPI
6028,2023-03-02,CUST_01436,Male,54,Beauty,Moisturizer,3,49.39,148.17,South,Debit Card
4450,2023-03-02,CUST_00125,Female,52,Beauty,Hair Oil,3,109.73,329.19,West,Credit Card
8680,2023-03-02,CUST_00106,Female,70,Food,Protein Bar,4,6.81,27.24,North,UPI
4810,2023-03-02,CUST_00884,Male,64,Home & Kitchen,Pillow,4,133.08,532.32,West,Credit Card
7171,2023-03-02,CUST_01628,Female,64,Food,Organic Honey,4,8.07,32.28,North,Debit Card
6092,2023-03-02,CUST_01612,Female,59,Food,Peanut Butter,1,8.27,8.27,East,Debit Card
7558,2023-03-02,CUST_00196,Female,37,Home & Kitchen,Cookware Set,1,209.33,209.33,North,Credit Card
8881,2023-03-03,CUST_01773,Female,62,Home & Kitchen,Bedsheet,2,138.84,277.68,South,Debit Card
5651,2023-03-03,CUST_00158,Male,36,Clothing,Hoodie,7,33.67,235.69,East,Debit Card
8282,2023-03-03,CUST_01823,Female,63,Home & Kitchen,Pillow,1,89.36,89.36,East,Credit Card
9744,2023-03-03,CUST_01668,Male,58,Home & Kitchen,Pillow,3,16.79,50.37,West,Credit Card
5336,2023-03-03,CUST_00529,Male,48,Electronics,Smart Watch,3,150.38,451.14,South,Cash
3906,2023-03-03,CUST_00131,Male,38,Home & Kitchen,Pillow,1,77.03,77.03,North,Credit Card
6264,2023-03-03,CUST_00350,Male,22,Electronics,Bluetooth Speaker,3,336.67,1010.01,South,Cash
5746,2023-03-03,CUST_01672,Male,53,Food,Organic Honey,1,24.51,24.51,East,Cash
3602,2023-03-03,CUST_00342,Female,31,Home & Kitchen,Blender,3,128.3,384.9,South,Debit Card
7173,2023-03-03,CUST_00878,Male,42,Food,Dark Chocolate,5,31.03,155.15,West,Credit Card
10942,2023-03-03,CUST_01047,Male,30,Electronics,USB Cable,3,108.55,325.65,West,Debit Card
7780,2023-03-04,CUST_01843,Male,39,Beauty,Moisturizer,1,93.75,93.75,West,Debit Card
8568,2023-03-04,CUST_00012,Female,33,Electronics,Tablet,2,632.58,1265.16,North,UPI
7466,2023-03-04,CUST_01523,Male,66,Electronics,Smart Watch,3,422.7,1268.1,West,UPI
5722,2023-03-04,CUST_01741,Female,46,Electronics,Laptop,1,340.31,340.31,West,Credit Card
4744,2023-03-04,CUST_00931,Male,61,Food,Green Tea,4,5.46,21.84,West,Debit Card
6586,2023-03-04,CUST_01208,Female,47,Food,Granola,2,6.07,12.14,North,Debit Card
1819,2023-03-04,CUST_00066,Male,25,Clothing,Jeans,3,82.06,246.18,East,Credit Card
10853,2023-03-04,CUST_01114,Female,24,Food,Mixed Nuts,1,9.54,9.54,East,UPI
8861,2023-03-04,CUST_00582,Female,70,Food,Granola,3,14.73,44.19,West,Credit Card
6325,2023-03-04,CUST_01947,Female,41,Home & Kitchen,Pillow,1,57.1,57.1,North,Cash
5892,2023-03-04,CUST_01603,Female,62,Beauty,Hair Oil,2,77.55,155.1,East,UPI
10885,2023-03-04,CUST_00109,Male,38,Beauty,Perfume,1,36.56,36.56,North,Cash
5010,2023-03-05,CUST_01494,Male,23,Sports,Skipping Rope,1,89.36,89.36,East,Debit Card
7169,2023-03-05,CUST_00200,Male,44,Home & Kitchen,Pillow,5,142.16,710.8,South,Credit Card
8639,2023-03-05,CUST_00273,Male,25,Electronics,Power Bank,1,360.65,360.65,West,Cash
6669,2023-03-05,CUST_00908,Female,60,Food,Olive Oil,2,12.68,25.36,South,Credit Card
6816,2023-03-05,CUST_01060,Male,32,Home & Kitchen,Wall Clock,5,144.29,721.45,North,UPI
4165,2023-03-05,CUST_01911,Female,55,Clothing,T-Shirt,3,28.21,84.63,North,UPI
1459,2023-03-05,CUST_00656,Male,31,Clothing,Jacket,2,122.12,244.24,West,Cash
4025,2023-03-05,CUST_01813,Female,48,Home & Kitchen,Table Lamp,5,153.32,766.6,South,Credit Card
6123,2023-03-05,CUST_01948,Male,65,Clothing,Jacket,3,40.02,120.06,West,UPI
8520,2023-03-05,CUST_00336,Male,24,Clothing,Hoodie,5,79.33,396.65,South,Credit Card
5237,2023-03-05,CUST_00619,Male,70,Food,Granola,5,38.07,190.35,North,Credit Card
8812,2023-03-05,CUST_01304,Male,44,Home & Kitchen,Knife Set,4,184.62,738.48,West,Cash
1529,2023-03-05,CUST_01985,Male,22,Electronics,USB Cable,4,559.98,2239.92,West,Credit Card
2717,2023-03-06,CUST_00132,Female,65,Clothing,Shorts,3,140.87,422.61,South,UPI
9792,2023-03-06,CUST_01122,Female,36,Electronics,Power Bank,1,179.28,179.28,South,UPI
6636,2023-03-06,CUST_00131,Male,38,Home & Kitchen,Pillow,2,236.64,473.28,North,Cash
6226,2023-03-06,CUST_01483,Female,57,Home & Kitchen,Storage Container,2,206.2,412.4,East,UPI
1425,2023-03-06,CUST_01801,Male,52,Clothing,T-Shirt,5,88.12,440.6,East,Cash
4234,2023-03-06,CUST_01927,Male,66,Clothing,Dress,6,89.45,536.7,East,Debit Card
5210,2023-03-06,CUST_00276,Male,37,Clothing,Sneakers,6,71.47,428.82,East,Credit Card
3449,2023-03-06,CUST_00338,Female,51,Clothing,Dress,1,24.34,24.34,East,Debit Card
7801,2023-03-06,CUST_01188,Female,19,Electronics,Smart Watch,2,433.04,866.08,East,Debit Card
2101,2023-03-06,CUST_00629,Male,48,Sports,Football,2,61.37,122.74,North,Credit Card
4563,2023-03-06,CUST_01452,Male,39,Food,Green Tea,3,15.93,47.79,South,Cash
2999,2023-03-06,CUST_00603,Male,49,Food,Organic Honey,1,28.31,28.31,East,Cash
2414,2023-03-06,CUST_00369,Female,65,Clothing,T-Shirt,4,36.54,146.16,South,Credit Card
8954,2023-03-06,CUST_00010,Male,25,Electronics,Headphones,1,782.86,782.86,East,Debit Card
3733,2023-03-06,CUST_00771,Male,20,Food,Mixed Nuts,1,5.52,5.52,South,UPI
6220,2023-03-07,CUST_01948,Male,65,Beauty,Lipstick,3,80.67,242.01,West,Cash
2715,2023-03-07,CUST_01812,Male,32,Home & Kitchen,Blender,3,215.91,647.73,West,Debit Card
10345,2023-03-07,CUST_01208,Female,47,Food,Olive Oil,1,18.68,18.68,North,Cash
5284,2023-03-07,CUST_01578,Male,68,Beauty,Moisturizer,2,45.76,91.52,South,Cash
2941,2023-03-07,CUST_01735,Male,32,Food,Olive Oil,2,24.21,48.42,East,Credit Card
10877,2023-03-07,CUST_00326,Female,56,Food,Organic Honey,3,17.47,52.41,West,Credit Card
9208,2023-03-07,CUST_01679,Female,56,Food,Protein Bar,4,29.68,118.72,West,Debit Card
7423,2023-03-07,CUST_00588,Male,62,Clothing,Hoodie,2,26.93,53.86,West,Credit Card
1007,2023-03-07,CUST_01311,Female,22,Electronics,Laptop,4,289.63,1158.52,North,Debit Card
3678,2023-03-07,CUST_00624,Male,49,Home & Kitchen,Knife Set,2,200.9,401.8,West,Cash
9675,2023-03-08,CUST_00178,Male,61,Clothing,Dress,4,137.34,549.36,East,Credit Card
5793,2023-03-08,CUST_00629,Male,48,Clothing,Dress,3,40.36,121.08,North,Debit Card
3332,2023-03-08,CUST_01042,Female,70,Home & Kitchen,Knife Set,1,142.42,142.42,South,Credit Card
7405,2023-03-08,CUST_00944,Female,34,Home & Kitchen,Cookware Set,3,117.52,352.56,West,Cash
5456,2023-03-08,CUST_01909,Female,29,Clothing,Formal Shirt,4,129.74,518.96,East,Credit Card
2622,2023-03-08,CUST_01318,Male,24,Electronics,USB Cable,1,721.0,721.0,North,UPI
5361,2023-03-08,CUST_00996,Male,45,Electronics,Smart Watch,1,451.42,451.42,East,Debit Card
2521,2023-03-08,CUST_01463,Female,51,Food,Organic Honey,3,18.4,55.2,South,UPI
5086,2023-03-08,CUST_01386,Male,26,Clothing,Hoodie,7,145.28,1016.96,South,Debit Card
1617,2023-03-09,CUST_00306,Female,46,Clothing,Formal Shirt,3,38.01,114.03,North,Credit Card
8542,2023-03-09,CUST_01315,Female,54,Beauty,Sunscreen,1,10.47,10.47,North,Cash
2712,2023-03-09,CUST_01872,Female,40,Food,Granola,3,15.0,45.0,West,Credit Card
7973,2023-03-09,CUST_01348,Male,62,Home & Kitchen,Blender,1,111.29,111.29,East,Credit Card
6473,2023-03-09,CUST_01481,Male,65,Beauty,Hair Oil,1,68.92,68.92,South,Cash
2320,2023-03-09,CUST_01891,Female,22,Electronics,Laptop,1,27.14,27.14,South,Credit Card
10974,2023-03-09,CUST_00195,Female,64,Home & Kitchen,Table Lamp,3,48.02,144.06,North,Debit Card
10573,2023-03-10,CUST_00955,Female,42,Clothing,Formal Shirt,3,102.55,307.65,West,Credit Card
5612,2023-03-10,CUST_00855,Female,53,Home & Kitchen,Bedsheet,1,149.1,149.1,South,Debit Card
4510,2023-03-10,CUST_01230,Female,26,Electronics,Headphones,2,334.78,669.56,East,Debit Card
3061,2023-03-10,CUST_00368,Male,43,Beauty,Foundation,1,45.86,45.86,South,Credit Card
5252,2023-03-10,CUST_00075,Female,35,Sports,Resistance Band,4,147.46,589.84,West,Debit Card
9580,2023-03-10,CUST_00399,Female,67,Food,Organic Honey,2,33.45,66.9,South,Credit Card
3760,2023-03-10,CUST_01499,Male,54,Food,Protein Bar,5,35.36,176.8,North,Cash
2726,2023-03-10,CUST_01098,Female,65,Food,Mixed Nuts,1,23.67,23.67,South,Credit Card
3511,2023-03-10,CUST_00897,Male,34,Home & Kitchen,Pillow,3,31.85,95.55,South,Cash
4727,2023-03-10,CUST_00719,Male,39,Home & Kitchen,Table Lamp,2,92.41,184.82,West,UPI
6088,2023-03-10,CUST_00445,Male,55,Home & Kitchen,Bedsheet,7,96.93,678.51,East,Cash
5268,2023-03-10,CUST_00746,Female,32,Beauty,Perfume,1,40.13,40.13,North,Credit Card
5381,2023-03-10,CUST_00337,Male,22,Clothing,Shorts,1,47.45,47.45,East,Credit Card
8396,2023-03-10,CUST_01201,Female,21,Electronics,Power Bank,5,623.49,3117.45,North,UPI
1705,2023-03-11,CUST_01935,Female,67,Sports,Resistance Band,3,91.08,273.24,West,Credit Card
1084,2023-03-11,CUST_01933,Female,67,Home & Kitchen,Wall Clock,3,85.12,255.36,West,Debit Card
3610,2023-03-11,CUST_01886,Female,59,Electronics,Bluetooth Speaker,1,621.93,621.93,West,Cash
9136,2023-03-11,CUST_01919,Female,59,Home & Kitchen,Table Lamp,1,71.08,71.08,East,UPI
7674,2023-03-11,CUST_00162,Female,58,Home & Kitchen,Pillow,4,244.25,977.0,South,UPI
3012,2023-03-11,CUST_00206,Male,62,Food,Protein Bar,2,25.91,51.82,West,Credit Card
7154,2023-03-11,CUST_00222,Female,20,Clothing,Jacket,1,92.52,92.52,East,Debit Card
8952,2023-03-11,CUST_00867,Female,38,Home & Kitchen,Blender,2,17.71,35.42,East,Cash
7449,2023-03-11,CUST_01339,Male,34,Food,Olive Oil,5,9.89,49.45,North,UPI
4540,2023-03-11,CUST_01048,Female,25,Electronics,Tablet,5,362.43,1812.15,West,UPI
4123,2023-03-11,CUST_01733,Male,46,Electronics,Bluetooth Speaker,1,114.32,114.32,North,Credit Card
10213,2023-03-12,CUST_01887,Male,50,Home & Kitchen,Bedsheet,1,97.96,97.96,West,UPI
6198,2023-03-12,CUST_01405,Male,66,Food,Peanut Butter,5,17.63,88.15,East,Credit Card
9858,2023-03-12,CUST_00667,Female,19,Home & Kitchen,Wall Clock,1,106.08,106.08,East,Credit Card
4158,2023-03-12,CUST_00594,Female,35,Clothing,Formal Shirt,1,31.96,31.96,West,UPI
6434,2023-03-12,CUST_01774,Male,38,Beauty,Foundation,1,63.33,63.33,South,Debit Card
3247,2023-03-12,CUST_00769,Female,30,Beauty,Moisturizer,2,22.02,44.04,West,UPI
2259,2023-03-12,CUST_01340,Male,53,Food,Granola,4,30.72,122.88,East,Cash
9433,2023-03-12,CUST_01312,Female,70,Electronics,Laptop,5,696.72,3483.6,West,Credit Card
1860,2023-03-13,CUST_00017,Male,60,Home & Kitchen,Cookware Set,4,227.57,910.28,North,Credit Card
3727,2023-03-13,CUST_01764,Female,60,Home & Kitchen,Knife Set,2,36.51,73.02,South,Credit Card
9325,2023-03-13,CUST_00235,Female,33,Sports,Cricket Bat,1,49.91,49.91,North,Cash
1033,2023-03-13,CUST_00433,Female,69,Food,Dark Chocolate,1,37.94,37.94,West,Credit Card
6572,2023-03-13,CUST_00764,Male,69,Home & Kitchen,Storage Container,3,163.75,491.25,West,Debit Card
2039,2023-03-13,CUST_00010,Male,25,Food,Dark Chocolate,1,24.03,24.03,East,Debit Card
8401,2023-03-13,CUST_00289,Female,60,Food,Organic Honey,2,13.22,26.44,North,Debit Card
7361,2023-03-13,CUST_00357,Male,36,Home & Kitchen,Blender,3,220.65,661.95,South,Credit Card
3009,2023-03-13,CUST_01696,Male,27,Beauty,Perfume,1,23.8,23.8,West,Credit Card
7273,2023-03-13,CUST_01620,Female,18,Clothing,Dress,3,135.76,407.28,South,Cash
8118,2023-03-13,CUST_01320,Female,20,Clothing,Jeans,1,17.87,17.87,North,Credit Card
2930,2023-03-13,CUST_00311,Female,27,Clothing,Shorts,2,105.62,211.24,East,UPI
3082,2023-03-13,CUST_00273,Male,25,Electronics,Power Bank,6,457.29,2743.74,West,Credit Card
9970,2023-03-14,CUST_00198,Female,53,Beauty,Moisturizer,7,13.65,95.55,North,Credit Card
7525,2023-03-14,CUST_00105,Female,46,Sports,Football,2,93.09,186.18,North,Debit Card
2789,2023-03-14,CUST_00651,Male,40,Clothing,Jacket,2,126.37,252.74,East,Debit Card
1723,2023-03-14,CUST_00625,Female,67,Home & Kitchen,Wall Clock,6,227.2,1363.2,East,Credit Card
4296,2023-03-14,CUST_01730,Male,48,Food,Olive Oil,1,30.97,30.97,West,Credit Card
9200,2023-03-14,CUST_00359,Male,39,Beauty,Face Wash,3,77.23,231.69,South,UPI
3358,2023-03-14,CUST_00208,Female,31,Electronics,Laptop,4,186.49,745.96,West,UPI
3550,2023-03-14,CUST_01714,Female,46,Home & Kitchen,Pillow,3,16.92,50.76,East,UPI
10971,2023-03-14,CUST_00053,Male,32,Beauty,Foundation,2,77.19,154.38,East,Cash
4689,2023-03-14,CUST_00413,Male,29,Clothing,Hoodie,2,79.69,159.38,North,Credit Card
4322,2023-03-14,CUST_00068,Male,49,Food,Protein Bar,2,25.47,50.94,West,Cash
6593,2023-03-14,CUST_00976,Female,31,Home & Kitchen,Pillow,1,214.17,214.17,East,UPI
8315,2023-03-14,CUST_01635,Female,39,Electronics,Smart Watch,3,713.42,2140.26,South,UPI
3047,2023-03-15,CUST_00518,Female,30,Sports,Football,3,23.71,71.13,East,Debit Card
4039,2023-03-15,CUST_00575,Female,64,Beauty,Lipstick,5,13.21,66.05,South,Cash
2607,2023-03-15,CUST_00702,Male,48,Sports,Water Bottle,1,120.78,120.78,North,Cash
4401,2023-03-15,CUST_00409,Male,22,Clothing,Sneakers,4,16.63,66.52,West,Cash
5732,2023-03-15,CUST_01943,Male,36,Clothing,T-Shirt,5,34.46,172.3,South,UPI
8843,2023-03-15,CUST_00678,Male,31,Home & Kitchen,Blender,5,12.89,64.45,North,Cash
4291,2023-03-15,CUST_00167,Male,37,Home & Kitchen,Pillow,5,14.56,72.8,East,UPI
4512,2023-03-15,CUST_01961,Male,50,Food,Mixed Nuts,1,6.78,6.78,East,UPI
6463,2023-03-15,CUST_00048,Female,51,Home & Kitchen,Bedsheet,2,214.9,429.8,West,UPI
4792,2023-03-15,CUST_00606,Female,47,Home & Kitchen,Blender,2,20.31,40.62,East,Debit Card
8106,2023-03-15,CUST_01661,Male,63,Beauty,Moisturizer,4,108.28,433.12,East,UPI
8325,2023-03-15,CUST_01590,Male,57,Home & Kitchen,Storage Container,1,232.57,232.57,North,Debit Card
1851,2023-03-15,CUST_01874,Male,51,Home & Kitchen,Blender,1,99.47,99.47,East,Debit Card
2191,2023-03-15,CUST_00279,Female,59,Home & Kitchen,Table Lamp,1,20.9,20.9,West,Credit Card
2188,2023-03-15,CUST_01931,Female,38,Home & Kitchen,Wall Clock,1,157.26,157.26,South,Credit Card
9557,2023-03-15,CUST_01794,Male,48,Sports,Running Shoes,1,146.08,146.08,North,Credit Card
9709,2023-03-15,CUST_01219,Female,28,Sports,Dumbbells,1,78.21,78.21,East,UPI
6768,2023-03-15,CUST_01882,Female,68,Clothing,Dress,2,129.09,258.18,East,Debit Card
2696,2023-03-16,CUST_00560,Male,68,Food,Dark Chocolate,1,7.33,7.33,West,UPI
4266,2023-03-16,CUST_01722,Female,29,Sports,Yoga Mat,1,39.87,39.87,North,Credit Card
3885,2023-03-16,CUST_00464,Female,55,Beauty,Face Wash,1,116.4,116.4,East,Debit Card
2998,2023-03-16,CUST_00389,Male,54,Clothing,Formal Shirt,4,52.32,209.28,South,Credit Card
4019,2023-03-16,CUST_01060,Male,32,Home & Kitchen,Pillow,7,211.58,1481.06,North,Credit Card
4850,2023-03-16,CUST_01103,Female,39,Home & Kitchen,Knife Set,1,134.93,134.93,South,Credit Card
10678,2023-03-16,CUST_00200,Male,44,Home & Kitchen,Table Lamp,1,108.0,108.0,South,UPI
4140,2023-03-16,CUST_01094,Female,49,Electronics,Laptop,3,295.32,885.96,South,UPI
5863,2023-03-16,CUST_01841,Male,57,Clothing,Sneakers,1,36.82,36.82,North,Credit Card
4308,2023-03-16,CUST_01105,Male,20,Sports,Yoga Mat,5,64.04,320.2,East,Cash
5995,2023-03-16,CUST_01902,Female,68,Beauty,Moisturizer,4,59.63,238.52,East,Credit Card
9183,2023-03-16,CUST_01856,Male,28,Beauty,Lipstick,3,32.93,98.79,West,UPI
6257,2023-03-16,CUST_00168,Female,42,Home & Kitchen,Wall Clock,6,124.94,749.64,West,Cash
5781,2023-03-16,CUST_01253,Female,25,Beauty,Eye Shadow,3,112.6,337.8,South,Debit Card
5113,2023-03-17,CUST_00702,Male,48,Home & Kitchen,Table Lamp,3,226.1,678.3,North,UPI
9273,2023-03-17,CUST_00045,Female,50,Food,Dark Chocolate,2,37.43,74.86,East,Credit Card
4870,2023-03-17,CUST_01052,Female,70,Beauty,Sunscreen,3,60.16,180.48,West,Credit Card
6815,2023-03-17,CUST_01871,Male,45,Home & Kitchen,Table Lamp,4,129.39,517.56,East,Cash
9576,2023-03-17,CUST_01548,Male,40,Electronics,Smart Watch,1,638.34,638.34,West,Debit Card
3172,2023-03-17,CUST_01101,Male,49,Home & Kitchen,Pillow,1,119.51,119.51,West,Credit Card
1370,2023-03-17,CUST_01601,Male,30,Sports,Resistance Band,7,75.97,531.79,West,Credit Card
2605,2023-03-17,CUST_00096,Male,22,Clothing,Dress,3,16.07,48.21,West,Debit Card
1355,2023-03-18,CUST_01056,Female,20,Sports,Yoga Mat,5,175.07,875.35,East,Debit Card
10416,2023-03-18,CUST_00840,Female,21,Clothing,Jacket,4,24.35,97.4,North,UPI
8127,2023-03-18,CUST_01696,Male,27,Electronics,USB Cable,2,119.13,238.26,West,Debit Card
4175,2023-03-18,CUST_00858,Male,43,Clothing,Dress,2,137.4,274.8,North,Cash
9293,2023-03-18,CUST_00813,Male,66,Clothing,Formal Shirt,3,64.09,192.27,East,UPI
5802,2023-03-18,CUST_00015,Female,44,Home & Kitchen,Wall Clock,1,29.55,29.55,West,UPI
3884,2023-03-18,CUST_01881,Female,66,Food,Peanut Butter,4,34.44,137.76,West,Debit Card
1375,2023-03-18,CUST_00810,Male,56,Beauty,Face Wash,1,33.51,33.51,North,UPI
2799,2023-03-18,CUST_00532,Female,65,Beauty,Sunscreen,1,70.01,70.01,West,UPI
3280,2023-03-18,CUST_01994,Female,62,Food,Dark Chocolate,2,20.47,40.94,West,Credit Card
10092,2023-03-18,CUST_01952,Male,19,Food,Mixed Nuts,2,3.18,6.36,West,UPI
3342,2023-03-18,CUST_01875,Male,42,Home & Kitchen,Storage Container,2,233.14,466.28,West,Cash
5382,2023-03-18,CUST_01506,Male,43,Clothing,Jeans,1,100.03,100.03,South,Debit Card
4519,2023-03-18,CUST_01468,Male,20,Electronics,Smartphone,1,403.33,403.33,South,UPI
7468,2023-03-18,CUST_01301,Female,51,Home & Kitchen,Table Lamp,1,164.83,164.83,North,UPI
6828,2023-03-18,CUST_01007,Female,68,Food,Granola,2,6.5,13.0,North,UPI
7850,2023-03-19,CUST_00593,Female,48,Food,Peanut Butter,4,7.35,29.4,West,Debit Card
3402,2023-03-19,CUST_01070,Male,31,Clothing,Dress,1,107.35,107.35,West,Credit Card
6995,2023-03-19,CUST_01777,Male,42,Home & Kitchen,Pillow,3,103.51,310.53,North,UPI
7200,2023-03-19,CUST_00499,Female,59,Home & Kitchen,Pillow,4,74.97,299.88,West,Credit Card
2339,2023-03-19,CUST_00497,Male,47,Food,Granola,2,15.29,30.58,West,UPI
8651,2023-03-19,CUST_01464,Female,47,Clothing,Shorts,1,125.59,125.59,West,Debit Card
10562,2023-03-19,CUST_01332,Female,24,Electronics,Smart Watch,1,177.98,177.98,West,Cash
2266,2023-03-19,CUST_00619,Male,70,Home & Kitchen,Wall Clock,2,144.73,289.46,North,Cash
7861,2023-03-19,CUST_01769,Male,26,Clothing,Jeans,3,139.87,419.61,North,Credit Card
2798,2023-03-19,CUST_00566,Male,48,Electronics,Smart Watch,2,795.42,1590.84,North,UPI
8691,2023-03-19,CUST_00369,Female,65,Food,Olive Oil,2,31.71,63.42,South,UPI
8715,2023-03-19,CUST_00402,Female,25,Electronics,Power Bank,2,722.26,1444.52,South,Credit Card
10622,2023-03-19,CUST_00394,Male,26,Clothing,Sneakers,1,36.6,36.6,West,Credit Card
9824,2023-03-19,CUST_00640,Female,50,Electronics,Smart Watch,2,362.22,724.44,North,Cash
3555,2023-03-19,CUST_01893,Female,35,Electronics,Smartphone,3,397.18,1191.54,North,UPI
3587,2023-03-19,CUST_01888,Female,57,Food,Mixed Nuts,1,10.28,10.28,West,Debit Card
5435,2023-03-20,CUST_00380,Female,59,Home & Kitchen,Knife Set,2,13.7,27.4,North,Cash
2494,2023-03-20,CUST_01300,Male,52,Beauty,Face Wash,1,54.01,54.01,East,UPI
7690,2023-03-20,CUST_01085,Female,60,Beauty,Perfume,3,20.96,62.88,South,Debit Card
1437,2023-03-20,CUST_01542,Female,48,Clothing,Shorts,2,128.29,256.58,North,Cash
7008,2023-03-20,CUST_01727,Female,43,Clothing,Shorts,3,16.67,50.01,West,UPI
3564,2023-03-20,CUST_00024,Female,37,Electronics,Tablet,3,277.99,833.97,East,Credit Card
2392,2023-03-20,CUST_00692,Male,41,Home & Kitchen,Bedsheet,1,211.67,211.67,West,UPI
7346,2023-03-20,CUST_00930,Female,57,Home & Kitchen,Cookware Set,2,72.85,145.7,East,UPI
8653,2023-03-20,CUST_01764,Female,60,Clothing,Sneakers,3,20.04,60.12,South,Cash
8497,2023-03-20,CUST_00144,Female,19,Electronics,Smart Watch,2,366.57,733.14,North,Credit Card
6445,2023-03-20,CUST_01892,Male,39,Electronics,Laptop,2,373.28,746.56,South,Debit Card
8679,2023-03-20,CUST_00929,Male,69,Food,Granola,1,34.86,34.86,West,Debit Card
5702,2023-03-20,CUST_01785,Male,30,Sports,Skipping Rope,1,160.42,160.42,West,Debit Card
3797,2023-03-20,CUST_00145,Female,35,Sports,Cricket Bat,3,121.0,363.0,East,Cash
4298,2023-03-21,CUST_01795,Female,47,Home & Kitchen,Bedsheet,3,73.19,219.57,North,Credit Card
8590,2023-03-21,CUST_00370,Female,48,Home & Kitchen,Bedsheet,1,131.77,131.77,West,Cash
7748,2023-03-21,CUST_00193,Female,28,Clothing,Formal Shirt,5,78.79,393.95,East,UPI
8074,2023-03-21,CUST_01804,Male,66,Home & Kitchen,Storage Container,1,194.08,194.08,East,Cash
1069,2023-03-21,CUST_00654,Male,60,Food,Peanut Butter,2,18.42,36.84,South,Debit Card
10525,2023-03-21,CUST_00297,Male,41,Food,Green Tea,4,16.24,64.96,West,Debit Card
10016,2023-03-21,CUST_00107,Male,66,Beauty,Eye Shadow,3,93.84,281.52,East,Debit Card
1078,2023-03-21,CUST_01849,Female,48,Food,Protein Bar,3,34.36,103.08,East,UPI
9289,2023-03-21,CUST_00083,Female,28,Sports,Yoga Mat,1,37.68,37.68,West,UPI
1477,2023-03-21,CUST_00949,Male,45,Beauty,Sunscreen,3,117.97,353.91,East,Debit Card
8442,2023-03-22,CUST_00572,Male,54,Electronics,Headphones,4,341.78,1367.12,West,UPI
4286,2023-03-22,CUST_01477,Female,18,Home & Kitchen,Knife Set,3,234.63,703.89,East,UPI
9899,2023-03-22,CUST_01273,Male,19,Electronics,Smartphone,3,344.9,1034.7,West,Cash
1984,2023-03-22,CUST_01509,Male,68,Home & Kitchen,Blender,1,158.3,158.3,North,Cash
6081,2023-03-22,CUST_01626,Male,70,Clothing,Formal Shirt,1,16.98,16.98,East,Debit Card
6546,2023-03-22,CUST_01625,Male,23,Electronics,Smart Watch,3,752.46,2257.38,North,Cash
4059,2023-03-22,CUST_00252,Female,38,Sports,Football,4,56.31,225.24,South,Credit Card
3740,2023-03-22,CUST_00886,Female,41,Home & Kitchen,Blender,2,216.36,432.72,West,Debit Card
7722,2023-03-22,CUST_01461,Female,41,Clothing,T-Shirt,1,64.36,64.36,South,Debit Card
7535,2023-03-22,CUST_01807,Female,42,Sports,Dumbbells,3,93.77,281.31,West,UPI
10375,2023-03-22,CUST_00138,Male,30,Electronics,USB Cable,2,233.44,466.88,East,Debit Card
10513,2023-03-22,CUST_01139,Female,45,Electronics,Bluetooth Speaker,1,210.34,210.34,West,UPI
1587,2023-03-22,CUST_00806,Male,42,Food,Olive Oil,1,37.48,37.48,North,Credit Card
3771,2023-03-23,CUST_01907,Female,57,Sports,Dumbbells,1,112.45,112.45,South,Credit Card
4356,2023-03-23,CUST_00860,Male,40,Home & Kitchen,Pillow,3,89.4,268.2,South,Debit Card
4058,2023-03-23,CUST_00122,Male,60,Sports,Football,4,101.36,405.44,North,UPI
10206,2023-03-23,CUST_01360,Male,34,Home & Kitchen,Cookware Set,1,75.29,75.29,East,UPI
5411,2023-03-23,CUST_00641,Female,43,Sports,Dumbbells,1,13.7,13.7,West,UPI
1110,2023-03-23,CUST_01811,Female,52,Clothing,Formal Shirt,2,93.09,186.18,North,Credit Card
3559,2023-03-23,CUST_01476,Female,66,Clothing,T-Shirt,3,64.52,193.56,West,Cash
10174,2023-03-23,CUST_00123,Female,24,Clothing,Dress,3,132.31,396.93,West,Credit Card
2035,2023-03-23,CUST_00306,Female,46,Clothing,Sneakers,4,135.32,541.28,North,Cash
6611,2023-03-23,CUST_01500,Male,27,Sports,Running Shoes,1,56.02,56.02,South,Credit Card
4856,2023-03-23,CUST_00811,Male,37,Clothing,T-Shirt,4,131.03,524.12,East,UPI
2136,2023-03-23,CUST_01068,Female,34,Home & Kitchen,Pillow,2,39.88,79.76,South,Credit Card
2940,2023-03-24,CUST_00059,Female,19,Electronics,Bluetooth Speaker,1,244.45,244.45,South,UPI
1498,2023-03-24,CUST_01430,Female,42,Electronics,USB Cable,3,393.02,1179.06,South,Cash
7134,2023-03-24,CUST_01666,Female,35,Food,Dark Chocolate,2,38.84,77.68,West,Cash
8292,2023-03-24,CUST_01998,Female,53,Clothing,Hoodie,1,89.75,89.75,South,UPI
5398,2023-03-24,CUST_00285,Male,53,Home & Kitchen,Blender,2,157.12,314.24,South,Debit Card
3547,2023-03-24,CUST_00509,Female,39,Home & Kitchen,Pillow,3,151.98,455.94,East,Debit Card
7575,2023-03-24,CUST_00105,Female,46,Home & Kitchen,Bedsheet,4,108.15,432.6,North,Debit Card
5807,2023-03-24,CUST_00563,Female,59,Home & Kitchen,Cookware Set,5,145.52,727.6,West,Debit Card
7864,2023-03-24,CUST_00255,Female,38,Clothing,Dress,4,91.57,366.28,North,Cash
3933,2023-03-25,CUST_01135,Female,23,Electronics,Power Bank,2,577.96,1155.92,North,Credit Card
10531,2023-03-25,CUST_01354,Male,18,Electronics,Power Bank,4,752.07,3008.28,East,Cash
7573,2023-03-25,CUST_01119,Male,50,Electronics,Power Bank,3,69.3,207.9,West,UPI
6931,2023-03-25,CUST_00885,Female,69,Beauty,Eye Shadow,3,90.7,272.1,East,Credit Card
8376,2023-03-25,CUST_01816,Male,33,Home & Kitchen,Pillow,2,127.8,255.6,East,UPI
8740,2023-03-25,CUST_00905,Female,38,Home & Kitchen,Cookware Set,3,156.0,468.0,West,Credit Card
1312,2023-03-25,CUST_00170,Female,57,Food,Granola,5,28.86,144.3,South,Credit Card
2290,2023-03-25,CUST_01344,Male,61,Food,Protein Bar,2,5.88,11.76,North,Debit Card
8496,2023-03-25,CUST_00989,Male,35,Electronics,Headphones,5,40.33,201.65,North,Cash
8018,2023-03-25,CUST_00223,Female,57,Beauty,Hair Oil,6,86.39,518.34,North,Debit Card
4718,2023-03-25,CUST_00520,Female,53,Food,Granola,2,15.95,31.9,North,Cash
3239,2023-03-25,CUST_00595,Male,20,Home & Kitchen,Bedsheet,1,106.55,106.55,South,Credit Card
10857,2023-03-25,CUST_01659,Female,23,Clothing,Jeans,2,71.69,143.38,South,UPI
10355,2023-03-25,CUST_01256,Male,48,Food,Dark Chocolate,1,31.8,31.8,North,Debit Card
6138,2023-03-26,CUST_01117,Female,22,Sports,Running Shoes,5,39.86,199.3,East,UPI
8266,2023-03-26,CUST_01841,Male,57,Clothing,Shorts,4,139.3,557.2,North,Credit Card
10280,2023-03-26,CUST_00450,Female,53,Food,Olive Oil,1,21.1,21.1,West,Debit Card
3343,2023-03-26,CUST_01084,Male,26,Sports,Water Bottle,3,118.01,354.03,North,Credit Card
9974,2023-03-26,CUST_00876,Female,43,Sports,Dumbbells,1,55.44,55.44,East,Debit Card
2598,2023-03-26,CUST_00774,Female,52,Food,Organic Honey,3,5.17,15.51,South,Debit Card
3137,2023-03-26,CUST_01944,Female,61,Home & Kitchen,Wall Clock,7,120.81,845.67,West,Credit Card
5306,2023-03-26,CUST_01250,Female,52,Clothing,Formal Shirt,4,100.54,402.16,West,UPI
7502,2023-03-26,CUST_00585,Male,48,Food,Peanut Butter,4,27.14,108.56,East,Debit Card
5367,2023-03-26,CUST_00022,Male,52,Sports,Dumbbells,2,67.51,135.02,East,UPI
8924,2023-03-26,CUST_00454,Female,52,Beauty,Face Wash,3,56.21,168.63,South,Cash
5292,2023-03-26,CUST_01906,Female,20,Electronics,Tablet,1,618.03,618.03,East,Credit Card
1673,2023-03-26,CUST_01537,Male,40,Electronics,Tablet,2,76.6,153.2,West,Cash
9738,2023-03-26,CUST_00133,Female,34,Food,Protein Bar,1,32.13,32.13,South,UPI
2311,2023-03-26,CUST_01114,Female,24,Sports,Football,1,109.32,109.32,East,Cash
5301,2023-03-27,CUST_01490,Female,19,Electronics,Tablet,6,591.47,3548.82,North,Credit Card
2133,2023-03-27,CUST_00768,Female,60,Home & Kitchen,Bedsheet,2,48.77,97.54,East,UPI
1440,2023-03-27,CUST_01327,Male,31,Home & Kitchen,Storage Container,1,97.5,97.5,East,Debit Card
2986,2023-03-27,CUST_01119,Male,50,Home & Kitchen,Table Lamp,5,67.31,336.55,West,UPI
5896,2023-03-27,CUST_00552,Male,60,Food,Organic Honey,4,9.25,37.0,West,UPI
7325,2023-03-27,CUST_00234,Male,68,Electronics,USB Cable,1,798.04,798.04,West,Credit Card
6528,2023-03-27,CUST_00822,Male,45,Electronics,Power Bank,4,639.41,2557.64,East,UPI
2677,2023-03-27,CUST_00546,Female,27,Beauty,Lipstick,1,94.05,94.05,East,Debit Card
4128,2023-03-27,CUST_00571,Female,61,Beauty,Hair Oil,2,106.99,213.98,East,UPI
5033,2023-03-27,CUST_00762,Female,46,Home & Kitchen,Knife Set,2,93.33,186.66,North,Credit Card
6327,2023-03-28,CUST_01518,Female,26,Beauty,Moisturizer,1,36.31,36.31,South,Debit Card
3050,2023-03-28,CUST_01346,Male,69,Home & Kitchen,Knife Set,2,71.67,143.34,South,UPI
5539,2023-03-28,CUST_00301,Female,64,Food,Granola,3,12.95,38.85,West,Cash
2217,2023-03-28,CUST_00949,Male,45,Home & Kitchen,Pillow,3,19.63,58.89,East,Debit Card
5098,2023-03-28,CUST_00107,Male,66,Food,Protein Bar,2,15.56,31.12,East,Credit Card
1614,2023-03-28,CUST_00508,Female,34,Home & Kitchen,Table Lamp,3,181.61,544.83,West,Credit Card
7108,2023-03-28,CUST_01470,Male,31,Home & Kitchen,Storage Container,2,17.22,34.44,South,Credit Card
4559,2023-03-28,CUST_01159,Male,28,Clothing,Hoodie,2,127.7,255.4,West,Debit Card
2815,2023-03-28,CUST_00467,Male,53,Home & Kitchen,Bedsheet,5,119.02,595.1,West,UPI
2319,2023-03-28,CUST_01800,Male,37,Electronics,Smart Watch,1,600.46,600.46,East,Debit Card
4547,2023-03-29,CUST_01291,Female,32,Home & Kitchen,Bedsheet,1,208.38,208.38,East,Credit Card
1450,2023-03-29,CUST_01323,Female,38,Home & Kitchen,Cookware Set,1,164.47,164.47,West,Cash
6254,2023-03-29,CUST_00129,Female,58,Electronics,Smartphone,5,507.32,2536.6,East,Credit Card
3119,2023-03-29,CUST_01352,Female,26,Clothing,Formal Shirt,1,81.07,81.07,West,Debit Card
4223,2023-03-29,CUST_01126,Male,43,Home & Kitchen,Cookware Set,1,17.66,17.66,South,Debit Card
7994,2023-03-29,CUST_00726,Female,68,Home & Kitchen,Pillow,3,128.76,386.28,North,Debit Card
9097,2023-03-29,CUST_01471,Female,44,Electronics,Bluetooth Speaker,4,89.66,358.64,West,Credit Card
1961,2023-03-29,CUST_01053,Female,40,Beauty,Lipstick,3,23.81,71.43,North,UPI
7298,2023-03-29,CUST_01652,Male,51,Home & Kitchen,Table Lamp,2,141.74,283.48,West,Credit Card
4991,2023-03-29,CUST_01214,Female,42,Clothing,Jacket,3,112.95,338.85,North,Credit Card
7872,2023-03-29,CUST_00366,Male,36,Sports,Running Shoes,2,68.49,136.98,West,UPI
9821,2023-03-30,CUST_01186,Female,47,Home & Kitchen,Wall Clock,4,219.14,876.56,East,Cash
4826,2023-03-30,CUST_01786,Male,60,Home & Kitchen,Pillow,2,113.74,227.48,South,Credit Card
9915,2023-03-30,CUST_01479,Female,66,Clothing,Sneakers,4,33.32,133.28,North,Cash
1435,2023-03-30,CUST_01983,Female,19,Electronics,Smartphone,1,373.62,373.62,East,Debit Card
4491,2023-03-30,CUST_01961,Male,50,Home & Kitchen,Pillow,2,120.67,241.34,East,Credit Card
8531,2023-03-30,CUST_00440,Female,67,Beauty,Eye Shadow,1,8.62,8.62,West,Cash
4943,2023-03-30,CUST_00278,Male,34,Electronics,Smart Watch,6,682.93,4097.58,West,Cash
2796,2023-03-30,CUST_01144,Female,22,Clothing,Jacket,3,21.32,63.96,East,Cash
1202,2023-03-30,CUST_01757,Male,25,Home & Kitchen,Pillow,1,215.87,215.87,South,Debit Card
7505,2023-03-30,CUST_00394,Male,26,Clothing,Formal Shirt,3,64.11,192.33,West,Debit Card
6916,2023-03-30,CUST_00384,Male,27,Clothing,Shorts,4,22.93,91.72,East,Debit Card
10892,2023-03-30,CUST_00999,Female,68,Beauty,Sunscreen,2,21.52,43.04,North,Debit Card
10013,2023-03-30,CUST_01327,Male,31,Clothing,Formal Shirt,1,121.29,121.29,East,Debit Card
1900,2023-03-31,CUST_01570,Male,33,Home & Kitchen,Storage Container,7,239.57,1676.99,South,Credit Card
7844,2023-03-31,CUST_01609,Male,35,Clothing,Hoodie,3,77.99,233.97,West,UPI
9477,2023-03-31,CUST_00940,Female,61,Food,Protein Bar,1,21.84,21.84,West,Debit Card
4517,2023-03-31,CUST_00882,Female,52,Electronics,Tablet,3,706.84,2120.52,South,Credit Card
1441,2023-03-31,CUST_01305,Male,63,Beauty,Sunscreen,3,38.77,116.31,North,Credit Card
1847,2023-03-31,CUST_00931,Male,61,Food,Mixed Nuts,2,10.11,20.22,West,Cash
6074,2023-03-31,CUST_01688,Male,18,Home & Kitchen,Cookware Set,2,173.17,346.34,North,Debit Card
5162,2023-03-31,CUST_00623,Male,18,Beauty,Face Wash,1,118.89,118.89,South,Credit Card
1300,2023-03-31,CUST_00632,Female,32,Beauty,Foundation,5,57.76,288.8,East,Cash
7639,2023-03-31,CUST_01719,Female,19,Electronics,Tablet,1,428.13,428.13,East,UPI
8090,2023-03-31,CUST_01721,Female,67,Food,Mixed Nuts,5,34.91,174.55,North,UPI
6054,2023-03-31,CUST_00962,Female,26,Clothing,Jacket,4,73.05,292.2,North,Cash
2599,2023-03-31,CUST_01690,Female,40,Food,Dark Chocolate,1,30.46,30.46,North,Debit Card
8419,2023-03-31,CUST_00538,Male,68,Home & Kitchen,Cookware Set,3,68.96,206.88,North,Debit Card
9261,2023-03-31,CUST_00008,Female,55,Beauty,Eye Shadow,5,107.13,535.65,North,Debit Card
5209,2023-04-01,CUST_00918,Female,40,Food,Mixed Nuts,2,3.38,6.76,North,Credit Card
2127,2023-04-01,CUST_01133,Female,65,Beauty,Foundation,1,11.28,11.28,West,Credit Card
1651,2023-04-01,CUST_01097,Male,41,Electronics,Headphones,2,573.53,1147.06,North,UPI
7250,2023-04-01,CUST_00195,Female,64,Clothing,Jeans,2,24.57,49.14,North,Credit Card
6178,2023-04-01,CUST_01973,Male,58,Home & Kitchen,Knife Set,1,81.05,81.05,East,UPI
7584,2023-04-01,CUST_00394,Male,26,Sports,Running Shoes,4,84.07,336.28,West,UPI
4616,2023-04-01,CUST_01409,Female,33,Electronics,Tablet,4,729.96,2919.84,West,UPI
7754,2023-04-01,CUST_00763,Female,25,Home & Kitchen,Bedsheet,2,92.6,185.2,East,Credit Card
3307,2023-04-01,CUST_01170,Female,55,Beauty,Eye Shadow,1,108.2,108.2,South,Debit Card
9688,2023-04-01,CUST_00552,Male,60,Food,Organic Honey,4,23.55,94.2,West,Cash
5329,2023-04-01,CUST_00736,Male,49,Home & Kitchen,Wall Clock,1,70.48,70.48,East,Debit Card
6333,2023-04-01,CUST_00116,Male,48,Electronics,USB Cable,1,202.14,202.14,North,Debit Card
7546,2023-04-01,CUST_01659,Female,23,Electronics,Laptop,2,719.84,1439.68,South,UPI
10098,2023-04-01,CUST_00951,Female,21,Electronics,Bluetooth Speaker,5,649.07,3245.35,East,Debit Card
6006,2023-04-02,CUST_00553,Male,36,Home & Kitchen,Blender,2,217.48,434.96,West,Credit Card
2287,2023-04-02,CUST_00564,Male,28,Sports,Running Shoes,1,163.73,163.73,South,Credit Card
7391,2023-04-02,CUST_01282,Female,26,Clothing,Dress,2,60.15,120.3,South,Debit Card
5836,2023-04-02,CUST_00769,Female,30,Home & Kitchen,Blender,2,164.54,329.08,West,UPI
2655,2023-04-02,CUST_00172,Female,36,Beauty,Foundation,4,34.08,136.32,East,Debit Card
9789,2023-04-02,CUST_00289,Female,60,Food,Mixed Nuts,1,19.35,19.35,North,Credit Card
9937,2023-04-02,CUST_00642,Male,35,Home & Kitchen,Cookware Set,2,70.52,141.04,East,Debit Card
10284,2023-04-02,CUST_01665,Female,42,Electronics,Power Bank,3,497.08,1491.24,North,Cash
8762,2023-04-02,CUST_01715,Male,46,Clothing,T-Shirt,3,14.34,43.02,South,Credit Card
6968,2023-04-02,CUST_01006,Female,51,Home & Kitchen,Storage Container,4,15.49,61.96,West,UPI
5540,2023-04-02,CUST_01509,Male,68,Home & Kitchen,Pillow,2,133.68,267.36,North,Debit Card
8735,2023-04-02,CUST_00022,Male,52,Clothing,T-Shirt,4,114.38,457.52,East,Debit Card
7832,2023-04-03,CUST_00872,Male,24,Clothing,Dress,3,21.94,65.82,South,UPI
7020,2023-04-03,CUST_00305,Female,64,Food,Peanut Butter,2,6.35,12.7,East,Cash
3545,2023-04-03,CUST_00361,Female,18,Electronics,USB Cable,2,117.82,235.64,North,Credit Card
6806,2023-04-03,CUST_00688,Female,32,Food,Olive Oil,1,24.27,24.27,East,UPI
1057,2023-04-03,CUST_01760,Female,51,Electronics,Headphones,7,542.73,3799.11,East,UPI
4379,2023-04-03,CUST_01168,Female,54,Clothing,Hoodie,1,126.67,126.67,East,Debit Card
1604,2023-04-03,CUST_01342,Male,27,Sports,Cricket Bat,2,181.41,362.82,South,UPI
2082,2023-04-03,CUST_00395,Female,42,Sports,Water Bottle,1,63.63,63.63,West,Debit Card
7651,2023-04-03,CUST_01815,Female,25,Home & Kitchen,Table Lamp,2,73.9,147.8,West,Cash
10507,2023-04-03,CUST_00782,Female,28,Clothing,Hoodie,2,109.77,219.54,South,UPI
10876,2023-04-03,CUST_00469,Female,45,Beauty,Face Wash,2,21.9,43.8,South,UPI
8380,2023-04-03,CUST_00319,Male,26,Home & Kitchen,Cookware Set,3,115.66,346.98,South,Credit Card
7717,2023-04-03,CUST_01833,Male,65,Home & Kitchen,Storage Container,3,198.87,596.61,West,Debit Card
3627,2023-04-03,CUST_01902,Female,68,Food,Dark Chocolate,4,30.73,122.92,East,UPI
2951,2023-04-03,CUST_00225,Male,64,Beauty,Face Wash,3,75.1,225.3,South,UPI
10787,2023-04-03,CUST_01470,Male,31,Sports,Dumbbells,4,15.73,62.92,South,UPI
2645,2023-04-03,CUST_01699,Female,34,Home & Kitchen,Cookware Set,2,110.79,221.58,South,UPI
6432,2023-04-03,CUST_01762,Male,32,Home & Kitchen,Table Lamp,4,116.95,467.8,East,Cash
7726,2023-04-04,CUST_01077,Male,63,Food,Olive Oil,2,11.2,22.4,West,Cash
7728,2023-04-04,CUST_00120,Female,51,Beauty,Lipstick,2,42.41,84.82,West,Credit Card
9392,2023-04-04,CUST_00715,Female,46,Food,Granola,5,21.11,105.55,East,Cash
9390,2023-04-04,CUST_01910,Female,62,Beauty,Eye Shadow,4,60.7,242.8,East,UPI
9739,2023-04-04,CUST_01133,Female,65,Home & Kitchen,Storage Container,5,129.57,647.85,West,Credit Card
5899,2023-04-04,CUST_00248,Female,32,Beauty,Face Wash,5,87.43,437.15,South,Cash
5114,2023-04-04,CUST_01137,Female,32,Clothing,Jeans,5,82.62,413.1,South,Debit Card
1165,2023-04-04,CUST_01798,Male,18,Clothing,T-Shirt,3,52.59,157.77,East,Credit Card
7205,2023-04-04,CUST_00183,Male,60,Sports,Resistance Band,1,93.68,93.68,North,Cash
1410,2023-04-05,CUST_01732,Female,33,Home & Kitchen,Blender,2,87.92,175.84,South,Debit Card
2117,2023-04-05,CUST_00981,Female,26,Home & Kitchen,Blender,2,189.28,378.56,South,Credit Card
9487,2023-04-05,CUST_00982,Female,28,Electronics,Bluetooth Speaker,4,505.64,2022.56,West,Debit Card
10926,2023-04-05,CUST_01036,Female,22,Clothing,Dress,3,20.32,60.96,West,UPI
9648,2023-04-05,CUST_00320,Male,65,Home & Kitchen,Knife Set,3,21.32,63.96,North,Debit Card
5513,2023-04-05,CUST_00338,Female,51,Food,Olive Oil,2,17.0,34.0,East,Cash
6343,2023-04-05,CUST_01837,Male,57,Beauty,Hair Oil,7,54.07,378.49,East,Credit Card
6630,2023-04-05,CUST_01579,Male,62,Food,Dark Chocolate,2,39.3,78.6,South,UPI
9552,2023-04-05,CUST_01341,Female,32,Clothing,Shorts,1,87.17,87.17,West,UPI
8091,2023-04-05,CUST_00175,Male,53,Clothing,Shorts,1,124.48,124.48,South,Credit Card
1423,2023-04-05,CUST_00764,Male,69,Home & Kitchen,Blender,1,56.08,56.08,West,UPI
1996,2023-04-05,CUST_00141,Male,39,Food,Mixed Nuts,1,39.24,39.24,South,Credit Card
7025,2023-04-05,CUST_00682,Male,38,Home & Kitchen,Cookware Set,4,59.66,238.64,South,Credit Card
4114,2023-04-05,CUST_01323,Female,38,Clothing,Formal Shirt,2,35.81,71.62,West,Credit Card
4101,2023-04-06,CUST_01544,Male,34,Beauty,Sunscreen,5,7.63,38.15,South,Debit Card
10221,2023-04-06,CUST_01255,Female,61,Electronics,Smart Watch,1,593.47,593.47,North,Debit Card
4728,2023-04-06,CUST_01763,Female,22,Electronics,Smartphone,1,19.11,19.11,West,Credit Card
4062,2023-04-06,CUST_01092,Male,63,Food,Granola,1,17.18,17.18,East,Credit Card
6719,2023-04-06,CUST_00752,Female,32,Food,Organic Honey,1,7.73,7.73,East,Debit Card
2926,2023-04-06,CUST_01483,Female,57,Food,Green Tea,3,29.81,89.43,East,Cash
6397,2023-04-06,CUST_01110,Female,47,Home & Kitchen,Table Lamp,3,92.49,277.47,East,Cash
2442,2023-04-07,CUST_00509,Female,39,Home & Kitchen,Cookware Set,2,96.22,192.44,East,Credit Card
4635,2023-04-07,CUST_00723,Male,50,Food,Mixed Nuts,1,34.11,34.11,South,Debit Card
7932,2023-04-07,CUST_01235,Female,48,Clothing,Dress,1,75.38,75.38,North,Debit Card
1223,2023-04-07,CUST_00625,Female,67,Home & Kitchen,Blender,4,65.96,263.84,East,Debit Card
3251,2023-04-07,CUST_01123,Female,51,Clothing,Jacket,1,73.32,73.32,East,UPI
6843,2023-04-07,CUST_01265,Female,42,Electronics,Laptop,2,495.98,991.96,North,Credit Card
1191,2023-04-07,CUST_01321,Female,60,Food,Organic Honey,2,18.06,36.12,North,UPI
10196,2023-04-07,CUST_00744,Female,56,Home & Kitchen,Pillow,1,91.15,91.15,North,Credit Card
8685,2023-04-07,CUST_00653,Male,59,Beauty,Moisturizer,3,44.71,134.13,South,UPI
1284,2023-04-07,CUST_01930,Female,39,Home & Kitchen,Table Lamp,2,212.08,424.16,North,Debit Card
10528,2023-04-08,CUST_00612,Male,52,Home & Kitchen,Wall Clock,2,31.51,63.02,East,Credit Card
4402,2023-04-08,CUST_00383,Male,23,Beauty,Perfume,3,20.73,62.19,West,Debit Card
8387,2023-04-08,CUST_00525,Male,68,Food,Granola,4,9.1,36.4,West,Cash
9877,2023-04-08,CUST_00922,Female,35,Home & Kitchen,Table Lamp,3,43.15,129.45,East,UPI
3828,2023-04-08,CUST_00706,Male,58,Home & Kitchen,Table Lamp,5,54.04,270.2,East,Debit Card
5168,2023-04-08,CUST_01573,Male,63,Home & Kitchen,Cookware Set,2,64.26,128.52,West,Debit Card
8278,2023-04-08,CUST_01625,Male,23,Clothing,Jacket,6,65.69,394.14,North,Credit Card
9180,2023-04-08,CUST_00505,Female,27,Clothing,Jacket,1,68.9,68.9,South,Credit Card
7242,2023-04-08,CUST_00077,Male,66,Home & Kitchen,Storage Container,1,176.99,176.99,West,Debit Card
4987,2023-04-08,CUST_00953,Female,65,Home & Kitchen,Wall Clock,5,41.72,208.6,East,Credit Card
5143,2023-04-08,CUST_01834,Female,64,Food,Olive Oil,2,35.21,70.42,East,Credit Card
1373,2023-04-08,CUST_00694,Female,32,Clothing,Shorts,6,90.07,540.42,North,UPI
8830,2023-04-08,CUST_00197,Male,69,Food,Granola,7,16.37,114.59,West,Cash
8727,2023-04-09,CUST_00600,Female,28,Electronics,Tablet,2,351.38,702.76,East,Credit Card
2568,2023-04-09,CUST_01013,Female,69,Home & Kitchen,Bedsheet,3,119.59,358.77,South,Cash
9003,2023-04-09,CUST_00834,Male,67,Home & Kitchen,Bedsheet,1,53.85,53.85,East,Credit Card
2576,2023-04-09,CUST_01431,Female,26,Clothing,Hoodie,2,18.82,37.64,East,Debit Card
9550,2023-04-09,CUST_01829,Male,20,Clothing,Dress,4,45.2,180.8,West,Cash
3223,2023-04-09,CUST_00323,Female,36,Clothing,T-Shirt,5,105.05,525.25,East,Debit Card
10913,2023-04-10,CUST_00805,Female,42,Home & Kitchen,Bedsheet,3,137.33,411.99,South,Debit Card
1038,2023-04-10,CUST_00201,Male,55,Food,Organic Honey,4,30.22,120.88,East,UPI
5768,2023-04-10,CUST_00377,Male,38,Clothing,Dress,3,115.35,346.05,South,UPI
6289,2023-04-10,CUST_01243,Female,37,Electronics,Tablet,3,633.38,1900.14,South,UPI
9235,2023-04-10,CUST_01700,Male,37,Clothing,Shorts,3,35.23,105.69,South,Credit Card
9223,2023-04-10,CUST_00145,Female,35,Electronics,Power Bank,3,411.48,1234.44,East,Debit Card
1260,2023-04-10,CUST_01873,Male,19,Electronics,Bluetooth Speaker,5,301.03,1505.15,South,Debit Card
7268,2023-04-10,CUST_00726,Female,68,Beauty,Lipstick,2,101.45,202.9,North,UPI
5428,2023-04-10,CUST_00835,Male,49,Electronics,Smart Watch,2,153.03,306.06,North,Debit Card
6728,2023-04-10,CUST_00067,Female,30,Beauty,Eye Shadow,3,43.58,130.74,North,Cash
8175,2023-04-10,CUST_00664,Female,36,Beauty,Face Wash,4,67.19,268.76,South,UPI
2629,2023-04-10,CUST_01366,Female,50,Home & Kitchen,Cookware Set,2,230.78,461.56,North,UPI
9618,2023-04-10,CUST_01911,Female,55,Sports,Water Bottle,2,98.43,196.86,North,Debit Card
5170,2023-04-10,CUST_01855,Female,33,Food,Organic Honey,3,20.15,60.45,North,Cash
5421,2023-04-11,CUST_01762,Male,32,Electronics,Smart Watch,1,349.14,349.14,East,Cash
2763,2023-04-11,CUST_01109,Female,49,Clothing,Jacket,1,97.31,97.31,West,Cash
9036,2023-04-11,CUST_01272,Male,55,Clothing,Jacket,3,98.68,296.04,North,Debit Card
5389,2023-04-11,CUST_00650,Male,44,Electronics,Smartphone,2,123.66,247.32,West,Cash
1340,2023-04-11,CUST_00392,Female,59,Beauty,Lipstick,1,21.43,21.43,South,Debit Card
2810,2023-04-11,CUST_01191,Male,42,Food,Peanut Butter,3,11.28,33.84,North,UPI
10300,2023-04-11,CUST_01542,Female,48,Home & Kitchen,Pillow,7,239.62,1677.34,North,Cash
7711,2023-04-11,CUST_00187,Female,35,Sports,Football,1,184.3,184.3,North,Debit Card
7799,2023-04-11,CUST_00745,Female,31,Sports,Running Shoes,2,196.99,393.98,West,Credit Card
10489,2023-04-12,CUST_01375,Female,60,Home & Kitchen,Storage Container,6,248.2,1489.2,North,UPI
6802,2023-04-12,CUST_01626,Male,70,Home & Kitchen,Pillow,5,50.11,250.55,East,UPI
2891,2023-04-12,CUST_00234,Male,68,Beauty,Sunscreen,2,88.1,176.2,West,Credit Card
6108,2023-04-12,CUST_00064,Male,37,Home & Kitchen,Cookware Set,2,177.15,354.3,South,UPI
1889,2023-04-12,CUST_01284,Male,25,Sports,Cricket Bat,2,37.75,75.5,South,UPI
10316,2023-04-12,CUST_00980,Male,56,Beauty,Perfume,6,30.18,181.08,South,Debit Card
6133,2023-04-12,CUST_00502,Male,32,Home & Kitchen,Storage Container,5,93.77,468.85,West,Debit Card
7024,2023-04-12,CUST_00185,Male,38,Electronics,Power Bank,2,676.29,1352.58,West,UPI
8373,2023-04-12,CUST_01558,Female,49,Food,Granola,6,9.13,54.78,North,UPI
9890,2023-04-12,CUST_01086,Male,50,Home & Kitchen,Bedsheet,2,181.67,363.34,East,Credit Card
6905,2023-04-12,CUST_01552,Male,26,Clothing,Dress,2,13.63,27.26,West,UPI
9046,2023-04-13,CUST_00701,Male,49,Home & Kitchen,Blender,2,25.7,51.4,North,Cash
10896,2023-04-13,CUST_00456,Male,45,Clothing,Jeans,4,143.14,572.56,West,Credit Card
4524,2023-04-13,CUST_01282,Female,26,Sports,Running Shoes,4,67.51,270.04,South,Cash
2724,2023-04-13,CUST_01931,Female,38,Home & Kitchen,Storage Container,3,26.41,79.23,South,Credit Card
4945,2023-04-13,CUST_00896,Male,18,Home & Kitchen,Storage Container,3,130.59,391.77,North,Debit Card
1371,2023-04-13,CUST_00396,Male,62,Home & Kitchen,Storage Container,1,40.67,40.67,North,Credit Card
1434,2023-04-13,CUST_01829,Male,20,Electronics,Smartphone,5,614.38,3071.9,West,Credit Card
8427,2023-04-13,CUST_00938,Female,40,Home & Kitchen,Pillow,1,224.96,224.96,North,UPI
9750,2023-04-13,CUST_01562,Female,70,Home & Kitchen,Knife Set,2,87.72,175.44,North,UPI
10238,2023-04-13,CUST_00178,Male,61,Clothing,Dress,1,12.41,12.41,East,UPI
3155,2023-04-13,CUST_01904,Male,67,Home & Kitchen,Cookware Set,5,20.46,102.3,South,Debit Card
7030,2023-04-13,CUST_00029,Male,70,Food,Olive Oil,4,3.45,13.8,South,UPI
3616,2023-04-14,CUST_01033,Male,50,Home & Kitchen,Bedsheet,2,64.2,128.4,East,Credit Card
2185,2023-04-14,CUST_00756,Male,46,Home & Kitchen,Blender,3,128.29,384.87,South,Debit Card
1665,2023-04-14,CUST_00849,Female,43,Home & Kitchen,Storage Container,2,107.64,215.28,South,Debit Card
1207,2023-04-14,CUST_01658,Female,48,Home & Kitchen,Table Lamp,2,148.64,297.28,West,Cash
4034,2023-04-14,CUST_00377,Male,38,Food,Mixed Nuts,4,17.62,70.48,South,Debit Card
3946,2023-04-14,CUST_00373,Female,59,Food,Green Tea,1,33.23,33.23,South,Cash
7136,2023-04-14,CUST_01420,Male,55,Clothing,Hoodie,3,75.82,227.46,East,Credit Card
3855,2023-04-14,CUST_01231,Female,69,Beauty,Eye Shadow,1,62.36,62.36,South,Debit Card
6621,2023-04-14,CUST_01919,Female,59,Sports,Water Bottle,3,65.51,196.53,East,Credit Card
4098,2023-04-14,CUST_01402,Female,62,Food,Olive Oil,2,6.75,13.5,North,Debit Card
2524,2023-04-14,CUST_01516,Male,20,Clothing,Dress,4,120.83,483.32,West,Cash
10572,2023-04-14,CUST_01723,Male,66,Food,Peanut Butter,4,8.43,33.72,North,Cash
7615,2023-04-14,CUST_01372,Female,19,Clothing,Jeans,1,23.56,23.56,North,UPI
4798,2023-04-15,CUST_00429,Female,61,Beauty,Lipstick,4,80.1,320.4,North,Credit Card
1401,2023-04-15,CUST_00553,Male,36,Home & Kitchen,Blender,5,68.74,343.7,West,Cash
4199,2023-04-15,CUST_01852,Male,37,Home & Kitchen,Pillow,3,134.75,404.25,South,UPI
6708,2023-04-15,CUST_01770,Male,25,Home & Kitchen,Bedsheet,5,164.4,822.0,East,Debit Card
5147,2023-04-15,CUST_00370,Female,48,Home & Kitchen,Blender,2,121.26,242.52,West,UPI
8813,2023-04-15,CUST_00829,Female,35,Clothing,Sneakers,3,92.01,276.03,West,Credit Card
5066,2023-04-15,CUST_00927,Female,43,Home & Kitchen,Table Lamp,1,57.69,57.69,South,Debit Card
10932,2023-04-15,CUST_01859,Female,41,Beauty,Sunscreen,4,28.8,115.2,North,Debit Card
8769,2023-04-15,CUST_00778,Female,56,Home & Kitchen,Knife Set,1,107.71,107.71,South,UPI
9153,2023-04-15,CUST_00345,Female,18,Home & Kitchen,Knife Set,2,176.16,352.32,South,UPI
4786,2023-04-16,CUST_01788,Female,60,Beauty,Face Wash,1,70.14,70.14,South,Credit Card
6536,2023-04-16,CUST_01545,Female,56,Clothing,Sneakers,3,61.25,183.75,South,UPI
3271,2023-04-16,CUST_00246,Male,26,Clothing,Formal Shirt,3,96.13,288.39,West,Cash
2594,2023-04-16,CUST_01578,Male,68,Beauty,Moisturizer,2,18.33,36.66,South,Debit Card
1884,2023-04-16,CUST_00806,Male,42,Home & Kitchen,Wall Clock,2,87.73,175.46,North,Debit Card
8152,2023-04-16,CUST_00078,Male,19,Beauty,Eye Shadow,1,115.71,115.71,West,Debit Card
9000,2023-04-16,CUST_00154,Female,56,Clothing,Jeans,1,147.21,147.21,South,UPI
10614,2023-04-16,CUST_01264,Female,35,Clothing,Jeans,3,143.98,431.94,East,Credit Card
10442,2023-04-16,CUST_00892,Female,46,Clothing,Jeans,1,91.05,91.05,South,UPI
2298,2023-04-16,CUST_01766,Female,39,Home & Kitchen,Wall Clock,1,148.65,148.65,North,Debit Card
10017,2023-04-16,CUST_01196,Male,55,Beauty,Foundation,5,49.92,249.6,North,UPI
8885,2023-04-16,CUST_00998,Male,62,Clothing,Dress,2,132.95,265.9,North,Credit Card
6721,2023-04-16,CUST_01782,Male,48,Home & Kitchen,Wall Clock,2,180.96,361.92,North,Cash
9748,2023-04-16,CUST_01030,Female,26,Electronics,Power Bank,1,330.45,330.45,West,Debit Card
2276,2023-04-17,CUST_00758,Male,47,Clothing,Hoodie,2,129.17,258.34,South,UPI
9614,2023-04-17,CUST_01424,Female,18,Electronics,Laptop,4,627.95,2511.8,South,UPI
10480,2023-04-17,CUST_00378,Male,26,Clothing,Shorts,1,85.29,85.29,North,UPI
7047,2023-04-17,CUST_01412,Female,63,Home & Kitchen,Cookware Set,3,50.65,151.95,North,Debit Card
4078,2023-04-17,CUST_01631,Female,30,Clothing,Formal Shirt,1,133.71,133.71,West,UPI
4229,2023-04-17,CUST_01594,Male,31,Food,Dark Chocolate,6,37.17,223.02,South,UPI
4168,2023-04-17,CUST_01407,Female,40,Electronics,Headphones,2,526.71,1053.42,West,UPI
9084,2023-04-17,CUST_00072,Male,25,Home & Kitchen,Table Lamp,5,89.25,446.25,West,Cash
4865,2023-04-17,CUST_00104,Male,40,Home & Kitchen,Bedsheet,3,133.78,401.34,South,Credit Card
5211,2023-04-17,CUST_00050,Male,40,Electronics,USB Cable,3,718.57,2155.71,North,Debit Card
5667,2023-04-17,CUST_00208,Female,31,Home & Kitchen,Cookware Set,3,123.35,370.05,West,UPI
3642,2023-04-17,CUST_00359,Male,39,Clothing,Dress,1,11.29,11.29,South,Cash
10633,2023-04-17,CUST_00555,Female,67,Food,Olive Oil,1,5.38,5.38,North,UPI
2706,2023-04-17,CUST_01866,Female,70,Home & Kitchen,Table Lamp,2,238.44,476.88,North,Debit Card
7225,2023-04-17,CUST_01880,Male,25,Electronics,Bluetooth Speaker,5,350.54,1752.7,South,UPI
6662,2023-04-17,CUST_00801,Male,34,Food,Olive Oil,3,39.11,117.33,East,Credit Card
3087,2023-04-17,CUST_01445,Male,50,Sports,Skipping Rope,4,93.06,372.24,West,Debit Card
6106,2023-04-18,CUST_00272,Female,31,Clothing,T-Shirt,3,55.03,165.09,East,Credit Card
1983,2023-04-18,CUST_01803,Male,63,Food,Green Tea,3,11.89,35.67,West,Credit Card
2542,2023-04-18,CUST_01597,Male,37,Food,Peanut Butter,2,37.06,74.12,North,Credit Card
8806,2023-04-18,CUST_00194,Female,39,Food,Green Tea,1,10.66,10.66,East,Credit Card
10752,2023-04-18,CUST_00439,Male,35,Home & Kitchen,Cookware Set,4,35.86,143.44,South,Credit Card
6515,2023-04-18,CUST_00099,Female,40,Home & Kitchen,Knife Set,2,126.96,253.92,North,Debit Card
8293,2023-04-18,CUST_01747,Male,54,Sports,Yoga Mat,6,175.5,1053.0,West,Debit Card
5791,2023-04-18,CUST_00393,Male,68,Clothing,Dress,4,41.86,167.44,West,Cash
2178,2023-04-18,CUST_01346,Male,69,Home & Kitchen,Blender,3,208.85,626.55,South,Credit Card
6082,2023-04-18,CUST_01951,Male,19,Beauty,Perfume,1,61.33,61.33,South,Cash
6753,2023-04-18,CUST_00951,Female,21,Electronics,Tablet,6,298.83,1792.98,East,Credit Card
7069,2023-04-18,CUST_01571,Male,42,Clothing,Dress,1,108.51,108.51,West,Credit Card
6541,2023-04-18,CUST_00340,Female,44,Home & Kitchen,Table Lamp,3,155.32,465.96,North,Cash
10557,2023-04-18,CUST_00815,Male,30,Electronics,Tablet,2,707.9,1415.8,West,Cash
1635,2023-04-18,CUST_01478,Male,68,Food,Protein Bar,4,15.96,63.84,East,Debit Card
2463,2023-04-18,CUST_01509,Male,68,Electronics,Headphones,3,790.88,2372.64,North,Credit Card
5205,2023-04-19,CUST_01080,Female,69,Beauty,Eye Shadow,2,32.77,65.54,West,Credit Card
9272,2023-04-19,CUST_00885,Female,69,Home & Kitchen,Bedsheet,7,200.58,1404.06,East,UPI
10546,2023-04-19,CUST_00259,Female,18,Electronics,Smartphone,6,68.17,409.02,South,Debit Card
6784,2023-04-19,CUST_01988,Female,32,Home & Kitchen,Wall Clock,4,125.74,502.96,West,Debit Card
10037,2023-04-19,CUST_01991,Male,55,Clothing,Sneakers,1,138.84,138.84,North,Credit Card
9999,2023-04-19,CUST_01245,Male,47,Home & Kitchen,Bedsheet,3,153.6,460.8,West,Debit Card
7143,2023-04-19,CUST_00612,Male,52,Beauty,Perfume,5,45.13,225.65,East,UPI
1100,2023-04-19,CUST_00263,Male,40,Clothing,Formal Shirt,3,34.21,102.63,East,Debit Card
3299,2023-04-19,CUST_00933,Male,33,Home & Kitchen,Cookware Set,2,122.52,245.04,South,UPI
10968,2023-04-20,CUST_00208,Female,31,Electronics,Headphones,3,162.96,488.88,West,Credit Card
5614,2023-04-20,CUST_01801,Male,52,Home & Kitchen,Pillow,4,62.06,248.24,East,Credit Card
9034,2023-04-20,CUST_00860,Male,40,Home & Kitchen,Knife Set,2,198.63,397.26,South,Credit Card
10936,2023-04-20,CUST_01201,Female,21,Food,Granola,5,14.32,71.6,North,Credit Card
3506,2023-04-20,CUST_00755,Male,47,Home & Kitchen,Table Lamp,3,98.08,294.24,East,Debit Card
6921,2023-04-20,CUST_01859,Female,41,Home & Kitchen,Wall Clock,5,168.54,842.7,North,Debit Card
5850,2023-04-20,CUST_00525,Male,68,Home & Kitchen,Knife Set,3,82.21,246.63,West,Credit Card
8491,2023-04-20,CUST_01631,Female,30,Sports,Running Shoes,2,141.68,283.36,West,UPI
3202,2023-04-21,CUST_01149,Male,60,Sports,Skipping Rope,3,153.23,459.69,East,Cash
7802,2023-04-21,CUST_01906,Female,20,Electronics,Smartphone,2,201.44,402.88,East,Credit Card
8228,2023-04-21,CUST_00786,Female,60,Beauty,Moisturizer,6,119.05,714.3,South,Debit Card
2759,2023-04-21,CUST_00283,Male,26,Electronics,Smart Watch,2,167.83,335.66,South,Credit Card
1124,2023-04-21,CUST_00883,Male,25,Electronics,Headphones,1,278.17,278.17,East,Credit Card
1771,2023-04-21,CUST_00908,Female,60,Home & Kitchen,Wall Clock,2,200.56,401.12,South,UPI
2068,2023-04-21,CUST_00573,Male,23,Beauty,Hair Oil,3,61.99,185.97,East,Cash
4181,2023-04-21,CUST_00780,Female,53,Beauty,Perfume,4,72.0,288.0,West,Credit Card
5742,2023-04-21,CUST_01026,Male,66,Food,Mixed Nuts,3,18.03,54.09,West,Credit Card
10414,2023-04-21,CUST_01081,Male,18,Clothing,Sneakers,4,112.37,449.48,North,Credit Card
5885,2023-04-21,CUST_00307,Male,33,Sports,Football,2,130.79,261.58,South,Credit Card
3195,2023-04-22,CUST_00260,Male,38,Food,Mixed Nuts,3,29.85,89.55,East,Cash
1455,2023-04-22,CUST_01414,Male,46,Beauty,Perfume,2,88.32,176.64,South,Cash
3679,2023-04-22,CUST_00382,Female,66,Home & Kitchen,Knife Set,2,47.74,95.48,South,Credit Card
2412,2023-04-22,CUST_00752,Female,32,Electronics,Bluetooth Speaker,1,678.92,678.92,East,UPI
3552,2023-04-22,CUST_01237,Female,24,Beauty,Sunscreen,1,104.72,104.72,West,Cash
4674,2023-04-22,CUST_01979,Female,36,Clothing,Sneakers,1,138.02,138.02,East,UPI
8204,2023-04-23,CUST_01505,Male,70,Clothing,T-Shirt,1,12.65,12.65,West,Credit Card
6557,2023-04-23,CUST_00605,Male,66,Beauty,Sunscreen,3,8.44,25.32,East,Debit Card
10811,2023-04-23,CUST_00505,Female,27,Home & Kitchen,Knife Set,2,197.5,395.0,South,UPI
6547,2023-04-23,CUST_01832,Female,22,Clothing,Dress,1,120.42,120.42,South,Credit Card
5674,2023-04-23,CUST_00253,Female,55,Food,Granola,2,11.18,22.36,West,Credit Card
1677,2023-04-23,CUST_01609,Male,35,Food,Organic Honey,1,29.19,29.19,West,Cash
10481,2023-04-23,CUST_01100,Female,44,Home & Kitchen,Blender,3,238.98,716.94,West,Cash
7771,2023-04-23,CUST_01099,Male,55,Home & Kitchen,Knife Set,1,205.36,205.36,East,UPI
10351,2023-04-23,CUST_00669,Female,39,Food,Olive Oil,1,36.14,36.14,East,Debit Card
9876,2023-04-23,CUST_01108,Female,19,Beauty,Eye Shadow,2,22.27,44.54,South,UPI
3220,2023-04-23,CUST_00705,Male,69,Home & Kitchen,Table Lamp,4,117.12,468.48,East,Debit Card
9370,2023-04-23,CUST_01250,Female,52,Home & Kitchen,Bedsheet,5,206.54,1032.7,West,UPI
8514,2023-04-23,CUST_00515,Male,37,Clothing,T-Shirt,2,118.1,236.2,South,Credit Card
3037,2023-04-24,CUST_00075,Female,35,Food,Organic Honey,6,23.87,143.22,West,Credit Card
1810,2023-04-24,CUST_01501,Male,59,Beauty,Moisturizer,2,25.23,50.46,South,Credit Card
6519,2023-04-24,CUST_00330,Female,59,Home & Kitchen,Storage Container,2,99.82,199.64,South,Debit Card
8563,2023-04-24,CUST_01517,Female,64,Clothing,Jacket,4,126.94,507.76,South,Cash
7621,2023-04-24,CUST_01954,Female,40,Food,Mixed Nuts,2,17.06,34.12,North,Debit Card
4043,2023-04-24,CUST_01090,Male,56,Beauty,Moisturizer,2,84.96,169.92,West,Cash
7122,2023-04-24,CUST_00236,Female,44,Home & Kitchen,Knife Set,1,176.33,176.33,East,Debit Card
3309,2023-04-24,CUST_01723,Male,66,Food,Organic Honey,3,27.93,83.79,North,UPI
10183,2023-04-24,CUST_01994,Female,62,Food,Olive Oil,5,27.76,138.8,West,Credit Card
1547,2023-04-24,CUST_00918,Female,40,Electronics,Laptop,1,759.15,759.15,North,UPI
7742,2023-04-24,CUST_00103,Male,50,Food,Mixed Nuts,3,13.37,40.11,North,Debit Card
1182,2023-04-24,CUST_01926,Male,21,Clothing,Hoodie,5,114.19,570.95,North,Cash
8919,2023-04-24,CUST_01809,Female,67,Sports,Water Bottle,2,58.24,116.48,West,UPI
7438,2023-04-25,CUST_00222,Female,20,Electronics,USB Cable,2,456.64,913.28,East,Credit Card
8805,2023-04-25,CUST_00112,Female,35,Food,Olive Oil,1,18.03,18.03,West,UPI
10845,2023-04-25,CUST_00381,Female,56,Home & Kitchen,Blender,5,61.42,307.1,West,Credit Card
1695,2023-04-25,CUST_01440,Male,51,Home & Kitchen,Knife Set,1,242.59,242.59,East,UPI
3044,2023-04-25,CUST_01706,Female,63,Home & Kitchen,Pillow,2,48.38,96.76,South,Debit Card
10028,2023-04-25,CUST_00462,Female,28,Electronics,Laptop,2,443.59,887.18,South,Debit Card
9452,2023-04-25,CUST_01246,Female,27,Sports,Running Shoes,2,31.82,63.64,North,Cash
3335,2023-04-25,CUST_01752,Male,68,Food,Dark Chocolate,3,16.95,50.85,South,UPI
4252,2023-04-25,CUST_00227,Female,43,Electronics,USB Cable,1,605.7,605.7,North,Debit Card
3250,2023-04-25,CUST_01756,Male,41,Electronics,Smartphone,2,748.77,1497.54,North,Credit Card
5261,2023-04-25,CUST_01392,Male,36,Home & Kitchen,Table Lamp,1,198.6,198.6,West,Cash
4852,2023-04-26,CUST_01209,Male,62,Home & Kitchen,Blender,5,63.29,316.45,North,Debit Card
3427,2023-04-26,CUST_00327,Female,34,Electronics,Headphones,1,366.95,366.95,West,Cash
1334,2023-04-26,CUST_01086,Male,50,Sports,Dumbbells,2,70.32,140.64,East,Debit Card
8450,2023-04-26,CUST_01397,Male,22,Home & Kitchen,Storage Container,4,217.9,871.6,South,UPI
7183,2023-04-26,CUST_00782,Female,28,Electronics,Tablet,4,177.21,708.84,South,UPI
2669,2023-04-26,CUST_01512,Female,22,Beauty,Face Wash,3,67.36,202.08,West,Credit Card
4770,2023-04-26,CUST_01842,Female,29,Clothing,Hoodie,1,34.15,34.15,West,Credit Card
9971,2023-04-26,CUST_01527,Male,30,Beauty,Foundation,2,41.51,83.02,West,Debit Card
1080,2023-04-26,CUST_00321,Male,46,Beauty,Hair Oil,2,16.78,33.56,North,UPI
7606,2023-04-26,CUST_00796,Female,43,Food,Olive Oil,2,39.59,79.18,South,UPI
10551,2023-04-26,CUST_01322,Male,59,Home & Kitchen,Storage Container,2,229.48,458.96,North,Credit Card
9427,2023-04-27,CUST_01677,Male,33,Home & Kitchen,Bedsheet,3,12.83,38.49,East,UPI
8995,2023-04-27,CUST_00257,Female,55,Food,Dark Chocolate,1,7.96,7.96,West,Credit Card
7478,2023-04-27,CUST_00962,Female,26,Electronics,Smartphone,1,740.94,740.94,North,Debit Card
9449,2023-04-27,CUST_01747,Male,54,Beauty,Lipstick,2,8.55,17.1,West,Credit Card
4216,2023-04-27,CUST_01096,Female,35,Home & Kitchen,Bedsheet,4,229.86,919.44,East,Credit Card
1430,2023-04-27,CUST_00350,Male,22,Home & Kitchen,Pillow,1,107.63,107.63,South,Cash
2253,2023-04-27,CUST_00879,Male,49,Sports,Water Bottle,1,52.83,52.83,North,Cash
8595,2023-04-27,CUST_00702,Male,48,Beauty,Face Wash,7,65.32,457.24,North,UPI
9123,2023-04-27,CUST_01723,Male,66,Beauty,Hair Oil,2,35.76,71.52,North,Debit Card
7597,2023-04-27,CUST_00679,Female,62,Home & Kitchen,Wall Clock,1,223.48,223.48,West,UPI
1461,2023-04-27,CUST_00300,Male,29,Food,Granola,2,10.93,21.86,South,Credit Card
4254,2023-04-27,CUST_01329,Female,23,Clothing,Jacket,2,98.78,197.56,North,Credit Card
1751,2023-04-27,CUST_00004,Male,34,Home & Kitchen,Blender,6,72.84,437.04,East,Cash
1939,2023-04-27,CUST_01487,Male,35,Sports,Resistance Band,3,90.71,272.13,West,Cash
8849,2023-04-28,CUST_00665,Male,41,Home & Kitchen,Pillow,2,230.71,461.42,North,UPI
1381,2023-04-28,CUST_01416,Female,18,Sports,Dumbbells,2,52.15,104.3,North,UPI
6094,2023-04-28,CUST_01241,Male,21,Food,Peanut Butter,5,4.25,21.25,South,Credit Card
4838,2023-04-28,CUST_01744,Male,62,Clothing,Jeans,1,71.37,71.37,West,Debit Card
10835,2023-04-28,CUST_00668,Female,27,Sports,Dumbbells,1,157.02,157.02,East,Credit Card
1460,2023-04-28,CUST_01028,Male,38,Beauty,Face Wash,3,111.32,333.96,East,Cash
2961,2023-04-28,CUST_01448,Male,18,Beauty,Lipstick,3,114.99,344.97,East,Credit Card
5736,2023-04-28,CUST_01165,Female,21,Electronics,USB Cable,1,192.51,192.51,East,Cash
4789,2023-04-28,CUST_01458,Female,32,Electronics,Smart Watch,5,439.28,2196.4,South,Cash
3833,2023-04-28,CUST_01608,Female,54,Beauty,Eye Shadow,1,64.02,64.02,North,UPI
5151,2023-04-28,CUST_01240,Male,20,Clothing,Hoodie,1,40.68,40.68,South,Debit Card
3707,2023-04-29,CUST_00846,Female,59,Beauty,Moisturizer,2,62.95,125.9,South,Cash
8532,2023-04-29,CUST_00208,Female,31,Home & Kitchen,Knife Set,3,140.99,422.97,West,Credit Card
1091,2023-04-29,CUST_01984,Female,27,Beauty,Eye Shadow,1,88.16,88.16,North,Cash
8243,2023-04-29,CUST_00362,Female,70,Beauty,Face Wash,1,85.38,85.38,North,Credit Card
5631,2023-04-29,CUST_00349,Male,21,Home & Kitchen,Storage Container,1,21.74,21.74,East,Credit Card
8584,2023-04-29,CUST_01409,Female,33,Home & Kitchen,Blender,3,105.2,315.6,West,Cash
1645,2023-04-29,CUST_00447,Male,57,Home & Kitchen,Bedsheet,2,29.58,59.16,East,Credit Card
8056,2023-04-29,CUST_00304,Female,44,Home & Kitchen,Storage Container,6,161.09,966.54,East,Cash
2482,2023-04-29,CUST_00285,Male,53,Home & Kitchen,Storage Container,3,158.73,476.19,South,UPI
9141,2023-04-29,CUST_01069,Female,27,Beauty,Face Wash,2,92.58,185.16,East,Credit Card
5997,2023-04-29,CUST_01509,Male,68,Food,Olive Oil,2,5.33,10.66,North,Credit Card
6090,2023-04-29,CUST_01532,Female,34,Electronics,Tablet,5,773.95,3869.75,West,Credit Card
4761,2023-04-29,CUST_01684,Male,22,Clothing,Shorts,5,74.04,370.2,North,UPI
1133,2023-04-29,CUST_01885,Male,38,Clothing,Jacket,3,16.0,48.0,North,Credit Card
7843,2023-04-30,CUST_00804,Female,37,Sports,Resistance Band,3,11.79,35.37,North,Credit Card
3356,2023-04-30,CUST_00417,Female,67,Beauty,Eye Shadow,4,102.51,410.04,South,UPI
2722,2023-04-30,CUST_00959,Female,69,Electronics,Smart Watch,1,168.29,168.29,North,Credit Card
2847,2023-04-30,CUST_00959,Female,69,Beauty,Eye Shadow,3,66.31,198.93,North,Cash
5731,2023-04-30,CUST_01720,Male,33,Food,Dark Chocolate,2,35.87,71.74,West,Cash
4930,2023-04-30,CUST_00579,Female,42,Sports,Running Shoes,6,137.67,826.02,North,Credit Card
7261,2023-04-30,CUST_00874,Male,35,Home & Kitchen,Wall Clock,1,96.33,96.33,South,Cash
2822,2023-04-30,CUST_00502,Male,32,Beauty,Lipstick,3,11.32,33.96,West,UPI
8375,2023-04-30,CUST_01907,Female,57,Home & Kitchen,Blender,5,16.67,83.35,South,UPI
2034,2023-04-30,CUST_01220,Female,51,Home & Kitchen,Storage Container,2,221.86,443.72,South,Debit Card
1605,2023-04-30,CUST_00397,Male,36,Home & Kitchen,Knife Set,1,32.31,32.31,South,Cash
7227,2023-04-30,CUST_01285,Male,36,Home & Kitchen,Knife Set,1,243.18,243.18,North,Cash
3339,2023-04-30,CUST_00896,Male,18,Electronics,USB Cable,1,332.69,332.69,North,UPI
6030,2023-04-30,CUST_00179,Female,52,Beauty,Face Wash,3,29.48,88.44,South,Debit Card
6817,2023-04-30,CUST_01391,Female,40,Clothing,Hoodie,1,120.29,120.29,West,Credit Card
5248,2023-04-30,CUST_00646,Female,44,Electronics,USB Cable,4,564.1,2256.4,East,Cash
8918,2023-04-30,CUST_01196,Male,55,Home & Kitchen,Storage Container,2,198.2,396.4,North,Credit Card
10232,2023-05-01,CUST_00923,Female,49,Sports,Football,4,145.99,583.96,West,UPI
2536,2023-05-01,CUST_00767,Female,33,Beauty,Lipstick,1,114.3,114.3,East,Cash
10917,2023-05-01,CUST_00468,Male,63,Food,Organic Honey,7,16.21,113.47,East,Cash
8936,2023-05-01,CUST_00046,Female,34,Sports,Yoga Mat,2,186.03,372.06,North,UPI
8122,2023-05-01,CUST_01706,Female,63,Electronics,Power Bank,1,566.95,566.95,South,Debit Card
1041,2023-05-01,CUST_00574,Female,28,Electronics,Bluetooth Speaker,1,177.87,177.87,North,Credit Card
2418,2023-05-01,CUST_01056,Female,20,Home & Kitchen,Bedsheet,3,156.55,469.65,East,UPI
5799,2023-05-01,CUST_00100,Male,25,Sports,Running Shoes,2,183.4,366.8,East,Credit Card
3367,2023-05-02,CUST_01190,Male,37,Food,Organic Honey,2,6.71,13.42,South,UPI
7212,2023-05-02,CUST_01550,Female,32,Sports,Resistance Band,2,127.81,255.62,West,Credit Card
5801,2023-05-02,CUST_00951,Female,21,Electronics,Bluetooth Speaker,3,624.97,1874.91,East,Cash
3581,2023-05-02,CUST_00962,Female,26,Electronics,Smartphone,3,675.68,2027.04,North,Debit Card
9929,2023-05-02,CUST_00523,Female,58,Home & Kitchen,Knife Set,2,198.63,397.26,West,Cash
8802,2023-05-02,CUST_01976,Male,48,Sports,Skipping Rope,2,164.6,329.2,East,Cash
5903,2023-05-02,CUST_00729,Female,53,Food,Organic Honey,1,16.38,16.38,East,Credit Card
5977,2023-05-02,CUST_01757,Male,25,Electronics,Smartphone,1,211.41,211.41,South,Credit Card
9810,2023-05-02,CUST_01237,Female,24,Food,Mixed Nuts,1,11.96,11.96,West,UPI
5401,2023-05-02,CUST_01645,Male,32,Food,Green Tea,2,40.0,80.0,South,UPI
9749,2023-05-02,CUST_01219,Female,28,Beauty,Perfume,3,13.51,40.53,East,Debit Card
3479,2023-05-03,CUST_01967,Female,31,Clothing,Shorts,3,98.24,294.72,South,UPI
8503,2023-05-03,CUST_01903,Male,20,Beauty,Perfume,5,103.8,519.0,West,Credit Card
9856,2023-05-03,CUST_00793,Female,70,Home & Kitchen,Cookware Set,3,58.16,174.48,North,UPI
5313,2023-05-03,CUST_01667,Male,20,Clothing,Hoodie,3,106.96,320.88,South,UPI
6603,2023-05-03,CUST_01389,Female,46,Home & Kitchen,Pillow,3,102.98,308.94,East,Cash
1813,2023-05-03,CUST_00611,Female,44,Electronics,Tablet,3,206.83,620.49,North,UPI
1719,2023-05-03,CUST_00706,Male,58,Home & Kitchen,Storage Container,1,148.99,148.99,East,Cash
3687,2023-05-03,CUST_01064,Female,58,Home & Kitchen,Storage Container,3,92.36,277.08,West,Debit Card
2254,2023-05-03,CUST_00590,Male,27,Sports,Resistance Band,4,186.01,744.04,East,UPI
10995,2023-05-03,CUST_00505,Female,27,Electronics,Laptop,2,594.99,1189.98,South,UPI
6450,2023-05-04,CUST_01096,Female,35,Sports,Resistance Band,1,146.74,146.74,East,Debit Card
10730,2023-05-04,CUST_01289,Female,45,Clothing,Hoodie,4,127.98,511.92,South,Debit Card
9228,2023-05-04,CUST_01762,Male,32,Clothing,Jeans,4,67.67,270.68,East,Cash
8140,2023-05-04,CUST_01185,Male,53,Home & Kitchen,Blender,1,159.39,159.39,West,Debit Card
5203,2023-05-04,CUST_00081,Male,47,Food,Dark Chocolate,3,14.02,42.06,East,UPI
4589,2023-05-04,CUST_00923,Female,49,Clothing,T-Shirt,4,51.38,205.52,West,UPI
3703,2023-05-04,CUST_01076,Male,50,Clothing,T-Shirt,1,37.93,37.93,West,Credit Card
5067,2023-05-04,CUST_00057,Male,50,Home & Kitchen,Bedsheet,2,50.58,101.16,West,UPI
10156,2023-05-04,CUST_01077,Male,63,Clothing,Dress,5,16.41,82.05,West,UPI
9776,2023-05-04,CUST_01725,Male,59,Electronics,USB Cable,6,459.26,2755.56,West,Debit Card
3168,2023-05-04,CUST_00416,Male,49,Home & Kitchen,Table Lamp,2,203.96,407.92,South,UPI
4682,2023-05-04,CUST_01759,Male,64,Beauty,Eye Shadow,1,88.29,88.29,South,UPI
7439,2023-05-04,CUST_00766,Male,32,Clothing,T-Shirt,5,27.93,139.65,South,Cash
9327,2023-05-04,CUST_01308,Male,24,Sports,Football,1,130.31,130.31,South,UPI
7966,2023-05-04,CUST_01624,Male,22,Electronics,Headphones,3,38.41,115.23,North,Credit Card
6142,2023-05-04,CUST_00775,Female,47,Electronics,Laptop,5,197.55,987.75,East,UPI
6655,2023-05-04,CUST_01588,Female,58,Clothing,Hoodie,3,23.38,70.14,South,Credit Card
5400,2023-05-05,CUST_00229,Female,36,Home & Kitchen,Blender,2,88.0,176.0,North,UPI
8440,2023-05-05,CUST_00916,Female,65,Beauty,Foundation,4,34.37,137.48,East,Credit Card
9207,2023-05-05,CUST_01325,Male,21,Sports,Water Bottle,3,156.73,470.19,North,UPI
1773,2023-05-05,CUST_01064,Female,58,Home & Kitchen,Blender,6,230.63,1383.78,West,Credit Card
9127,2023-05-05,CUST_00307,Male,33,Clothing,Sneakers,1,35.85,35.85,South,UPI
1295,2023-05-05,CUST_01928,Female,64,Food,Protein Bar,1,34.98,34.98,West,Credit Card
10220,2023-05-05,CUST_01924,Male,59,Beauty,Moisturizer,2,40.44,80.88,North,Credit Card
7480,2023-05-05,CUST_00445,Male,55,Sports,Football,1,23.19,23.19,East,Credit Card
7105,2023-05-05,CUST_00954,Male,56,Home & Kitchen,Blender,4,245.66,982.64,South,Credit Card
7039,2023-05-05,CUST_01591,Female,61,Clothing,Shorts,1,106.04,106.04,South,UPI
2647,2023-05-05,CUST_00073,Male,33,Food,Organic Honey,4,33.38,133.52,East,Credit Card
9768,2023-05-05,CUST_00993,Female,26,Food,Granola,2,13.27,26.54,North,Cash
8094,2023-05-05,CUST_00466,Male,60,Food,Mixed Nuts,3,15.46,46.38,East,UPI
9799,2023-05-05,CUST_00169,Male,22,Beauty,Sunscreen,1,66.45,66.45,South,Debit Card
9162,2023-05-05,CUST_01498,Female,32,Clothing,Hoodie,3,88.29,264.87,East,UPI
9823,2023-05-05,CUST_01909,Female,29,Sports,Running Shoes,4,55.45,221.8,East,Credit Card
9051,2023-05-05,CUST_01562,Female,70,Food,Olive Oil,4,11.62,46.48,North,Cash
1656,2023-05-05,CUST_01569,Male,25,Food,Granola,1,17.3,17.3,North,Cash
7042,2023-05-05,CUST_01181,Female,21,Electronics,Headphones,5,64.76,323.8,North,Cash
5279,2023-05-05,CUST_01381,Male,26,Electronics,Laptop,2,695.26,1390.52,West,Credit Card
8301,2023-05-06,CUST_00184,Male,65,Home & Kitchen,Storage Container,1,205.89,205.89,South,Credit Card
2837,2023-05-06,CUST_00672,Female,56,Food,Green Tea,3,15.39,46.17,West,Debit Card
7934,2023-05-06,CUST_01533,Male,25,Beauty,Perfume,3,56.93,170.79,South,Credit Card
3901,2023-05-06,CUST_00079,Female,42,Beauty,Face Wash,1,50.33,50.33,South,Cash
5187,2023-05-06,CUST_00626,Male,37,Food,Granola,1,32.37,32.37,North,UPI
8963,2023-05-06,CUST_00195,Female,64,Home & Kitchen,Cookware Set,1,211.85,211.85,North,UPI
1589,2023-05-06,CUST_00276,Male,37,Home & Kitchen,Cookware Set,2,181.56,363.12,East,Credit Card
7028,2023-05-06,CUST_01099,Male,55,Food,Protein Bar,1,5.02,5.02,East,Debit Card
1588,2023-05-06,CUST_00387,Female,19,Electronics,Bluetooth Speaker,6,43.47,260.82,West,Debit Card
2593,2023-05-06,CUST_01970,Male,55,Sports,Resistance Band,1,43.52,43.52,South,Credit Card
2162,2023-05-06,CUST_00190,Female,41,Sports,Yoga Mat,1,12.25,12.25,West,Cash
8753,2023-05-06,CUST_01572,Female,66,Clothing,Jacket,2,96.21,192.42,North,Credit Card
6576,2023-05-06,CUST_01719,Female,19,Beauty,Lipstick,1,47.52,47.52,East,UPI
10592,2023-05-06,CUST_01944,Female,61,Beauty,Perfume,1,95.26,95.26,West,Cash
6272,2023-05-07,CUST_00505,Female,27,Clothing,Jeans,1,45.27,45.27,South,Debit Card
2120,2023-05-07,CUST_01528,Female,42,Clothing,Jacket,1,130.15,130.15,North,Credit Card
7607,2023-05-07,CUST_00221,Female,26,Sports,Running Shoes,2,77.08,154.16,West,Credit Card
4412,2023-05-07,CUST_01453,Male,61,Food,Protein Bar,1,33.46,33.46,East,Debit Card
2200,2023-05-07,CUST_01216,Female,26,Electronics,Bluetooth Speaker,6,631.12,3786.72,North,Credit Card
4536,2023-05-07,CUST_00641,Female,43,Home & Kitchen,Blender,5,132.68,663.4,West,Credit Card
6656,2023-05-07,CUST_00462,Female,28,Sports,Cricket Bat,7,32.45,227.15,South,Credit Card
6903,2023-05-07,CUST_01586,Female,34,Electronics,Power Bank,2,717.98,1435.96,North,UPI
10260,2023-05-07,CUST_01963,Female,53,Beauty,Moisturizer,3,46.95,140.85,East,UPI
8504,2023-05-07,CUST_01337,Female,55,Food,Organic Honey,2,17.8,35.6,North,UPI
1540,2023-05-07,CUST_00301,Female,64,Beauty,Foundation,4,14.21,56.84,West,Debit Card
8197,2023-05-08,CUST_00901,Female,37,Clothing,Hoodie,5,116.38,581.9,West,Credit Card
8907,2023-05-08,CUST_01032,Male,67,Home & Kitchen,Pillow,3,98.05,294.15,South,Cash
7496,2023-05-08,CUST_00524,Male,63,Clothing,Hoodie,1,132.86,132.86,East,UPI
5588,2023-05-08,CUST_01699,Female,34,Electronics,Laptop,3,608.67,1826.01,South,Cash
9321,2023-05-08,CUST_00448,Male,46,Home & Kitchen,Knife Set,3,193.56,580.68,East,Cash
3477,2023-05-08,CUST_00212,Female,51,Home & Kitchen,Pillow,1,209.99,209.99,West,Credit Card
2247,2023-05-08,CUST_00975,Female,56,Beauty,Perfume,3,76.88,230.64,West,Cash
2735,2023-05-08,CUST_00097,Male,28,Beauty,Moisturizer,1,24.99,24.99,West,UPI
9430,2023-05-08,CUST_00910,Female,68,Clothing,Jeans,1,136.6,136.6,East,Credit Card
3316,2023-05-08,CUST_00994,Female,59,Beauty,Perfume,2,5.29,10.58,North,UPI
9425,2023-05-08,CUST_01623,Male,38,Clothing,Jeans,6,100.5,603.0,South,UPI
7816,2023-05-08,CUST_01850,Female,59,Beauty,Perfume,1,21.36,21.36,South,Debit Card
5087,2023-05-08,CUST_01639,Female,44,Home & Kitchen,Table Lamp,5,14.81,74.05,North,Debit Card
8065,2023-05-08,CUST_00199,Female,43,Home & Kitchen,Cookware Set,3,39.13,117.39,East,UPI
6150,2023-05-08,CUST_01778,Female,52,Clothing,Jeans,6,100.66,603.96,North,UPI
8223,2023-05-08,CUST_01065,Male,68,Clothing,Hoodie,2,11.07,22.14,West,Credit Card
6725,2023-05-08,CUST_00245,Female,50,Clothing,Dress,2,29.52,59.04,North,Cash
6168,2023-05-08,CUST_01391,Female,40,Electronics,Headphones,3,56.17,168.51,West,UPI
2388,2023-05-08,CUST_01642,Female,59,Food,Peanut Butter,1,30.49,30.49,South,Debit Card
10803,2023-05-08,CUST_00336,Male,24,Clothing,Sneakers,2,36.58,73.16,South,Debit Card
7670,2023-05-08,CUST_01153,Male,60,Beauty,Sunscreen,6,31.23,187.38,South,Cash
10644,2023-05-09,CUST_00572,Male,54,Beauty,Moisturizer,2,85.31,170.62,West,Credit Card
7017,2023-05-09,CUST_00458,Female,45,Home & Kitchen,Cookware Set,3,171.58,514.74,North,UPI
8142,2023-05-09,CUST_01601,Male,30,Home & Kitchen,Pillow,1,152.71,152.71,West,Debit Card
2292,2023-05-09,CUST_01066,Male,42,Clothing,Formal Shirt,2,48.16,96.32,North,Credit Card
2366,2023-05-09,CUST_00534,Female,29,Clothing,Shorts,3,27.2,81.6,North,Debit Card
9362,2023-05-09,CUST_00933,Male,33,Food,Green Tea,2,31.79,63.58,South,Cash
7675,2023-05-09,CUST_01113,Female,35,Home & Kitchen,Blender,3,23.96,71.88,South,Credit Card
5872,2023-05-09,CUST_00489,Female,67,Beauty,Face Wash,4,100.52,402.08,East,Cash
2685,2023-05-09,CUST_00318,Male,65,Home & Kitchen,Cookware Set,4,134.02,536.08,South,Debit Card
5332,2023-05-09,CUST_00451,Male,70,Clothing,Hoodie,1,140.01,140.01,South,Debit Card
5644,2023-05-09,CUST_00849,Female,43,Electronics,Laptop,4,533.63,2134.52,South,Credit Card
2869,2023-05-09,CUST_01571,Male,42,Home & Kitchen,Bedsheet,1,70.8,70.8,West,UPI
10070,2023-05-09,CUST_01293,Male,66,Home & Kitchen,Cookware Set,3,225.02,675.06,West,Cash
3995,2023-05-09,CUST_00099,Female,40,Sports,Water Bottle,2,18.78,37.56,North,Credit Card
3600,2023-05-10,CUST_01847,Male,57,Home & Kitchen,Knife Set,4,41.23,164.92,South,Debit Card
6183,2023-05-10,CUST_00266,Male,48,Home & Kitchen,Table Lamp,2,146.95,293.9,West,Debit Card
9872,2023-05-10,CUST_00567,Female,56,Home & Kitchen,Blender,2,115.44,230.88,South,Cash
5467,2023-05-10,CUST_01267,Male,20,Beauty,Perfume,1,53.69,53.69,South,Credit Card
5185,2023-05-10,CUST_01257,Female,56,Clothing,Sneakers,2,67.72,135.44,North,Credit Card
5498,2023-05-10,CUST_01926,Male,21,Clothing,Hoodie,1,48.44,48.44,North,Debit Card
6532,2023-05-10,CUST_01344,Male,61,Beauty,Face Wash,1,48.97,48.97,North,Cash
10584,2023-05-10,CUST_01341,Female,32,Food,Dark Chocolate,1,30.46,30.46,West,Debit Card
6511,2023-05-10,CUST_00954,Male,56,Home & Kitchen,Bedsheet,2,175.49,350.98,South,Cash
6443,2023-05-10,CUST_00039,Male,41,Clothing,T-Shirt,2,132.96,265.92,East,Credit Card
2985,2023-05-10,CUST_01921,Male,65,Beauty,Perfume,4,61.7,246.8,North,Credit Card
1557,2023-05-10,CUST_01827,Male,40,Electronics,Power Bank,2,87.94,175.88,West,Credit Card
9415,2023-05-10,CUST_00742,Male,33,Beauty,Hair Oil,5,84.15,420.75,North,Debit Card
5142,2023-05-11,CUST_01098,Female,65,Food,Organic Honey,2,19.49,38.98,South,Credit Card
9492,2023-05-11,CUST_00205,Male,22,Home & Kitchen,Bedsheet,1,44.13,44.13,West,Cash
2698,2023-05-11,CUST_01265,Female,42,Clothing,Sneakers,2,40.15,80.3,North,Cash
3765,2023-05-11,CUST_00978,Female,20,Clothing,Jeans,1,16.01,16.01,North,Debit Card
10153,2023-05-11,CUST_01247,Female,18,Clothing,T-Shirt,1,18.43,18.43,West,Cash
6296,2023-05-11,CUST_01430,Female,42,Clothing,Jeans,5,41.23,206.15,South,Debit Card
8443,2023-05-11,CUST_01237,Female,24,Electronics,Power Bank,3,412.94,1238.82,West,Cash
3522,2023-05-11,CUST_01412,Female,63,Home & Kitchen,Storage Container,1,227.3,227.3,North,Cash
1704,2023-05-11,CUST_01533,Male,25,Electronics,Headphones,3,391.94,1175.82,South,Cash
7659,2023-05-11,CUST_00722,Female,39,Electronics,Smart Watch,1,132.98,132.98,West,Debit Card
5464,2023-05-11,CUST_00952,Male,32,Home & Kitchen,Bedsheet,1,238.73,238.73,West,UPI
8859,2023-05-12,CUST_01550,Female,32,Clothing,T-Shirt,5,122.58,612.9,West,Debit Card
7947,2023-05-12,CUST_01313,Female,46,Home & Kitchen,Wall Clock,4,36.12,144.48,West,UPI
7189,2023-05-12,CUST_00782,Female,28,Food,Mixed Nuts,3,33.8,101.4,South,Credit Card
2586,2023-05-12,CUST_01413,Female,66,Beauty,Hair Oil,3,88.17,264.51,North,Credit Card
10105,2023-05-12,CUST_00120,Female,51,Home & Kitchen,Cookware Set,1,170.02,170.02,West,Credit Card
8202,2023-05-12,CUST_00489,Female,67,Beauty,Lipstick,1,101.24,101.24,East,UPI
4954,2023-05-12,CUST_01252,Female,26,Sports,Resistance Band,1,176.07,176.07,North,Credit Card
7159,2023-05-12,CUST_00022,Male,52,Food,Granola,1,31.09,31.09,East,Debit Card
1563,2023-05-12,CUST_00785,Male,49,Home & Kitchen,Storage Container,4,15.23,60.92,West,Credit Card
2994,2023-05-12,CUST_00920,Male,59,Home & Kitchen,Knife Set,4,164.86,659.44,East,UPI
6797,2023-05-12,CUST_00261,Female,36,Home & Kitchen,Storage Container,2,230.31,460.62,North,UPI
9672,2023-05-12,CUST_00689,Female,37,Food,Organic Honey,3,15.24,45.72,South,Debit Card
10970,2023-05-12,CUST_00956,Female,56,Home & Kitchen,Blender,6,215.68,1294.08,East,Credit Card
9537,2023-05-12,CUST_00071,Male,55,Beauty,Sunscreen,4,23.3,93.2,West,Debit Card
6550,2023-05-12,CUST_01029,Male,56,Beauty,Face Wash,2,69.75,139.5,South,Debit Card
9797,2023-05-13,CUST_01800,Male,37,Home & Kitchen,Table Lamp,1,228.54,228.54,East,UPI
1947,2023-05-13,CUST_01643,Male,49,Food,Peanut Butter,2,11.83,23.66,East,Cash
1998,2023-05-13,CUST_01711,Female,29,Sports,Water Bottle,6,154.34,926.04,South,UPI
4552,2023-05-13,CUST_00998,Male,62,Food,Protein Bar,3,25.81,77.43,North,Credit Card
3667,2023-05-13,CUST_01212,Female,49,Clothing,Dress,5,96.76,483.8,South,UPI
5635,2023-05-13,CUST_01465,Female,29,Electronics,Laptop,5,353.62,1768.1,South,UPI
1180,2023-05-13,CUST_01280,Male,61,Electronics,Power Bank,1,60.28,60.28,East,Debit Card
2750,2023-05-13,CUST_01412,Female,63,Home & Kitchen,Table Lamp,1,115.19,115.19,North,Debit Card
10306,2023-05-14,CUST_01163,Female,57,Home & Kitchen,Blender,3,32.41,97.23,West,UPI
10086,2023-05-14,CUST_00105,Female,46,Home & Kitchen,Bedsheet,1,107.27,107.27,North,UPI
10725,2023-05-14,CUST_00339,Female,57,Beauty,Lipstick,7,11.79,82.53,South,Credit Card
7632,2023-05-14,CUST_00610,Female,33,Sports,Resistance Band,3,135.88,407.64,West,Debit Card
5699,2023-05-14,CUST_01543,Male,36,Electronics,Smartphone,2,537.74,1075.48,South,UPI
10731,2023-05-14,CUST_00559,Male,31,Home & Kitchen,Pillow,3,230.89,692.67,East,Credit Card
8482,2023-05-14,CUST_00325,Male,42,Beauty,Hair Oil,4,7.66,30.64,North,UPI
1591,2023-05-14,CUST_00650,Male,44,Food,Olive Oil,1,26.21,26.21,West,Cash
9050,2023-05-14,CUST_01616,Female,26,Clothing,Jeans,5,34.75,173.75,South,UPI
5569,2023-05-14,CUST_00022,Male,52,Home & Kitchen,Blender,2,231.45,462.9,East,Credit Card
1755,2023-05-15,CUST_01019,Male,27,Clothing,Jacket,2,10.61,21.22,South,Cash
1022,2023-05-15,CUST_01323,Female,38,Electronics,Laptop,3,710.04,2130.12,West,UPI
1931,2023-05-15,CUST_00600,Female,28,Electronics,USB Cable,1,358.42,358.42,East,Credit Card
4329,2023-05-15,CUST_00351,Female,60,Home & Kitchen,Bedsheet,3,124.3,372.9,South,UPI
1727,2023-05-15,CUST_01720,Male,33,Clothing,Sneakers,3,95.41,286.23,West,UPI
1920,2023-05-15,CUST_01991,Male,55,Home & Kitchen,Wall Clock,1,128.19,128.19,North,Credit Card
3014,2023-05-15,CUST_00639,Female,65,Electronics,Bluetooth Speaker,1,701.44,701.44,North,Debit Card
3285,2023-05-15,CUST_00783,Male,29,Electronics,Bluetooth Speaker,3,215.17,645.51,North,Credit Card
5687,2023-05-15,CUST_01992,Male,47,Home & Kitchen,Pillow,1,69.61,69.61,East,Debit Card
3456,2023-05-15,CUST_01595,Male,44,Home & Kitchen,Wall Clock,5,243.1,1215.5,East,Credit Card
6391,2023-05-15,CUST_01319,Male,60,Electronics,Smartphone,2,714.66,1429.32,East,Cash
5458,2023-05-15,CUST_01926,Male,21,Electronics,Tablet,2,731.38,1462.76,North,Cash
2435,2023-05-15,CUST_00579,Female,42,Food,Organic Honey,3,34.37,103.11,North,Debit Card
8726,2023-05-15,CUST_01598,Female,28,Electronics,Headphones,1,389.87,389.87,West,Credit Card
9896,2023-05-15,CUST_01409,Female,33,Food,Peanut Butter,4,35.75,143.0,West,Cash
1263,2023-05-15,CUST_00166,Female,65,Food,Protein Bar,2,16.85,33.7,West,Debit Card
9456,2023-05-16,CUST_00709,Female,30,Home & Kitchen,Cookware Set,2,117.65,235.3,West,Credit Card
5848,2023-05-16,CUST_00729,Female,53,Electronics,Headphones,3,715.73,2147.19,East,Cash
3111,2023-05-16,CUST_01726,Female,43,Home & Kitchen,Bedsheet,4,63.61,254.44,East,Credit Card
3412,2023-05-16,CUST_00198,Female,53,Beauty,Moisturizer,3,14.41,43.23,North,Credit Card
6724,2023-05-16,CUST_00131,Male,38,Food,Dark Chocolate,2,16.57,33.14,North,Debit Card
1833,2023-05-16,CUST_01004,Male,35,Home & Kitchen,Cookware Set,2,185.98,371.96,North,Cash
8732,2023-05-16,CUST_01438,Female,37,Beauty,Foundation,4,91.54,366.16,South,Debit Card
1067,2023-05-16,CUST_01328,Male,51,Food,Granola,1,31.64,31.64,South,Debit Card
9793,2023-05-16,CUST_00758,Male,47,Beauty,Hair Oil,2,114.45,228.9,South,UPI
4601,2023-05-16,CUST_00347,Female,51,Beauty,Face Wash,3,44.98,134.94,North,Credit Card
3744,2023-05-16,CUST_01947,Female,41,Beauty,Eye Shadow,3,65.7,197.1,North,UPI
8946,2023-05-16,CUST_01301,Female,51,Food,Mixed Nuts,1,23.09,23.09,North,Credit Card
8283,2023-05-16,CUST_00247,Female,62,Electronics,Smart Watch,1,791.21,791.21,South,Credit Card
2279,2023-05-17,CUST_00578,Female,48,Home & Kitchen,Pillow,1,38.88,38.88,South,UPI
6319,2023-05-17,CUST_00131,Male,38,Food,Protein Bar,5,5.33,26.65,North,Credit Card
3538,2023-05-17,CUST_01221,Male,70,Electronics,Tablet,1,157.99,157.99,North,Debit Card
4256,2023-05-17,CUST_01453,Male,61,Beauty,Lipstick,2,9.79,19.58,East,UPI
9082,2023-05-17,CUST_00162,Female,58,Home & Kitchen,Pillow,3,90.32,270.96,South,Cash
7291,2023-05-17,CUST_01905,Male,25,Sports,Yoga Mat,5,156.47,782.35,West,Cash
7170,2023-05-17,CUST_01308,Male,24,Home & Kitchen,Bedsheet,6,22.11,132.66,South,Credit Card
3157,2023-05-17,CUST_00182,Female,27,Clothing,Jeans,1,123.54,123.54,West,Credit Card
2721,2023-05-17,CUST_00201,Male,55,Beauty,Eye Shadow,1,16.93,16.93,East,UPI
3360,2023-05-17,CUST_00394,Male,26,Sports,Football,2,25.51,51.02,West,Credit Card
3394,2023-05-17,CUST_00282,Female,68,Beauty,Moisturizer,1,99.56,99.56,North,Debit Card
5408,2023-05-17,CUST_00216,Female,68,Home & Kitchen,Wall Clock,4,191.39,765.56,North,Debit Card
5119,2023-05-18,CUST_00414,Female,27,Electronics,Smartphone,3,538.52,1615.56,West,Debit Card
6720,2023-05-18,CUST_01701,Female,33,Clothing,Hoodie,2,98.65,197.3,East,Credit Card
9680,2023-05-18,CUST_00427,Male,62,Home & Kitchen,Wall Clock,1,144.72,144.72,South,Debit Card
3595,2023-05-18,CUST_00294,Female,41,Electronics,USB Cable,3,460.94,1382.82,West,Cash
6857,2023-05-18,CUST_01097,Male,41,Home & Kitchen,Blender,3,45.62,136.86,North,UPI
1431,2023-05-18,CUST_00358,Female,56,Beauty,Moisturizer,2,8.83,17.66,West,Debit Card
9677,2023-05-18,CUST_01339,Male,34,Beauty,Perfume,2,48.75,97.5,North,Cash
4555,2023-05-18,CUST_00102,Female,55,Clothing,Shorts,6,127.78,766.68,North,Credit Card
6985,2023-05-18,CUST_00355,Male,37,Clothing,Formal Shirt,6,92.16,552.96,North,UPI
4612,2023-05-18,CUST_00938,Female,40,Food,Peanut Butter,1,36.38,36.38,North,Credit Card
5297,2023-05-18,CUST_00713,Female,44,Clothing,T-Shirt,2,106.13,212.26,South,Debit Card
9781,2023-05-18,CUST_01007,Female,68,Home & Kitchen,Cookware Set,2,14.73,29.46,North,Credit Card
10583,2023-05-19,CUST_01618,Female,29,Electronics,Smart Watch,4,708.25,2833.0,East,Cash
6685,2023-05-19,CUST_01605,Male,35,Sports,Running Shoes,2,127.39,254.78,North,Credit Card
7549,2023-05-19,CUST_00228,Male,36,Beauty,Moisturizer,4,101.86,407.44,East,Debit Card
5379,2023-05-19,CUST_01732,Female,33,Clothing,Hoodie,1,142.35,142.35,South,Credit Card
1153,2023-05-19,CUST_00169,Male,22,Electronics,Bluetooth Speaker,2,353.85,707.7,South,Credit Card
6842,2023-05-19,CUST_00775,Female,47,Beauty,Sunscreen,1,33.51,33.51,East,Debit Card
10107,2023-05-19,CUST_00030,Male,32,Clothing,Shorts,1,120.25,120.25,North,UPI
10041,2023-05-19,CUST_01666,Female,35,Home & Kitchen,Wall Clock,2,21.62,43.24,West,UPI
10453,2023-05-20,CUST_00227,Female,43,Food,Protein Bar,2,33.33,66.66,North,UPI
6951,2023-05-20,CUST_00739,Female,43,Home & Kitchen,Knife Set,1,210.95,210.95,North,Credit Card
10269,2023-05-20,CUST_01597,Male,37,Sports,Yoga Mat,3,73.58,220.74,North,UPI
7190,2023-05-20,CUST_00748,Male,64,Home & Kitchen,Pillow,1,226.97,226.97,North,Credit Card
6778,2023-05-20,CUST_01143,Female,29,Food,Dark Chocolate,2,6.1,12.2,East,Credit Card
6689,2023-05-20,CUST_01451,Female,57,Electronics,Bluetooth Speaker,1,163.93,163.93,East,Cash
4897,2023-05-20,CUST_00427,Male,62,Beauty,Sunscreen,2,114.13,228.26,South,Debit Card
5857,2023-05-20,CUST_00196,Female,37,Electronics,Smart Watch,3,304.09,912.27,North,Credit Card
2694,2023-05-20,CUST_01790,Male,68,Electronics,USB Cable,2,337.42,674.84,West,Cash
6537,2023-05-20,CUST_01251,Male,26,Sports,Cricket Bat,2,26.26,52.52,South,Credit Card
10547,2023-05-20,CUST_00987,Male,29,Beauty,Lipstick,4,55.96,223.84,East,Debit Card
8652,2023-05-21,CUST_01285,Male,36,Sports,Cricket Bat,3,14.27,42.81,North,UPI
8215,2023-05-21,CUST_01857,Male,35,Home & Kitchen,Wall Clock,4,63.83,255.32,East,Cash
2948,2023-05-21,CUST_01885,Male,38,Home & Kitchen,Storage Container,5,142.61,713.05,North,UPI
3748,2023-05-21,CUST_00573,Male,23,Clothing,Formal Shirt,2,118.0,236.0,East,UPI
5897,2023-05-21,CUST_01086,Male,50,Beauty,Eye Shadow,3,55.7,167.1,East,Debit Card
4526,2023-05-21,CUST_01234,Female,46,Sports,Dumbbells,1,114.57,114.57,West,Credit Card
5623,2023-05-21,CUST_01271,Male,34,Clothing,Hoodie,1,87.5,87.5,East,UPI
4543,2023-05-21,CUST_01084,Male,26,Sports,Cricket Bat,1,148.61,148.61,North,Credit Card
10762,2023-05-21,CUST_00760,Female,64,Clothing,Shorts,1,49.15,49.15,East,Debit Card
1577,2023-05-21,CUST_00659,Male,54,Home & Kitchen,Blender,4,137.64,550.56,South,Credit Card
3761,2023-05-21,CUST_00075,Female,35,Home & Kitchen,Knife Set,2,248.5,497.0,West,Debit Card
5868,2023-05-22,CUST_01505,Male,70,Home & Kitchen,Blender,5,160.06,800.3,West,Debit Card
3484,2023-05-22,CUST_01737,Female,51,Sports,Water Bottle,5,150.36,751.8,North,Credit Card
2910,2023-05-22,CUST_00683,Male,69,Food,Mixed Nuts,4,11.83,47.32,South,Debit Card
1845,2023-05-22,CUST_00831,Male,36,Electronics,Smartphone,4,370.41,1481.64,North,Credit Card
6165,2023-05-22,CUST_01219,Female,28,Clothing,Formal Shirt,1,72.88,72.88,East,Cash
2424,2023-05-22,CUST_00933,Male,33,Clothing,Sneakers,2,92.01,184.02,South,Debit Card
8573,2023-05-22,CUST_01089,Female,53,Beauty,Face Wash,1,101.51,101.51,West,Debit Card
10903,2023-05-22,CUST_00499,Female,59,Home & Kitchen,Bedsheet,1,128.92,128.92,West,UPI
2765,2023-05-23,CUST_00222,Female,20,Electronics,USB Cable,1,247.47,247.47,East,Credit Card
2791,2023-05-23,CUST_01675,Male,25,Clothing,Dress,3,20.86,62.58,East,UPI
7000,2023-05-23,CUST_00734,Female,61,Beauty,Lipstick,4,41.96,167.84,South,Debit Card
8959,2023-05-23,CUST_00819,Male,30,Electronics,USB Cable,4,322.58,1290.32,North,UPI
6978,2023-05-23,CUST_01604,Female,53,Beauty,Foundation,2,7.1,14.2,South,Credit Card
9186,2023-05-23,CUST_00275,Female,63,Home & Kitchen,Pillow,3,235.0,705.0,West,Credit Card
1776,2023-05-23,CUST_01189,Female,51,Home & Kitchen,Storage Container,4,103.08,412.32,South,UPI
5005,2023-05-23,CUST_00034,Female,23,Clothing,Jeans,1,127.9,127.9,South,Debit Card
9747,2023-05-23,CUST_01447,Female,25,Clothing,Jeans,1,70.21,70.21,West,UPI
9420,2023-05-23,CUST_00159,Male,42,Home & Kitchen,Knife Set,7,47.87,335.09,South,Debit Card
7889,2023-05-23,CUST_00305,Female,64,Food,Dark Chocolate,4,5.21,20.84,East,UPI
2222,2023-05-24,CUST_00160,Female,29,Clothing,Hoodie,3,93.38,280.14,West,Credit Card
3895,2023-05-24,CUST_00226,Female,36,Electronics,Smartphone,1,778.1,778.1,South,Cash
8891,2023-05-24,CUST_00298,Male,24,Electronics,Power Bank,5,355.55,1777.75,South,Cash
5273,2023-05-24,CUST_01481,Male,65,Home & Kitchen,Cookware Set,1,124.63,124.63,South,Debit Card
5298,2023-05-24,CUST_00853,Female,65,Clothing,Jacket,4,89.57,358.28,West,Debit Card
7129,2023-05-24,CUST_00470,Female,23,Beauty,Face Wash,5,81.11,405.55,South,Credit Card
7220,2023-05-24,CUST_00436,Female,28,Beauty,Hair Oil,5,19.8,99.0,East,Cash
1520,2023-05-24,CUST_01965,Male,32,Home & Kitchen,Storage Container,3,238.08,714.24,North,Cash
8044,2023-05-24,CUST_01592,Female,30,Electronics,Power Bank,2,607.55,1215.1,East,UPI
3038,2023-05-24,CUST_01280,Male,61,Beauty,Moisturizer,4,89.05,356.2,East,Debit Card
4731,2023-05-24,CUST_01646,Female,28,Clothing,Shorts,3,63.75,191.25,West,Debit Card
4632,2023-05-25,CUST_01413,Female,66,Home & Kitchen,Wall Clock,6,216.48,1298.88,North,Cash
2638,2023-05-25,CUST_00018,Male,47,Beauty,Foundation,3,119.26,357.78,North,Debit Card
9240,2023-05-25,CUST_00390,Female,49,Sports,Skipping Rope,5,44.5,222.5,East,UPI
1590,2023-05-25,CUST_00795,Female,58,Food,Peanut Butter,1,9.68,9.68,South,Credit Card
1761,2023-05-25,CUST_00094,Male,68,Home & Kitchen,Cookware Set,1,246.9,246.9,East,UPI
2711,2023-05-25,CUST_01530,Male,51,Clothing,Hoodie,2,67.1,134.2,East,Credit Card
1802,2023-05-25,CUST_00241,Male,26,Beauty,Eye Shadow,4,100.65,402.6,West,Cash
3116,2023-05-25,CUST_01295,Female,58,Food,Green Tea,4,35.73,142.92,North,Debit Card
1666,2023-05-25,CUST_01299,Female,19,Home & Kitchen,Blender,3,69.13,207.39,West,Cash
6229,2023-05-25,CUST_00676,Female,58,Home & Kitchen,Bedsheet,3,100.98,302.94,West,Credit Card
8030,2023-05-25,CUST_00287,Male,26,Beauty,Moisturizer,4,75.41,301.64,South,Cash
7669,2023-05-25,CUST_00263,Male,40,Food,Granola,3,6.01,18.03,East,Cash
9182,2023-05-26,CUST_00303,Female,69,Home & Kitchen,Table Lamp,4,55.73,222.92,West,Cash
5986,2023-05-26,CUST_01067,Male,21,Home & Kitchen,Knife Set,2,115.55,231.1,South,Cash
7217,2023-05-26,CUST_01601,Male,30,Clothing,Hoodie,3,87.27,261.81,West,Debit Card
5553,2023-05-26,CUST_00017,Male,60,Clothing,Jeans,3,24.8,74.4,North,Debit Card
8976,2023-05-26,CUST_01681,Male,36,Electronics,Laptop,4,590.39,2361.56,West,Credit Card
2110,2023-05-26,CUST_00466,Male,60,Sports,Cricket Bat,1,83.75,83.75,East,UPI
4481,2023-05-26,CUST_01759,Male,64,Food,Protein Bar,1,5.24,5.24,South,Credit Card
5004,2023-05-26,CUST_01190,Male,37,Home & Kitchen,Bedsheet,1,149.92,149.92,South,Cash
1791,2023-05-26,CUST_00097,Male,28,Home & Kitchen,Table Lamp,1,146.58,146.58,West,Credit Card
3440,2023-05-26,CUST_01731,Female,21,Sports,Running Shoes,3,108.14,324.42,West,Debit Card
9505,2023-05-26,CUST_01372,Female,19,Electronics,Laptop,2,235.23,470.46,North,Credit Card
1699,2023-05-27,CUST_01159,Male,28,Home & Kitchen,Bedsheet,3,243.37,730.11,West,Cash
8069,2023-05-27,CUST_01295,Female,58,Food,Protein Bar,3,27.21,81.63,North,Credit Card
4546,2023-05-27,CUST_01245,Male,47,Beauty,Perfume,2,60.79,121.58,West,Debit Card
4079,2023-05-27,CUST_00660,Male,37,Home & Kitchen,Storage Container,2,228.12,456.24,North,UPI
7161,2023-05-27,CUST_01973,Male,58,Home & Kitchen,Pillow,1,24.02,24.02,East,UPI
10860,2023-05-27,CUST_01992,Male,47,Home & Kitchen,Cookware Set,4,112.21,448.84,East,Cash
7565,2023-05-27,CUST_00939,Male,38,Home & Kitchen,Pillow,2,203.54,407.08,West,Debit Card
6328,2023-05-27,CUST_00020,Male,63,Food,Dark Chocolate,2,35.51,71.02,South,Cash
4646,2023-05-27,CUST_00639,Female,65,Clothing,Dress,1,141.41,141.41,North,UPI
9604,2023-05-27,CUST_01458,Female,32,Home & Kitchen,Storage Container,1,148.79,148.79,South,Debit Card
3397,2023-05-27,CUST_00636,Female,51,Home & Kitchen,Wall Clock,3,169.14,507.42,East,Credit Card
1867,2023-05-27,CUST_01223,Female,22,Beauty,Hair Oil,1,103.38,103.38,North,UPI
6491,2023-05-28,CUST_00424,Female,41,Clothing,Jacket,1,118.98,118.98,East,Debit Card
7196,2023-05-28,CUST_01419,Female,57,Home & Kitchen,Storage Container,6,237.92,1427.52,South,UPI
9659,2023-05-28,CUST_00050,Male,40,Food,Peanut Butter,1,3.19,3.19,North,Credit Card
1006,2023-05-28,CUST_00546,Female,27,Electronics,Smartphone,2,568.26,1136.52,East,Debit Card
5028,2023-05-28,CUST_01543,Male,36,Home & Kitchen,Storage Container,1,86.0,86.0,South,Cash
9371,2023-05-28,CUST_01299,Female,19,Clothing,Sneakers,1,32.55,32.55,West,Cash
1876,2023-05-28,CUST_00719,Male,39,Beauty,Foundation,2,68.0,136.0,West,Cash
5035,2023-05-28,CUST_00031,Female,39,Electronics,Power Bank,4,402.29,1609.16,West,Cash
7263,2023-05-28,CUST_00586,Male,67,Home & Kitchen,Table Lamp,3,39.96,119.88,South,Credit Card
1005,2023-05-28,CUST_00123,Female,24,Clothing,Jacket,5,100.31,501.55,West,Debit Card
7520,2023-05-28,CUST_01583,Female,58,Home & Kitchen,Knife Set,3,224.11,672.33,East,Credit Card
4462,2023-05-28,CUST_00419,Male,27,Clothing,Hoodie,5,74.06,370.3,North,Debit Card
5834,2023-05-28,CUST_00783,Male,29,Electronics,Tablet,1,227.36,227.36,North,Cash
4344,2023-05-28,CUST_01322,Male,59,Beauty,Face Wash,4,84.9,339.6,North,Debit Card
7836,2023-05-28,CUST_01040,Male,18,Electronics,Bluetooth Speaker,5,531.21,2656.05,West,Debit Card
1319,2023-05-28,CUST_01982,Male,68,Clothing,Dress,3,100.84,302.52,North,UPI
9925,2023-05-29,CUST_01737,Female,51,Home & Kitchen,Storage Container,1,26.39,26.39,North,UPI
9523,2023-05-29,CUST_00957,Male,32,Home & Kitchen,Bedsheet,3,160.03,480.09,South,UPI
6692,2023-05-29,CUST_00538,Male,68,Clothing,T-Shirt,2,100.09,200.18,North,Credit Card
7005,2023-05-29,CUST_00319,Male,26,Clothing,T-Shirt,4,79.47,317.88,South,Credit Card
7426,2023-05-29,CUST_01316,Female,49,Clothing,Shorts,1,144.68,144.68,West,Debit Card
4873,2023-05-29,CUST_00803,Male,43,Home & Kitchen,Pillow,5,103.0,515.0,East,Cash
3997,2023-05-29,CUST_01553,Male,68,Electronics,USB Cable,2,35.64,71.28,West,Debit Card
7989,2023-05-29,CUST_00593,Female,48,Home & Kitchen,Blender,2,111.15,222.3,West,Credit Card
8623,2023-05-29,CUST_00254,Female,69,Home & Kitchen,Blender,3,41.11,123.33,North,Credit Card
9210,2023-05-29,CUST_01940,Male,26,Home & Kitchen,Bedsheet,5,54.53,272.65,East,Cash
10411,2023-05-29,CUST_01358,Female,23,Beauty,Moisturizer,4,38.65,154.6,East,Cash
3103,2023-05-30,CUST_01773,Female,62,Home & Kitchen,Pillow,5,66.71,333.55,South,Debit Card
2157,2023-05-30,CUST_00854,Male,26,Sports,Resistance Band,3,74.55,223.65,North,Credit Card
5468,2023-05-30,CUST_01842,Female,29,Electronics,Smartphone,1,626.0,626.0,West,Debit Card
9360,2023-05-30,CUST_01535,Male,36,Electronics,Tablet,5,408.13,2040.65,North,Debit Card
10631,2023-05-30,CUST_01509,Male,68,Sports,Running Shoes,3,134.71,404.13,North,Credit Card
8835,2023-05-30,CUST_00569,Male,65,Food,Organic Honey,3,22.36,67.08,South,Credit Card
8297,2023-05-30,CUST_00747,Female,70,Home & Kitchen,Blender,3,112.62,337.86,West,Credit Card
8751,2023-05-30,CUST_00266,Male,48,Food,Organic Honey,3,21.01,63.03,West,UPI
2992,2023-05-30,CUST_01066,Male,42,Food,Organic Honey,3,13.48,40.44,North,UPI
4173,2023-05-31,CUST_00350,Male,22,Electronics,Smart Watch,4,523.94,2095.76,South,Debit Card
5826,2023-05-31,CUST_00244,Male,62,Home & Kitchen,Bedsheet,4,25.07,100.28,North,UPI
6952,2023-05-31,CUST_01133,Female,65,Beauty,Face Wash,1,46.47,46.47,West,UPI
7762,2023-05-31,CUST_01988,Female,32,Food,Olive Oil,4,26.98,107.92,West,UPI
4211,2023-05-31,CUST_00075,Female,35,Home & Kitchen,Storage Container,1,12.66,12.66,West,Credit Card
10510,2023-05-31,CUST_00419,Male,27,Sports,Water Bottle,7,117.29,821.03,North,Debit Card
2322,2023-05-31,CUST_01912,Male,26,Home & Kitchen,Blender,3,18.67,56.01,East,Credit Card
2885,2023-05-31,CUST_01603,Female,62,Food,Granola,4,3.4,13.6,East,Credit Card
4938,2023-05-31,CUST_00904,Male,42,Clothing,Jacket,3,57.04,171.12,East,Credit Card
7839,2023-05-31,CUST_00588,Male,62,Beauty,Foundation,2,98.02,196.04,West,Cash
10674,2023-05-31,CUST_00592,Female,20,Beauty,Foundation,6,98.6,591.6,East,UPI
3421,2023-05-31,CUST_00828,Male,38,Sports,Football,1,181.37,181.37,East,Credit Card
5000,2023-06-01,CUST_01200,Male,70,Home & Kitchen,Blender,1,180.41,180.41,West,Cash
8295,2023-06-01,CUST_00708,Male,34,Home & Kitchen,Bedsheet,1,198.28,198.28,East,Debit Card
8973,2023-06-01,CUST_01924,Male,59,Clothing,Formal Shirt,3,121.61,364.83,North,Credit Card
1668,2023-06-01,CUST_00433,Female,69,Home & Kitchen,Table Lamp,3,98.46,295.38,West,Debit Card
4845,2023-06-01,CUST_00555,Female,67,Food,Organic Honey,2,10.38,20.76,North,Credit Card
4222,2023-06-01,CUST_01610,Female,55,Home & Kitchen,Pillow,1,125.88,125.88,East,Credit Card
1203,2023-06-01,CUST_00832,Male,36,Clothing,Jeans,1,23.67,23.67,West,Credit Card
7735,2023-06-01,CUST_01069,Female,27,Beauty,Hair Oil,1,8.24,8.24,East,Cash
9620,2023-06-01,CUST_00592,Female,20,Beauty,Moisturizer,1,91.46,91.46,East,Cash
3808,2023-06-01,CUST_00781,Male,35,Beauty,Foundation,2,101.06,202.12,West,Debit Card
5481,2023-06-01,CUST_00175,Male,53,Home & Kitchen,Wall Clock,1,149.46,149.46,South,UPI
1210,2023-06-01,CUST_01040,Male,18,Clothing,Dress,4,37.54,150.16,West,Debit Card
1112,2023-06-01,CUST_00474,Female,42,Home & Kitchen,Knife Set,3,75.97,227.91,North,Cash
6344,2023-06-01,CUST_01223,Female,22,Electronics,Tablet,1,155.07,155.07,North,UPI
2165,2023-06-01,CUST_00824,Female,70,Beauty,Hair Oil,1,86.58,86.58,North,Cash
4174,2023-06-01,CUST_01043,Male,20,Electronics,Smartphone,2,228.65,457.3,East,Debit Card
5906,2023-06-01,CUST_00470,Female,23,Electronics,USB Cable,3,726.34,2179.02,South,Debit Card
7044,2023-06-01,CUST_00970,Female,41,Electronics,Headphones,4,759.96,3039.84,North,Credit Card
4668,2023-06-01,CUST_01333,Male,42,Home & Kitchen,Cookware Set,5,57.38,286.9,North,UPI
8134,2023-06-02,CUST_01032,Male,67,Clothing,T-Shirt,5,70.99,354.95,South,Cash
8249,2023-06-02,CUST_00217,Female,27,Home & Kitchen,Cookware Set,3,235.97,707.91,South,UPI
1354,2023-06-02,CUST_01644,Female,56,Home & Kitchen,Table Lamp,2,80.35,160.7,East,Cash
3131,2023-06-02,CUST_00384,Male,27,Clothing,T-Shirt,3,92.9,278.7,East,Debit Card
4949,2023-06-02,CUST_00028,Female,34,Electronics,Laptop,4,279.7,1118.8,North,UPI
5281,2023-06-02,CUST_01431,Female,26,Home & Kitchen,Cookware Set,3,117.07,351.21,East,UPI
3972,2023-06-02,CUST_01749,Female,31,Food,Granola,2,35.08,70.16,North,Debit Card
8397,2023-06-02,CUST_01447,Female,25,Electronics,Bluetooth Speaker,4,661.35,2645.4,West,Credit Card
3814,2023-06-02,CUST_01339,Male,34,Electronics,USB Cable,6,191.94,1151.64,North,Cash
6851,2023-06-02,CUST_00837,Female,18,Food,Protein Bar,2,26.77,53.54,North,UPI
10833,2023-06-02,CUST_01254,Male,30,Sports,Cricket Bat,2,150.92,301.84,West,Credit Card
10358,2023-06-02,CUST_01333,Male,42,Home & Kitchen,Bedsheet,1,40.55,40.55,North,UPI
10652,2023-06-02,CUST_00587,Female,23,Sports,Yoga Mat,1,193.42,193.42,West,Credit Card
4729,2023-06-02,CUST_00401,Female,23,Clothing,Jacket,1,72.73,72.73,North,Credit Card
1506,2023-06-02,CUST_01157,Male,55,Clothing,Dress,4,86.37,345.48,North,Debit Card
5255,2023-06-02,CUST_00368,Male,43,Beauty,Sunscreen,1,34.8,34.8,South,Credit Card
6800,2023-06-03,CUST_01707,Female,31,Beauty,Moisturizer,6,116.34,698.04,South,Cash
6745,2023-06-03,CUST_00694,Female,32,Food,Olive Oil,2,15.57,31.14,North,Debit Card
5369,2023-06-03,CUST_00872,Male,24,Electronics,Headphones,5,341.26,1706.3,South,Debit Card
6910,2023-06-03,CUST_00956,Female,56,Electronics,Tablet,5,571.11,2855.55,East,UPI
8742,2023-06-03,CUST_01875,Male,42,Beauty,Perfume,1,46.21,46.21,West,Credit Card
1730,2023-06-03,CUST_01842,Female,29,Home & Kitchen,Storage Container,7,215.01,1505.07,West,Cash
1731,2023-06-03,CUST_00531,Female,45,Electronics,USB Cable,3,467.11,1401.33,South,Credit Card
8798,2023-06-03,CUST_01695,Female,36,Sports,Resistance Band,1,119.57,119.57,West,Debit Card
2381,2023-06-03,CUST_00266,Male,48,Clothing,Jeans,1,121.08,121.08,West,Debit Card
9765,2023-06-03,CUST_01595,Male,44,Home & Kitchen,Wall Clock,4,36.89,147.56,East,Debit Card
8944,2023-06-03,CUST_01723,Male,66,Beauty,Moisturizer,1,43.76,43.76,North,Credit Card
4769,2023-06-03,CUST_01142,Female,29,Electronics,Laptop,3,764.84,2294.52,North,UPI
2213,2023-06-03,CUST_00965,Male,35,Beauty,Lipstick,1,31.09,31.09,West,UPI
6535,2023-06-03,CUST_01764,Female,60,Food,Organic Honey,3,30.65,91.95,South,Debit Card
7368,2023-06-03,CUST_01462,Female,53,Food,Mixed Nuts,2,31.2,62.4,North,Cash
7763,2023-06-03,CUST_01880,Male,25,Sports,Water Bottle,1,165.56,165.56,South,Cash
5797,2023-06-03,CUST_00291,Female,46,Beauty,Eye Shadow,6,37.35,224.1,East,UPI
9928,2023-06-03,CUST_01224,Female,31,Clothing,Hoodie,2,12.76,25.52,South,Debit Card
3128,2023-06-04,CUST_00756,Male,46,Beauty,Moisturizer,2,11.64,23.28,South,UPI
4217,2023-06-04,CUST_00409,Male,22,Clothing,Formal Shirt,3,68.11,204.33,West,UPI
9997,2023-06-04,CUST_00984,Female,43,Clothing,Jeans,1,120.94,120.94,South,Debit Card
3053,2023-06-04,CUST_00982,Female,28,Electronics,Tablet,1,292.37,292.37,West,Debit Card
8645,2023-06-04,CUST_00446,Female,37,Beauty,Hair Oil,1,91.55,91.55,East,UPI
4225,2023-06-04,CUST_01325,Male,21,Sports,Skipping Rope,2,112.58,225.16,North,Credit Card
3778,2023-06-04,CUST_01867,Female,48,Beauty,Perfume,2,43.67,87.34,West,Credit Card
10309,2023-06-04,CUST_00889,Female,19,Home & Kitchen,Wall Clock,3,173.14,519.42,South,Debit Card
3069,2023-06-04,CUST_01687,Male,67,Beauty,Lipstick,2,26.83,53.66,West,UPI
2868,2023-06-04,CUST_00891,Female,44,Clothing,Dress,1,141.32,141.32,West,Credit Card
7774,2023-06-04,CUST_00341,Female,67,Beauty,Moisturizer,5,33.59,167.95,North,Cash
6011,2023-06-04,CUST_01197,Male,59,Home & Kitchen,Storage Container,2,168.65,337.3,West,Debit Card
7247,2023-06-05,CUST_00765,Female,35,Home & Kitchen,Table Lamp,1,112.98,112.98,South,Debit Card
6729,2023-06-05,CUST_00762,Female,46,Home & Kitchen,Storage Container,2,208.15,416.3,North,Credit Card
10955,2023-06-05,CUST_01633,Male,39,Sports,Skipping Rope,1,190.81,190.81,West,UPI
3392,2023-06-05,CUST_00573,Male,23,Electronics,Smart Watch,5,493.42,2467.1,East,Credit Card
6811,2023-06-05,CUST_01376,Female,45,Food,Granola,2,15.91,31.82,South,Cash
2088,2023-06-05,CUST_01437,Female,35,Sports,Skipping Rope,1,57.5,57.5,East,Debit Card
8545,2023-06-05,CUST_00784,Female,62,Home & Kitchen,Table Lamp,5,90.98,454.9,South,UPI
2401,2023-06-05,CUST_00849,Female,43,Sports,Skipping Rope,3,39.85,119.55,South,Credit Card
4456,2023-06-05,CUST_00491,Female,38,Electronics,Smart Watch,2,565.85,1131.7,North,Debit Card
6035,2023-06-05,CUST_01847,Male,57,Beauty,Foundation,5,14.61,73.05,South,Debit Card
3936,2023-06-05,CUST_01870,Male,65,Home & Kitchen,Wall Clock,4,201.72,806.88,East,UPI
7842,2023-06-05,CUST_00449,Male,23,Clothing,Formal Shirt,1,12.09,12.09,West,Debit Card
1959,2023-06-05,CUST_00637,Male,20,Electronics,USB Cable,1,710.43,710.43,North,Debit Card
3634,2023-06-05,CUST_00537,Female,53,Food,Dark Chocolate,3,33.99,101.97,North,UPI
6678,2023-06-05,CUST_01137,Female,32,Clothing,Jacket,3,16.31,48.93,South,Credit Card
10405,2023-06-05,CUST_01942,Male,18,Clothing,Formal Shirt,6,30.82,184.92,West,Cash
6277,2023-06-05,CUST_00524,Male,63,Electronics,Headphones,1,185.72,185.72,East,Credit Card
5915,2023-06-05,CUST_01480,Male,20,Sports,Dumbbells,1,120.03,120.03,South,Credit Card
2572,2023-06-06,CUST_00492,Female,18,Electronics,Tablet,4,273.1,1092.4,East,Cash
5656,2023-06-06,CUST_01889,Female,50,Clothing,Hoodie,3,91.54,274.62,South,Cash
8576,2023-06-06,CUST_01511,Male,52,Food,Organic Honey,3,27.6,82.8,East,Cash
5811,2023-06-06,CUST_00935,Female,22,Clothing,Jeans,2,57.83,115.66,South,UPI
6711,2023-06-06,CUST_00202,Female,47,Electronics,Power Bank,1,418.81,418.81,North,UPI
2402,2023-06-06,CUST_00304,Female,44,Electronics,Power Bank,5,616.69,3083.45,East,UPI
2297,2023-06-06,CUST_00854,Male,26,Sports,Resistance Band,6,91.62,549.72,North,Cash
4525,2023-06-06,CUST_01769,Male,26,Sports,Football,1,193.93,193.93,North,Debit Card
10909,2023-06-06,CUST_00538,Male,68,Home & Kitchen,Bedsheet,2,248.14,496.28,North,Credit Card
5828,2023-06-06,CUST_01330,Female,24,Clothing,T-Shirt,3,76.76,230.28,North,Cash
7146,2023-06-06,CUST_00960,Female,30,Electronics,Tablet,1,257.44,257.44,East,UPI
6223,2023-06-06,CUST_01511,Male,52,Beauty,Perfume,3,62.99,188.97,East,Credit Card
7337,2023-06-06,CUST_01955,Male,27,Sports,Water Bottle,2,151.18,302.36,East,Credit Card
5730,2023-06-06,CUST_00219,Male,55,Home & Kitchen,Knife Set,2,37.33,74.66,North,UPI
8355,2023-06-06,CUST_01209,Male,62,Food,Peanut Butter,2,4.22,8.44,North,Credit Card
4877,2023-06-06,CUST_00651,Male,40,Home & Kitchen,Wall Clock,2,172.8,345.6,East,Debit Card
7073,2023-06-07,CUST_01184,Female,39,Food,Peanut Butter,6,31.91,191.46,South,Credit Card
9499,2023-06-07,CUST_01594,Male,31,Electronics,Power Bank,4,688.46,2753.84,South,Credit Card
6357,2023-06-07,CUST_00330,Female,59,Home & Kitchen,Cookware Set,3,95.19,285.57,South,UPI
2393,2023-06-07,CUST_01547,Male,24,Clothing,Jacket,4,147.51,590.04,West,UPI
8930,2023-06-07,CUST_00060,Male,58,Home & Kitchen,Blender,4,151.85,607.4,West,Credit Card
10719,2023-06-07,CUST_00259,Female,18,Beauty,Moisturizer,2,75.54,151.08,South,Cash
10155,2023-06-07,CUST_01199,Male,56,Electronics,Tablet,3,44.11,132.33,East,UPI
9064,2023-06-07,CUST_01939,Male,34,Home & Kitchen,Blender,1,141.28,141.28,East,UPI
5399,2023-06-07,CUST_01488,Female,40,Home & Kitchen,Bedsheet,6,208.53,1251.18,North,Cash
4333,2023-06-07,CUST_00646,Female,44,Food,Green Tea,1,28.76,28.76,East,Credit Card
1255,2023-06-07,CUST_00226,Female,36,Home & Kitchen,Wall Clock,6,141.16,846.96,South,Cash
10258,2023-06-07,CUST_00733,Female,32,Electronics,Smart Watch,2,387.39,774.78,West,Debit Card
1601,2023-06-07,CUST_01233,Male,20,Beauty,Foundation,1,91.43,91.43,West,Cash
4470,2023-06-07,CUST_00823,Male,69,Clothing,Shorts,2,23.07,46.14,South,UPI
5650,2023-06-07,CUST_01383,Female,43,Electronics,Smartphone,6,115.31,691.86,West,UPI
9770,2023-06-07,CUST_00925,Male,22,Electronics,Headphones,4,635.86,2543.44,West,Credit Card
10441,2023-06-08,CUST_01295,Female,58,Home & Kitchen,Bedsheet,2,70.86,141.72,North,UPI
4939,2023-06-08,CUST_00080,Male,26,Home & Kitchen,Wall Clock,2,100.5,201.0,North,Cash
8212,2023-06-08,CUST_01184,Female,39,Home & Kitchen,Blender,2,11.64,23.28,South,Debit Card
9474,2023-06-08,CUST_01614,Male,24,Sports,Running Shoes,1,91.51,91.51,South,UPI
4654,2023-06-08,CUST_01734,Female,62,Food,Olive Oil,1,31.16,31.16,East,UPI
6370,2023-06-08,CUST_00053,Male,32,Food,Peanut Butter,2,23.58,47.16,East,UPI
7741,2023-06-08,CUST_01980,Female,59,Beauty,Eye Shadow,1,64.6,64.6,East,Credit Card
9382,2023-06-08,CUST_00514,Male,43,Home & Kitchen,Cookware Set,3,187.7,563.1,South,UPI
9377,2023-06-08,CUST_01750,Female,39,Electronics,Laptop,2,781.14,1562.28,South,Credit Card
7178,2023-06-08,CUST_01255,Female,61,Home & Kitchen,Wall Clock,1,226.01,226.01,North,UPI
9561,2023-06-08,CUST_01725,Male,59,Home & Kitchen,Knife Set,2,249.33,498.66,West,UPI
1683,2023-06-08,CUST_01757,Male,25,Electronics,Tablet,3,382.44,1147.32,South,Debit Card
10603,2023-06-08,CUST_00299,Male,39,Electronics,Smartphone,3,627.85,1883.55,South,Cash
8747,2023-06-08,CUST_00263,Male,40,Beauty,Moisturizer,3,112.81,338.43,East,Credit Card
9933,2023-06-08,CUST_00612,Male,52,Sports,Football,2,26.35,52.7,East,Debit Card
1032,2023-06-08,CUST_00306,Female,46,Clothing,Dress,1,13.09,13.09,North,UPI
10168,2023-06-09,CUST_00868,Female,53,Sports,Cricket Bat,1,60.6,60.6,North,Debit Card
1935,2023-06-09,CUST_01206,Female,58,Home & Kitchen,Cookware Set,1,108.48,108.48,West,UPI
7916,2023-06-09,CUST_00488,Female,27,Electronics,Headphones,2,235.3,470.6,North,Debit Card
5541,2023-06-09,CUST_00011,Female,25,Electronics,Smartphone,3,416.3,1248.9,East,Credit Card
9578,2023-06-09,CUST_00753,Female,48,Food,Peanut Butter,2,34.77,69.54,East,Credit Card
4246,2023-06-09,CUST_00943,Female,42,Home & Kitchen,Knife Set,1,12.75,12.75,West,Cash
1598,2023-06-09,CUST_00590,Male,27,Clothing,Jeans,5,134.0,670.0,East,Credit Card
7626,2023-06-09,CUST_01002,Male,34,Food,Organic Honey,2,19.78,39.56,West,UPI
4799,2023-06-09,CUST_00697,Male,31,Beauty,Moisturizer,3,34.49,103.47,West,Credit Card
7002,2023-06-09,CUST_01295,Female,58,Home & Kitchen,Cookware Set,2,173.15,346.3,North,Cash
9119,2023-06-09,CUST_01807,Female,42,Clothing,Formal Shirt,3,145.15,435.45,West,Credit Card
10706,2023-06-09,CUST_01204,Male,35,Sports,Water Bottle,1,24.4,24.4,West,Debit Card
1343,2023-06-10,CUST_01400,Male,55,Home & Kitchen,Blender,1,158.7,158.7,West,Credit Card
1671,2023-06-10,CUST_00526,Female,25,Electronics,Headphones,5,133.27,666.35,North,Cash
1318,2023-06-10,CUST_01716,Female,25,Home & Kitchen,Blender,1,47.72,47.72,North,Credit Card
2679,2023-06-10,CUST_00147,Male,35,Beauty,Moisturizer,1,32.65,32.65,North,Cash
4677,2023-06-10,CUST_00405,Male,33,Electronics,Power Bank,2,719.53,1439.06,East,Cash
2106,2023-06-10,CUST_00008,Female,55,Clothing,Jeans,3,135.81,407.43,North,UPI
1176,2023-06-10,CUST_00421,Female,23,Food,Organic Honey,2,20.39,40.78,South,Cash
9211,2023-06-10,CUST_00539,Female,38,Clothing,Hoodie,3,90.64,271.92,East,UPI
3152,2023-06-10,CUST_00720,Female,66,Food,Olive Oil,2,4.79,9.58,East,Debit Card
7252,2023-06-10,CUST_00498,Female,61,Electronics,Tablet,1,704.28,704.28,East,Credit Card
9754,2023-06-10,CUST_00929,Male,69,Beauty,Eye Shadow,1,31.46,31.46,West,Debit Card
6825,2023-06-10,CUST_00332,Female,70,Home & Kitchen,Storage Container,2,56.39,112.78,West,Credit Card
2809,2023-06-10,CUST_00998,Male,62,Home & Kitchen,Blender,7,140.39,982.73,North,Credit Card
6764,2023-06-11,CUST_01056,Female,20,Beauty,Eye Shadow,6,35.92,215.52,East,UPI
8382,2023-06-11,CUST_00837,Female,18,Clothing,Jeans,1,92.04,92.04,North,UPI
5104,2023-06-11,CUST_01933,Female,67,Home & Kitchen,Storage Container,1,106.34,106.34,West,Credit Card
2691,2023-06-11,CUST_01721,Female,67,Clothing,Dress,4,129.83,519.32,North,Credit Card
2625,2023-06-11,CUST_00880,Female,32,Home & Kitchen,Blender,5,230.19,1150.95,North,UPI
1953,2023-06-11,CUST_00884,Male,64,Beauty,Lipstick,2,37.31,74.62,West,Credit Card
8409,2023-06-11,CUST_00355,Male,37,Home & Kitchen,Blender,3,72.57,217.71,North,Debit Card
6923,2023-06-11,CUST_01435,Female,39,Sports,Dumbbells,6,154.06,924.36,East,Cash
3173,2023-06-11,CUST_01721,Female,67,Clothing,Hoodie,1,129.76,129.76,North,UPI
3860,2023-06-11,CUST_00404,Female,22,Clothing,Formal Shirt,2,142.47,284.94,South,Cash
4592,2023-06-11,CUST_00943,Female,42,Electronics,Tablet,3,372.64,1117.92,West,UPI
5511,2023-06-11,CUST_00883,Male,25,Electronics,Headphones,1,128.19,128.19,East,UPI
4620,2023-06-11,CUST_01600,Male,67,Electronics,Power Bank,1,146.11,146.11,South,Debit Card
7234,2023-06-11,CUST_01288,Female,67,Home & Kitchen,Blender,3,33.34,100.02,East,Debit Card
9052,2023-06-11,CUST_00084,Male,19,Electronics,Headphones,3,500.51,1501.53,East,Cash
10773,2023-06-11,CUST_00865,Female,61,Food,Organic Honey,4,10.08,40.32,West,Cash
10870,2023-06-11,CUST_00922,Female,35,Beauty,Perfume,6,11.67,70.02,East,Debit Card
1834,2023-06-12,CUST_01268,Female,49,Clothing,Hoodie,3,102.27,306.81,East,Cash
5171,2023-06-12,CUST_00463,Male,49,Clothing,Shorts,2,42.24,84.48,South,Cash
5420,2023-06-12,CUST_01004,Male,35,Clothing,T-Shirt,1,125.09,125.09,North,Cash
2446,2023-06-12,CUST_01139,Female,45,Electronics,Bluetooth Speaker,3,667.76,2003.28,West,Cash
1240,2023-06-12,CUST_01207,Female,62,Clothing,Jeans,1,128.27,128.27,South,UPI
1603,2023-06-12,CUST_01702,Female,68,Home & Kitchen,Cookware Set,3,50.88,152.64,East,Cash
9731,2023-06-12,CUST_00628,Female,38,Home & Kitchen,Cookware Set,3,58.74,176.22,East,Credit Card
5316,2023-06-12,CUST_00954,Male,56,Electronics,Headphones,3,489.3,1467.9,South,UPI
8194,2023-06-12,CUST_00770,Female,22,Electronics,Bluetooth Speaker,4,511.34,2045.36,East,UPI
9683,2023-06-12,CUST_01184,Female,39,Home & Kitchen,Wall Clock,1,204.55,204.55,South,Credit Card
8602,2023-06-12,CUST_01215,Female,37,Home & Kitchen,Table Lamp,2,83.92,167.84,East,Credit Card
6680,2023-06-12,CUST_00591,Female,56,Food,Peanut Butter,2,11.94,23.88,North,Credit Card
2096,2023-06-12,CUST_00334,Female,42,Beauty,Moisturizer,3,79.34,238.02,West,Credit Card
7654,2023-06-13,CUST_01711,Female,29,Beauty,Eye Shadow,1,114.97,114.97,South,UPI
1388,2023-06-13,CUST_00392,Female,59,Clothing,Jeans,3,119.94,359.82,South,Credit Card
8923,2023-06-13,CUST_00011,Female,25,Electronics,Smartphone,6,392.85,2357.1,East,Cash
1886,2023-06-13,CUST_01070,Male,31,Sports,Dumbbells,5,151.95,759.75,West,Cash
9668,2023-06-13,CUST_01372,Female,19,Beauty,Foundation,6,24.26,145.56,North,Cash
1843,2023-06-13,CUST_01309,Male,32,Beauty,Face Wash,1,48.12,48.12,East,UPI
2863,2023-06-13,CUST_00404,Female,22,Food,Mixed Nuts,3,19.66,58.98,South,Cash
7106,2023-06-13,CUST_00617,Male,37,Food,Olive Oil,4,22.1,88.4,South,Credit Card
10494,2023-06-14,CUST_00333,Female,45,Electronics,Headphones,3,360.64,1081.92,East,Debit Card
7868,2023-06-14,CUST_00609,Female,56,Home & Kitchen,Blender,5,129.14,645.7,East,Credit Card
4465,2023-06-14,CUST_00585,Male,48,Home & Kitchen,Wall Clock,3,135.72,407.16,East,UPI
3991,2023-06-14,CUST_00696,Male,26,Electronics,Headphones,4,551.59,2206.36,North,Cash
9343,2023-06-14,CUST_00638,Female,63,Home & Kitchen,Pillow,4,50.14,200.56,South,UPI
9445,2023-06-14,CUST_01436,Male,54,Food,Mixed Nuts,1,10.85,10.85,South,UPI
4041,2023-06-14,CUST_01073,Male,18,Electronics,Laptop,3,79.51,238.53,East,UPI
2369,2023-06-14,CUST_01177,Female,18,Beauty,Face Wash,1,116.27,116.27,East,Debit Card
9307,2023-06-14,CUST_00299,Male,39,Home & Kitchen,Bedsheet,1,68.15,68.15,South,Cash
4213,2023-06-14,CUST_01256,Male,48,Food,Dark Chocolate,1,13.37,13.37,North,Cash
5845,2023-06-14,CUST_01155,Male,46,Beauty,Perfume,1,108.08,108.08,North,Credit Card
8612,2023-06-14,CUST_00017,Male,60,Beauty,Face Wash,2,105.78,211.56,North,UPI
6283,2023-06-14,CUST_01064,Female,58,Beauty,Perfume,5,78.44,392.2,West,Cash
5429,2023-06-14,CUST_00325,Male,42,Food,Granola,1,9.7,9.7,North,Credit Card
10770,2023-06-15,CUST_01109,Female,49,Home & Kitchen,Bedsheet,1,25.08,25.08,West,UPI
6210,2023-06-15,CUST_01345,Female,63,Food,Dark Chocolate,2,15.1,30.2,South,Debit Card
5530,2023-06-15,CUST_01498,Female,32,Clothing,T-Shirt,3,126.56,379.68,East,Cash
2017,2023-06-15,CUST_00522,Male,57,Beauty,Hair Oil,3,92.68,278.04,North,UPI
10587,2023-06-15,CUST_00635,Male,54,Beauty,Eye Shadow,3,9.52,28.56,North,UPI
5884,2023-06-15,CUST_01409,Female,33,Beauty,Perfume,1,20.94,20.94,West,UPI
5447,2023-06-15,CUST_00785,Male,49,Electronics,Smartphone,3,165.85,497.55,West,Cash
9490,2023-06-15,CUST_01694,Female,54,Home & Kitchen,Knife Set,1,160.64,160.64,West,Credit Card
2537,2023-06-15,CUST_00656,Male,31,Clothing,T-Shirt,3,140.24,420.72,West,Credit Card
1722,2023-06-15,CUST_00990,Male,68,Beauty,Perfume,3,32.01,96.03,East,Credit Card
4932,2023-06-15,CUST_01337,Female,55,Home & Kitchen,Wall Clock,4,89.69,358.76,North,Cash
9622,2023-06-15,CUST_00094,Male,68,Beauty,Face Wash,3,18.85,56.55,East,Credit Card
2372,2023-06-15,CUST_01883,Female,70,Home & Kitchen,Knife Set,5,83.31,416.55,East,Credit Card
9156,2023-06-15,CUST_01963,Female,53,Food,Organic Honey,4,10.98,43.92,East,Debit Card
6009,2023-06-16,CUST_01251,Male,26,Clothing,Dress,3,138.44,415.32,South,Debit Card
8418,2023-06-16,CUST_01859,Female,41,Home & Kitchen,Wall Clock,2,194.05,388.1,North,Cash
3924,2023-06-16,CUST_00350,Male,22,Electronics,Headphones,2,225.54,451.08,South,Debit Card
4872,2023-06-16,CUST_00124,Female,18,Clothing,Jacket,1,45.75,45.75,East,Credit Card
2539,2023-06-16,CUST_01577,Male,18,Sports,Resistance Band,6,170.16,1020.96,South,UPI
10325,2023-06-16,CUST_01391,Female,40,Clothing,Jacket,3,40.5,121.5,West,Cash
1785,2023-06-16,CUST_00967,Male,20,Electronics,USB Cable,1,708.06,708.06,South,UPI
1593,2023-06-16,CUST_01963,Female,53,Electronics,Bluetooth Speaker,3,329.48,988.44,East,UPI
8076,2023-06-16,CUST_00183,Male,60,Food,Peanut Butter,1,26.3,26.3,North,Credit Card
1015,2023-06-16,CUST_00397,Male,36,Electronics,Power Bank,3,563.52,1690.56,South,Debit Card
6506,2023-06-16,CUST_00259,Female,18,Beauty,Perfume,1,94.13,94.13,South,UPI
1903,2023-06-16,CUST_00425,Female,36,Electronics,Smartphone,1,207.17,207.17,West,UPI
1868,2023-06-16,CUST_01977,Female,41,Home & Kitchen,Wall Clock,2,127.65,255.3,South,UPI
2327,2023-06-16,CUST_01330,Female,24,Home & Kitchen,Knife Set,5,113.46,567.3,North,Credit Card
10889,2023-06-17,CUST_01282,Female,26,Sports,Resistance Band,1,64.79,64.79,South,UPI
6661,2023-06-17,CUST_00289,Female,60,Home & Kitchen,Cookware Set,4,48.36,193.44,North,Cash
7563,2023-06-17,CUST_01577,Male,18,Sports,Water Bottle,4,42.52,170.08,South,Cash
4282,2023-06-17,CUST_01226,Male,36,Beauty,Hair Oil,3,28.35,85.05,West,Cash
1016,2023-06-17,CUST_00879,Male,49,Sports,Football,1,55.48,55.48,North,UPI
4606,2023-06-17,CUST_01218,Male,59,Electronics,Power Bank,1,551.41,551.41,East,Credit Card
5608,2023-06-17,CUST_00152,Male,70,Home & Kitchen,Table Lamp,3,99.83,299.49,North,Debit Card
6157,2023-06-17,CUST_00621,Female,30,Electronics,USB Cable,3,307.03,921.09,West,Debit Card
8070,2023-06-17,CUST_00779,Male,40,Clothing,Jeans,1,108.48,108.48,South,Debit Card
8206,2023-06-17,CUST_00215,Male,39,Electronics,Power Bank,2,262.05,524.1,South,Credit Card
9262,2023-06-17,CUST_01954,Female,40,Electronics,Power Bank,2,152.06,304.12,North,Debit Card
4757,2023-06-18,CUST_01267,Male,20,Home & Kitchen,Cookware Set,3,101.01,303.03,South,Cash
9511,2023-06-18,CUST_01881,Female,66,Home & Kitchen,Knife Set,3,155.56,466.68,West,Debit Card
5370,2023-06-18,CUST_00591,Female,56,Beauty,Sunscreen,3,89.0,267.0,North,Debit Card
2808,2023-06-18,CUST_00460,Female,53,Food,Olive Oil,3,38.3,114.9,South,UPI
5391,2023-06-18,CUST_00432,Female,32,Food,Dark Chocolate,3,3.99,11.97,North,Cash
1050,2023-06-18,CUST_01498,Female,32,Sports,Cricket Bat,1,40.29,40.29,East,Debit Card
3113,2023-06-18,CUST_00423,Male,69,Home & Kitchen,Table Lamp,4,162.61,650.44,South,Cash
2967,2023-06-18,CUST_00255,Female,38,Home & Kitchen,Cookware Set,2,182.19,364.38,North,Cash
1621,2023-06-18,CUST_01580,Female,59,Food,Protein Bar,3,21.85,65.55,North,Credit Card
2240,2023-06-18,CUST_01086,Male,50,Sports,Cricket Bat,2,69.72,139.44,East,UPI
5360,2023-06-18,CUST_01893,Female,35,Beauty,Foundation,2,115.33,230.66,North,Credit Card
4603,2023-06-18,CUST_00221,Female,26,Electronics,Smart Watch,2,489.7,979.4,West,Debit Card
3238,2023-06-18,CUST_00038,Female,33,Food,Granola,1,8.09,8.09,North,Cash
2001,2023-06-18,CUST_00848,Female,22,Clothing,Dress,7,38.86,272.02,West,UPI
6292,2023-06-18,CUST_01791,Female,32,Home & Kitchen,Blender,1,62.17,62.17,North,Cash
6635,2023-06-18,CUST_01833,Male,65,Beauty,Hair Oil,4,40.08,160.32,West,Cash
3880,2023-06-19,CUST_01789,Male,67,Food,Dark Chocolate,2,34.04,68.08,South,Debit Card
4176,2023-06-19,CUST_01758,Female,18,Sports,Football,3,112.92,338.76,West,Debit Card
5196,2023-06-19,CUST_00768,Female,60,Clothing,Dress,2,89.65,179.3,East,Credit Card
8002,2023-06-19,CUST_00706,Male,58,Beauty,Face Wash,1,82.51,82.51,East,Debit Card
7524,2023-06-19,CUST_00019,Male,34,Home & Kitchen,Bedsheet,2,224.22,448.44,West,Debit Card
10541,2023-06-19,CUST_00957,Male,32,Electronics,Tablet,2,657.78,1315.56,South,Debit Card
2981,2023-06-19,CUST_00023,Female,21,Electronics,Laptop,3,773.75,2321.25,North,Debit Card
2098,2023-06-19,CUST_01989,Male,47,Beauty,Moisturizer,2,50.05,100.1,North,Cash
5959,2023-06-19,CUST_00999,Female,68,Electronics,Power Bank,2,63.51,127.02,North,Cash
4724,2023-06-19,CUST_00920,Male,59,Home & Kitchen,Storage Container,5,167.01,835.05,East,Cash
10729,2023-06-19,CUST_00025,Female,54,Home & Kitchen,Pillow,1,196.44,196.44,West,Debit Card
10488,2023-06-19,CUST_00354,Male,54,Home & Kitchen,Cookware Set,3,142.83,428.49,North,Cash
9495,2023-06-19,CUST_01365,Female,63,Sports,Resistance Band,4,104.73,418.92,East,UPI
10976,2023-06-19,CUST_00276,Male,37,Clothing,Jacket,2,77.15,154.3,East,Debit Card
1669,2023-06-19,CUST_01090,Male,56,Home & Kitchen,Cookware Set,4,13.11,52.44,West,Cash
1118,2023-06-19,CUST_01873,Male,19,Electronics,Smart Watch,2,257.5,515.0,South,Debit Card
6053,2023-06-19,CUST_01156,Female,41,Electronics,Headphones,1,84.83,84.83,North,UPI
1168,2023-06-19,CUST_00491,Female,38,Home & Kitchen,Knife Set,1,14.85,14.85,North,Debit Card
6633,2023-06-19,CUST_00761,Male,53,Home & Kitchen,Knife Set,4,152.81,611.24,East,Cash
7155,2023-06-20,CUST_01413,Female,66,Clothing,Shorts,1,135.96,135.96,North,Cash
3139,2023-06-20,CUST_00807,Male,61,Food,Peanut Butter,3,11.88,35.64,South,UPI
1494,2023-06-20,CUST_01568,Female,43,Sports,Dumbbells,1,73.59,73.59,South,Credit Card
10711,2023-06-20,CUST_00596,Female,45,Home & Kitchen,Storage Container,5,202.75,1013.75,West,UPI
6717,2023-06-20,CUST_01508,Female,47,Electronics,Bluetooth Speaker,1,654.83,654.83,East,UPI
4378,2023-06-20,CUST_00206,Male,62,Food,Dark Chocolate,4,14.16,56.64,West,Credit Card
6634,2023-06-20,CUST_01162,Male,65,Beauty,Moisturizer,3,47.55,142.65,East,Debit Card
1690,2023-06-20,CUST_00876,Female,43,Electronics,Laptop,2,400.28,800.56,East,UPI
5782,2023-06-20,CUST_01331,Male,18,Sports,Skipping Rope,2,183.4,366.8,North,Credit Card
9690,2023-06-20,CUST_01896,Male,27,Sports,Yoga Mat,1,177.97,177.97,East,UPI
4355,2023-06-20,CUST_00670,Male,32,Food,Green Tea,1,29.71,29.71,South,Credit Card
8607,2023-06-20,CUST_00126,Male,58,Food,Mixed Nuts,1,23.73,23.73,South,Credit Card
2898,2023-06-20,CUST_00517,Male,44,Sports,Resistance Band,1,42.7,42.7,East,UPI
8369,2023-06-21,CUST_00052,Male,62,Beauty,Perfume,3,63.29,189.87,East,Cash
10454,2023-06-21,CUST_01995,Female,56,Clothing,Hoodie,2,22.75,45.5,North,UPI
5659,2023-06-21,CUST_01394,Female,42,Clothing,Sneakers,2,83.03,166.06,South,UPI
8329,2023-06-21,CUST_00055,Female,23,Electronics,Smartphone,1,307.47,307.47,East,Credit Card
8557,2023-06-21,CUST_00305,Female,64,Food,Green Tea,2,29.01,58.02,East,Debit Card
4095,2023-06-21,CUST_01191,Male,42,Beauty,Face Wash,3,19.88,59.64,North,Cash
10432,2023-06-21,CUST_00144,Female,19,Clothing,T-Shirt,4,63.51,254.04,North,Debit Card
7541,2023-06-21,CUST_00912,Male,47,Electronics,Tablet,2,565.5,1131.0,South,UPI
10516,2023-06-21,CUST_01705,Male,69,Home & Kitchen,Cookware Set,2,125.8,251.6,West,Debit Card
9294,2023-06-21,CUST_00013,Male,29,Beauty,Moisturizer,5,23.66,118.3,East,UPI
10620,2023-06-22,CUST_01128,Male,26,Beauty,Foundation,3,43.41,130.23,West,Credit Card
5230,2023-06-22,CUST_01813,Female,48,Food,Organic Honey,4,12.84,51.36,South,Cash
4369,2023-06-22,CUST_00073,Male,33,Electronics,Laptop,2,422.27,844.54,East,Credit Card
7338,2023-06-22,CUST_00672,Female,56,Beauty,Perfume,7,29.71,207.97,West,Credit Card
9098,2023-06-22,CUST_00404,Female,22,Beauty,Hair Oil,1,111.5,111.5,South,Debit Card
8262,2023-06-22,CUST_01856,Male,28,Electronics,Tablet,2,696.05,1392.1,West,Debit Card
7589,2023-06-22,CUST_01199,Male,56,Sports,Football,2,128.86,257.72,East,UPI
1856,2023-06-22,CUST_00288,Male,67,Food,Dark Chocolate,2,26.94,53.88,East,UPI
7878,2023-06-22,CUST_01876,Male,35,Home & Kitchen,Wall Clock,1,187.71,187.71,North,Credit Card
3800,2023-06-22,CUST_01401,Male,58,Beauty,Face Wash,2,13.53,27.06,East,Credit Card
7223,2023-06-22,CUST_01102,Female,25,Home & Kitchen,Storage Container,1,33.18,33.18,South,Credit Card
5804,2023-06-22,CUST_00619,Male,70,Home & Kitchen,Blender,4,72.71,290.84,North,Credit Card
4756,2023-06-22,CUST_00047,Male,34,Home & Kitchen,Storage Container,1,145.95,145.95,South,Credit Card
5747,2023-06-22,CUST_00923,Female,49,Beauty,Eye Shadow,4,26.31,105.24,West,Cash
1599,2023-06-23,CUST_01682,Female,42,Beauty,Face Wash,6,77.54,465.24,West,Credit Card
6043,2023-06-23,CUST_01824,Male,53,Electronics,Tablet,1,759.04,759.04,South,Credit Card
6421,2023-06-23,CUST_00862,Male,36,Clothing,Shorts,5,76.85,384.25,East,Cash
10372,2023-06-23,CUST_01531,Male,36,Home & Kitchen,Wall Clock,1,140.91,140.91,South,Cash
5856,2023-06-23,CUST_01533,Male,25,Sports,Running Shoes,2,24.67,49.34,South,Cash
9201,2023-06-23,CUST_00676,Female,58,Food,Olive Oil,2,25.55,51.1,West,Cash
6894,2023-06-23,CUST_01672,Male,53,Home & Kitchen,Table Lamp,5,69.28,346.4,East,Credit Card
8014,2023-06-23,CUST_00965,Male,35,Electronics,Headphones,3,494.54,1483.62,West,Debit Card
8114,2023-06-23,CUST_00452,Male,40,Home & Kitchen,Table Lamp,3,68.25,204.75,South,Debit Card
6620,2023-06-23,CUST_01430,Female,42,Home & Kitchen,Pillow,3,122.9,368.7,South,Credit Card
8591,2023-06-23,CUST_01109,Female,49,Home & Kitchen,Blender,3,52.54,157.62,West,Debit Card
8541,2023-06-23,CUST_01464,Female,47,Home & Kitchen,Storage Container,3,138.05,414.15,West,Credit Card
7456,2023-06-23,CUST_01676,Female,45,Food,Dark Chocolate,3,6.13,18.39,West,Cash
2601,2023-06-23,CUST_00344,Male,49,Sports,Football,1,77.27,77.27,South,UPI
3853,2023-06-23,CUST_00948,Female,25,Electronics,Bluetooth Speaker,1,148.11,148.11,South,UPI
8267,2023-06-23,CUST_00859,Male,34,Home & Kitchen,Cookware Set,4,57.9,231.6,West,Credit Card
8433,2023-06-24,CUST_01468,Male,20,Beauty,Perfume,4,99.52,398.08,South,Debit Card
8867,2023-06-24,CUST_00198,Female,53,Food,Dark Chocolate,1,18.86,18.86,North,Credit Card
6271,2023-06-24,CUST_00364,Female,57,Electronics,Bluetooth Speaker,1,133.67,133.67,North,Cash
5014,2023-06-24,CUST_00428,Female,68,Beauty,Face Wash,5,47.77,238.85,South,Cash
9222,2023-06-24,CUST_00340,Female,44,Electronics,Bluetooth Speaker,3,324.19,972.57,North,UPI
4203,2023-06-24,CUST_00048,Female,51,Clothing,Sneakers,1,12.93,12.93,West,Cash
8326,2023-06-24,CUST_01391,Female,40,Home & Kitchen,Knife Set,4,133.0,532.0,West,Credit Card
7846,2023-06-24,CUST_00084,Male,19,Electronics,Smartphone,1,338.56,338.56,East,Cash
7326,2023-06-24,CUST_00844,Female,44,Beauty,Eye Shadow,3,33.38,100.14,East,Cash
7877,2023-06-24,CUST_00260,Male,38,Food,Protein Bar,1,3.57,3.57,East,UPI
4577,2023-06-25,CUST_00539,Female,38,Sports,Cricket Bat,2,193.54,387.08,East,Debit Card
7280,2023-06-25,CUST_00265,Male,63,Sports,Resistance Band,3,33.99,101.97,South,Credit Card
7485,2023-06-25,CUST_01763,Female,22,Food,Peanut Butter,4,3.71,14.84,West,Debit Card
1235,2023-06-25,CUST_01721,Female,67,Beauty,Perfume,4,87.84,351.36,North,Credit Card
3961,2023-06-25,CUST_01739,Male,27,Electronics,Smartphone,1,648.56,648.56,North,Cash
9170,2023-06-25,CUST_00130,Male,44,Sports,Yoga Mat,6,141.78,850.68,West,UPI
6085,2023-06-25,CUST_00270,Female,32,Home & Kitchen,Table Lamp,1,194.3,194.3,North,UPI
3448,2023-06-25,CUST_00001,Male,53,Beauty,Foundation,2,111.08,222.16,South,Debit Card
7981,2023-06-25,CUST_00159,Male,42,Electronics,Smart Watch,3,376.06,1128.18,South,Cash
10364,2023-06-25,CUST_00532,Female,65,Home & Kitchen,Storage Container,4,247.02,988.08,West,Debit Card
4334,2023-06-25,CUST_01402,Female,62,Beauty,Hair Oil,3,25.25,75.75,North,Cash
2738,2023-06-25,CUST_00649,Male,21,Home & Kitchen,Wall Clock,1,71.08,71.08,West,Debit Card
6015,2023-06-26,CUST_01036,Female,22,Sports,Yoga Mat,4,21.52,86.08,West,Credit Card
5202,2023-06-26,CUST_00759,Female,48,Clothing,Sneakers,4,93.07,372.28,North,UPI
5519,2023-06-26,CUST_01104,Male,54,Sports,Water Bottle,4,43.78,175.12,West,Credit Card
8760,2023-06-26,CUST_00304,Female,44,Electronics,Laptop,4,533.7,2134.8,East,UPI
5873,2023-06-26,CUST_01363,Female,38,Home & Kitchen,Knife Set,3,95.09,285.27,North,Credit Card
8860,2023-06-26,CUST_00882,Female,52,Food,Dark Chocolate,3,19.88,59.64,South,Debit Card
8421,2023-06-26,CUST_00207,Female,28,Clothing,Formal Shirt,5,48.32,241.6,North,UPI
1058,2023-06-26,CUST_01849,Female,48,Home & Kitchen,Wall Clock,1,67.47,67.47,East,Credit Card
4590,2023-06-26,CUST_01834,Female,64,Food,Green Tea,1,10.36,10.36,East,UPI
3743,2023-06-26,CUST_01692,Male,34,Clothing,Formal Shirt,5,110.69,553.45,West,Debit Card
5914,2023-06-26,CUST_00977,Female,60,Home & Kitchen,Cookware Set,1,80.56,80.56,West,Cash
1369,2023-06-26,CUST_01828,Male,49,Home & Kitchen,Cookware Set,3,136.15,408.45,East,UPI
10658,2023-06-26,CUST_01878,Male,30,Electronics,Tablet,2,545.15,1090.3,South,Credit Card
3290,2023-06-26,CUST_01119,Male,50,Clothing,Formal Shirt,7,12.85,89.95,West,UPI
9752,2023-06-26,CUST_01316,Female,49,Food,Organic Honey,2,9.37,18.74,West,Debit Card
4499,2023-06-26,CUST_00861,Female,21,Sports,Running Shoes,4,34.27,137.08,South,UPI
2515,2023-06-26,CUST_00818,Male,31,Home & Kitchen,Storage Container,1,159.38,159.38,South,Credit Card
5708,2023-06-26,CUST_00736,Male,49,Clothing,Dress,4,145.6,582.4,East,Debit Card
7109,2023-06-26,CUST_01942,Male,18,Home & Kitchen,Knife Set,4,134.82,539.28,West,Debit Card
9355,2023-06-27,CUST_00007,Female,51,Home & Kitchen,Knife Set,1,167.67,167.67,East,Debit Card
3788,2023-06-27,CUST_00471,Female,29,Electronics,Power Bank,5,721.06,3605.3,North,Cash
7179,2023-06-27,CUST_00191,Female,50,Sports,Dumbbells,6,89.04,534.24,South,Credit Card
7827,2023-06-27,CUST_01789,Male,67,Electronics,Power Bank,1,423.59,423.59,South,Credit Card
8359,2023-06-27,CUST_01303,Female,38,Electronics,Headphones,4,752.69,3010.76,East,Cash
10868,2023-06-27,CUST_00240,Male,58,Beauty,Eye Shadow,1,18.81,18.81,East,Credit Card
9651,2023-06-27,CUST_00944,Female,34,Food,Organic Honey,3,16.08,48.24,West,Credit Card
3031,2023-06-27,CUST_00957,Male,32,Clothing,Sneakers,7,141.38,989.66,South,UPI
6051,2023-06-27,CUST_01801,Male,52,Beauty,Perfume,2,103.0,206.0,East,UPI
6727,2023-06-27,CUST_01985,Male,22,Electronics,Laptop,1,548.37,548.37,West,Credit Card
10759,2023-06-27,CUST_01095,Male,43,Electronics,Smart Watch,4,671.98,2687.92,East,UPI
2848,2023-06-27,CUST_00247,Female,62,Beauty,Perfume,2,57.47,114.94,South,UPI
5601,2023-06-28,CUST_01419,Female,57,Beauty,Sunscreen,4,104.29,417.16,South,Credit Card
4115,2023-06-28,CUST_00791,Male,21,Sports,Yoga Mat,1,138.34,138.34,North,Credit Card
10142,2023-06-28,CUST_01394,Female,42,Clothing,Hoodie,6,87.02,522.12,South,Debit Card
10636,2023-06-28,CUST_01172,Female,53,Food,Peanut Butter,1,21.06,21.06,South,Credit Card
6446,2023-06-28,CUST_01149,Male,60,Beauty,Lipstick,2,83.71,167.42,East,Cash
7099,2023-06-28,CUST_01743,Male,60,Food,Granola,1,28.52,28.52,East,Credit Card
5820,2023-06-28,CUST_01636,Female,44,Food,Granola,5,11.66,58.3,West,Cash
5532,2023-06-28,CUST_00485,Female,67,Sports,Resistance Band,1,42.48,42.48,North,Cash
8862,2023-06-28,CUST_00358,Female,56,Clothing,Shorts,2,58.31,116.62,West,Cash
3674,2023-06-28,CUST_01428,Female,27,Beauty,Lipstick,4,105.24,420.96,West,Debit Card
9431,2023-06-28,CUST_00581,Male,37,Food,Organic Honey,1,10.48,10.48,South,UPI
7415,2023-06-28,CUST_00108,Female,18,Beauty,Lipstick,2,17.14,34.28,West,UPI
1072,2023-06-28,CUST_00944,Female,34,Electronics,USB Cable,3,47.66,142.98,West,Cash
10409,2023-06-28,CUST_01446,Male,69,Food,Granola,1,10.51,10.51,North,Credit Card
9107,2023-06-28,CUST_01356,Female,50,Clothing,T-Shirt,2,14.39,28.78,East,UPI
4031,2023-06-28,CUST_01052,Female,70,Food,Green Tea,2,36.68,73.36,West,Cash
10824,2023-06-28,CUST_00703,Female,30,Electronics,Laptop,3,576.52,1729.56,East,UPI
10249,2023-06-28,CUST_01641,Female,38,Electronics,Tablet,1,224.47,224.47,South,UPI
7971,2023-06-28,CUST_00017,Male,60,Food,Green Tea,2,22.07,44.14,North,Cash
7902,2023-06-29,CUST_00818,Male,31,Beauty,Face Wash,4,55.64,222.56,South,Cash
7913,2023-06-29,CUST_01739,Male,27,Clothing,Sneakers,2,42.47,84.94,North,UPI
8981,2023-06-29,CUST_00362,Female,70,Clothing,Hoodie,3,75.92,227.76,North,UPI
8648,2023-06-29,CUST_00589,Female,46,Sports,Cricket Bat,3,116.98,350.94,East,UPI
2257,2023-06-29,CUST_01442,Male,55,Food,Granola,2,5.97,11.94,East,Debit Card
7617,2023-06-29,CUST_00201,Male,55,Food,Peanut Butter,3,11.26,33.78,East,Cash
4135,2023-06-29,CUST_00512,Female,44,Sports,Running Shoes,1,76.56,76.56,North,Credit Card
2337,2023-06-29,CUST_00361,Female,18,Home & Kitchen,Blender,2,158.35,316.7,North,Debit Card
10802,2023-06-29,CUST_01583,Female,58,Food,Mixed Nuts,1,8.44,8.44,East,Credit Card
1027,2023-06-29,CUST_01900,Male,31,Electronics,Smartphone,4,712.32,2849.28,North,UPI
8831,2023-06-29,CUST_00260,Male,38,Food,Organic Honey,1,15.39,15.39,East,Credit Card
10650,2023-06-29,CUST_00381,Female,56,Home & Kitchen,Storage Container,3,42.76,128.28,West,Credit Card
3505,2023-06-29,CUST_01875,Male,42,Electronics,USB Cable,5,698.58,3492.9,West,Credit Card
2296,2023-06-29,CUST_01689,Male,60,Food,Granola,4,15.97,63.88,West,Cash
10176,2023-06-29,CUST_01595,Male,44,Clothing,Sneakers,2,22.56,45.12,East,Credit Card
10354,2023-06-30,CUST_01949,Female,68,Home & Kitchen,Blender,7,50.96,356.72,East,Credit Card
3112,2023-06-30,CUST_00606,Female,47,Home & Kitchen,Wall Clock,1,121.24,121.24,East,UPI
2627,2023-06-30,CUST_00398,Male,32,Sports,Yoga Mat,5,157.64,788.2,East,UPI
3067,2023-06-30,CUST_01240,Male,20,Clothing,Hoodie,5,67.5,337.5,South,Cash
6152,2023-06-30,CUST_00916,Female,65,Food,Dark Chocolate,1,17.78,17.78,East,UPI
5050,2023-06-30,CUST_01766,Female,39,Food,Peanut Butter,1,15.32,15.32,North,Debit Card
4348,2023-06-30,CUST_01413,Female,66,Beauty,Hair Oil,2,55.38,110.76,North,Credit Card
1729,2023-06-30,CUST_00024,Female,37,Home & Kitchen,Wall Clock,2,48.14,96.28,East,Cash
2439,2023-06-30,CUST_00553,Male,36,Electronics,Smartphone,2,110.92,221.84,West,UPI
9306,2023-06-30,CUST_00270,Female,32,Sports,Football,1,87.61,87.61,North,UPI
7501,2023-06-30,CUST_01025,Male,22,Beauty,Face Wash,3,28.4,85.2,North,Credit Card
8102,2023-06-30,CUST_01469,Female,23,Clothing,Dress,2,18.15,36.3,North,Credit Card
3466,2023-06-30,CUST_00744,Female,56,Home & Kitchen,Table Lamp,2,109.49,218.98,North,Debit Card
10060,2023-06-30,CUST_01509,Male,68,Beauty,Foundation,2,47.48,94.96,North,Debit Card
5371,2023-06-30,CUST_00180,Male,21,Home & Kitchen,Knife Set,1,93.98,93.98,South,Cash
6972,2023-06-30,CUST_01357,Male,45,Clothing,Formal Shirt,2,17.71,35.42,North,Credit Card
9658,2023-07-01,CUST_01507,Male,45,Beauty,Foundation,1,106.82,106.82,South,Cash
9231,2023-07-01,CUST_01378,Female,20,Sports,Football,2,19.35,38.7,East,UPI
7403,2023-07-01,CUST_01357,Male,45,Home & Kitchen,Wall Clock,1,222.0,222.0,North,Debit Card
9811,2023-07-01,CUST_00031,Female,39,Home & Kitchen,Storage Container,2,226.45,452.9,West,Cash
2906,2023-07-01,CUST_00450,Female,53,Food,Peanut Butter,7,12.83,89.81,West,Credit Card
6169,2023-07-01,CUST_00954,Male,56,Home & Kitchen,Blender,1,61.33,61.33,South,Credit Card
3492,2023-07-01,CUST_00446,Female,37,Clothing,Shorts,1,13.6,13.6,East,Credit Card
4083,2023-07-01,CUST_01743,Male,60,Home & Kitchen,Storage Container,4,178.61,714.44,East,UPI
4290,2023-07-01,CUST_01276,Male,32,Home & Kitchen,Wall Clock,4,98.94,395.76,East,Cash
3093,2023-07-02,CUST_01416,Female,18,Beauty,Sunscreen,1,98.18,98.18,North,UPI
10728,2023-07-02,CUST_01524,Female,18,Home & Kitchen,Storage Container,3,97.75,293.25,East,Cash
4656,2023-07-02,CUST_01748,Female,24,Food,Granola,3,39.76,119.28,East,Debit Card
4261,2023-07-02,CUST_01768,Male,64,Food,Dark Chocolate,2,32.83,65.66,West,Credit Card
5723,2023-07-02,CUST_00441,Male,33,Food,Olive Oil,2,7.18,14.36,South,Cash
5962,2023-07-02,CUST_00318,Male,65,Food,Mixed Nuts,1,35.52,35.52,South,Debit Card
6195,2023-07-02,CUST_01932,Female,67,Home & Kitchen,Blender,2,176.87,353.74,East,Cash
1896,2023-07-02,CUST_00995,Female,67,Food,Mixed Nuts,4,34.55,138.2,West,Credit Card
6261,2023-07-02,CUST_00859,Male,34,Food,Peanut Butter,2,22.61,45.22,West,Debit Card
5881,2023-07-02,CUST_01637,Female,47,Sports,Football,2,157.55,315.1,South,UPI
3878,2023-07-02,CUST_01896,Male,27,Clothing,Jeans,1,63.59,63.59,East,Cash
7095,2023-07-02,CUST_01766,Female,39,Electronics,Smartphone,1,206.93,206.93,North,Credit Card
10080,2023-07-02,CUST_00186,Female,22,Clothing,Shorts,5,137.07,685.35,East,Credit Card
9992,2023-07-02,CUST_00196,Female,37,Food,Peanut Butter,2,14.66,29.32,North,UPI
3073,2023-07-02,CUST_01454,Male,53,Food,Peanut Butter,3,7.36,22.08,North,Cash
6881,2023-07-02,CUST_00982,Female,28,Sports,Skipping Rope,4,105.09,420.36,West,Debit Card
2894,2023-07-02,CUST_01846,Male,18,Electronics,Laptop,6,251.31,1507.86,East,Credit Card
8049,2023-07-03,CUST_00929,Male,69,Food,Peanut Butter,1,31.28,31.28,West,Debit Card
4051,2023-07-03,CUST_00679,Female,62,Clothing,Jeans,3,61.25,183.75,West,Credit Card
2411,2023-07-03,CUST_01125,Female,27,Home & Kitchen,Cookware Set,1,59.81,59.81,North,Credit Card
7882,2023-07-03,CUST_00329,Female,41,Sports,Football,6,45.51,273.06,West,Cash
5978,2023-07-03,CUST_00214,Male,63,Beauty,Sunscreen,3,13.06,39.18,North,Credit Card
1607,2023-07-03,CUST_01054,Female,49,Clothing,Hoodie,3,66.04,198.12,East,Credit Card
9323,2023-07-03,CUST_00598,Female,60,Food,Organic Honey,3,29.5,88.5,North,Cash
10609,2023-07-03,CUST_01847,Male,57,Beauty,Foundation,2,103.4,206.8,South,Credit Card
1855,2023-07-03,CUST_01938,Female,32,Clothing,Dress,2,118.35,236.7,North,UPI
6653,2023-07-03,CUST_01242,Male,68,Food,Organic Honey,1,16.05,16.05,North,Credit Card
4258,2023-07-03,CUST_00376,Female,63,Electronics,Headphones,1,443.86,443.86,North,UPI
2821,2023-07-03,CUST_01312,Female,70,Home & Kitchen,Blender,2,239.37,478.74,West,UPI
5908,2023-07-03,CUST_00387,Female,19,Sports,Resistance Band,1,105.11,105.11,West,UPI
7088,2023-07-03,CUST_00403,Male,49,Clothing,Jeans,1,114.23,114.23,South,Cash
1945,2023-07-03,CUST_01683,Male,59,Electronics,Laptop,1,731.41,731.41,North,Credit Card
8833,2023-07-03,CUST_01729,Female,26,Electronics,Laptop,2,605.76,1211.52,East,Cash
4640,2023-07-04,CUST_01158,Male,50,Clothing,Dress,1,46.08,46.08,East,Cash
9442,2023-07-04,CUST_01271,Male,34,Electronics,Tablet,1,252.6,252.6,East,Debit Card
7285,2023-07-04,CUST_00116,Male,48,Sports,Running Shoes,1,84.96,84.96,North,Cash
9194,2023-07-04,CUST_01702,Female,68,Beauty,Foundation,2,85.7,171.4,East,Credit Card
3883,2023-07-04,CUST_01518,Female,26,Home & Kitchen,Table Lamp,1,208.22,208.22,South,Debit Card
10474,2023-07-04,CUST_01089,Female,53,Home & Kitchen,Bedsheet,7,245.87,1721.09,West,UPI
5592,2023-07-04,CUST_00228,Male,36,Electronics,USB Cable,2,677.38,1354.76,East,UPI
3293,2023-07-04,CUST_00158,Male,36,Home & Kitchen,Bedsheet,3,183.03,549.09,East,Debit Card
7887,2023-07-04,CUST_00206,Male,62,Electronics,Smart Watch,5,125.35,626.75,West,UPI
8285,2023-07-04,CUST_01458,Female,32,Home & Kitchen,Storage Container,3,50.96,152.88,South,UPI
1901,2023-07-05,CUST_01143,Female,29,Electronics,Laptop,4,279.61,1118.44,East,Credit Card
8738,2023-07-05,CUST_00155,Male,49,Home & Kitchen,Knife Set,1,26.33,26.33,North,UPI
5473,2023-07-05,CUST_00251,Female,29,Beauty,Eye Shadow,5,76.46,382.3,East,Debit Card
3780,2023-07-05,CUST_01204,Male,35,Electronics,Headphones,2,495.94,991.88,West,Debit Card
8010,2023-07-05,CUST_00652,Female,56,Beauty,Lipstick,2,94.49,188.98,East,Debit Card
4825,2023-07-05,CUST_01248,Female,41,Electronics,Bluetooth Speaker,5,109.76,548.8,North,UPI
3651,2023-07-05,CUST_01686,Female,67,Beauty,Sunscreen,3,19.21,57.63,South,Debit Card
2667,2023-07-05,CUST_01381,Male,26,Home & Kitchen,Pillow,3,222.55,667.65,West,Debit Card
6167,2023-07-05,CUST_00413,Male,29,Home & Kitchen,Wall Clock,5,101.08,505.4,North,Credit Card
10328,2023-07-05,CUST_01106,Male,22,Clothing,Jacket,4,100.23,400.92,East,UPI
5283,2023-07-05,CUST_00851,Female,45,Home & Kitchen,Cookware Set,2,203.98,407.96,West,Credit Card
1853,2023-07-06,CUST_01574,Female,19,Clothing,Jacket,3,95.08,285.24,North,Credit Card
8434,2023-07-06,CUST_01385,Female,26,Clothing,T-Shirt,1,59.42,59.42,South,UPI
4541,2023-07-06,CUST_00915,Female,61,Food,Mixed Nuts,2,27.07,54.14,East,Debit Card
7375,2023-07-06,CUST_00604,Female,22,Electronics,USB Cable,3,241.09,723.27,South,Credit Card
8887,2023-07-06,CUST_01802,Male,41,Electronics,USB Cable,2,670.49,1340.98,South,UPI
10874,2023-07-06,CUST_01382,Male,42,Sports,Yoga Mat,2,155.47,310.94,West,Cash
7199,2023-07-06,CUST_00809,Female,43,Sports,Football,2,155.8,311.6,West,Credit Card
9759,2023-07-06,CUST_00315,Female,43,Food,Mixed Nuts,1,9.29,9.29,South,UPI
2362,2023-07-06,CUST_00645,Female,28,Clothing,Jeans,4,147.47,589.88,West,UPI
9406,2023-07-06,CUST_01272,Male,55,Beauty,Lipstick,4,15.45,61.8,North,Debit Card
8997,2023-07-06,CUST_00075,Female,35,Beauty,Sunscreen,2,110.2,220.4,West,Cash
1622,2023-07-06,CUST_00620,Male,70,Clothing,Hoodie,2,66.2,132.4,East,Cash
5578,2023-07-06,CUST_01898,Male,51,Home & Kitchen,Storage Container,1,15.5,15.5,East,Cash
8179,2023-07-06,CUST_00871,Female,54,Beauty,Eye Shadow,2,112.73,225.46,East,Debit Card
8597,2023-07-06,CUST_01712,Male,18,Home & Kitchen,Storage Container,2,43.28,86.56,North,Debit Card
10321,2023-07-06,CUST_00687,Female,35,Beauty,Lipstick,1,114.91,114.91,North,Credit Card
7923,2023-07-06,CUST_00049,Female,37,Home & Kitchen,Pillow,1,209.96,209.96,South,UPI
5062,2023-07-06,CUST_01370,Male,21,Electronics,USB Cable,5,471.13,2355.65,West,Cash
5485,2023-07-06,CUST_01312,Female,70,Home & Kitchen,Bedsheet,3,91.22,273.66,West,Debit Card
7182,2023-07-06,CUST_01211,Male,62,Electronics,Headphones,2,394.11,788.22,East,Credit Card
4443,2023-07-07,CUST_00057,Male,50,Home & Kitchen,Storage Container,2,18.59,37.18,West,Cash
6871,2023-07-07,CUST_01246,Female,27,Beauty,Perfume,4,33.35,133.4,North,Debit Card
10336,2023-07-07,CUST_00438,Male,35,Home & Kitchen,Storage Container,3,237.19,711.57,East,Credit Card
4992,2023-07-07,CUST_00340,Female,44,Home & Kitchen,Cookware Set,3,144.2,432.6,North,UPI
6016,2023-07-07,CUST_00266,Male,48,Home & Kitchen,Wall Clock,1,102.67,102.67,West,Credit Card
4496,2023-07-07,CUST_00093,Female,36,Home & Kitchen,Wall Clock,6,99.48,596.88,East,UPI
8982,2023-07-07,CUST_00670,Male,32,Beauty,Hair Oil,7,17.9,125.3,South,UPI
4520,2023-07-07,CUST_00837,Female,18,Home & Kitchen,Table Lamp,1,209.99,209.99,North,UPI
10788,2023-07-07,CUST_00824,Female,70,Electronics,Headphones,2,446.34,892.68,North,Debit Card
3659,2023-07-07,CUST_01029,Male,56,Home & Kitchen,Knife Set,1,109.18,109.18,South,Debit Card
6847,2023-07-07,CUST_01619,Male,45,Food,Green Tea,2,19.12,38.24,West,Credit Card
8437,2023-07-07,CUST_00503,Male,35,Home & Kitchen,Storage Container,5,239.15,1195.75,North,Cash
6684,2023-07-07,CUST_01096,Female,35,Electronics,Tablet,6,779.48,4676.88,East,UPI
2556,2023-07-07,CUST_00404,Female,22,Sports,Resistance Band,3,99.02,297.06,South,UPI
8610,2023-07-07,CUST_01826,Female,63,Home & Kitchen,Pillow,1,184.7,184.7,North,Debit Card
10918,2023-07-07,CUST_01962,Male,52,Electronics,USB Cable,2,650.69,1301.38,North,Cash
7522,2023-07-07,CUST_01507,Male,45,Home & Kitchen,Wall Clock,4,109.7,438.8,South,Debit Card
6790,2023-07-07,CUST_01231,Female,69,Home & Kitchen,Storage Container,4,74.17,296.68,South,Debit Card
6437,2023-07-07,CUST_01452,Male,39,Clothing,Dress,4,72.56,290.24,South,Credit Card
1643,2023-07-07,CUST_01042,Female,70,Home & Kitchen,Storage Container,1,99.09,99.09,South,Cash
10040,2023-07-07,CUST_00094,Male,68,Home & Kitchen,Pillow,2,27.86,55.72,East,Cash
3527,2023-07-07,CUST_01434,Male,63,Food,Mixed Nuts,4,24.74,98.96,East,Cash
6938,2023-07-08,CUST_01133,Female,65,Food,Peanut Butter,4,10.88,43.52,West,Cash
1562,2023-07-08,CUST_01424,Female,18,Clothing,Sneakers,3,109.06,327.18,South,Credit Card
4746,2023-07-08,CUST_00919,Male,21,Beauty,Foundation,2,91.14,182.28,South,Credit Card
1014,2023-07-08,CUST_00007,Female,51,Electronics,Tablet,1,372.2,372.2,East,Credit Card
8499,2023-07-08,CUST_01500,Male,27,Clothing,Shorts,1,30.69,30.69,South,Cash
3182,2023-07-08,CUST_01448,Male,18,Electronics,Power Bank,1,17.6,17.6,East,Credit Card
2233,2023-07-08,CUST_00356,Male,25,Electronics,Laptop,1,503.81,503.81,West,UPI
9674,2023-07-09,CUST_00422,Female,68,Food,Olive Oil,4,28.24,112.96,South,Debit Card
10766,2023-07-09,CUST_00525,Male,68,Beauty,Moisturizer,1,110.75,110.75,West,UPI
9304,2023-07-09,CUST_01713,Male,23,Food,Protein Bar,1,3.08,3.08,East,Credit Card
7828,2023-07-09,CUST_01338,Male,67,Clothing,Formal Shirt,3,58.98,176.94,East,UPI
9650,2023-07-09,CUST_00203,Female,55,Clothing,Hoodie,2,55.05,110.1,North,Debit Card
9880,2023-07-09,CUST_01243,Female,37,Home & Kitchen,Bedsheet,2,208.37,416.74,South,UPI
5543,2023-07-09,CUST_00851,Female,45,Clothing,Formal Shirt,5,92.4,462.0,West,Debit Card
8327,2023-07-09,CUST_00897,Male,34,Food,Olive Oil,3,37.68,113.04,South,Credit Card
6453,2023-07-09,CUST_01594,Male,31,Beauty,Perfume,5,27.8,139.0,South,Debit Card
2872,2023-07-09,CUST_01839,Female,22,Clothing,Dress,1,68.0,68.0,East,Credit Card
4120,2023-07-09,CUST_01599,Male,43,Electronics,Tablet,1,404.03,404.03,North,Cash
10500,2023-07-09,CUST_00860,Male,40,Clothing,Formal Shirt,1,96.53,96.53,South,Credit Card
4791,2023-07-09,CUST_01069,Female,27,Electronics,Power Bank,3,552.72,1658.16,East,UPI
9857,2023-07-09,CUST_00239,Female,21,Beauty,Perfume,6,99.73,598.38,East,Credit Card
9083,2023-07-09,CUST_00980,Male,56,Beauty,Sunscreen,2,48.04,96.08,South,Credit Card
9728,2023-07-09,CUST_01984,Female,27,Clothing,T-Shirt,5,82.44,412.2,North,Credit Card
7825,2023-07-10,CUST_01262,Male,57,Electronics,Smart Watch,1,720.38,720.38,South,Debit Card
3663,2023-07-10,CUST_01249,Female,43,Home & Kitchen,Wall Clock,1,97.33,97.33,North,Credit Card
8331,2023-07-10,CUST_00450,Female,53,Sports,Water Bottle,2,65.07,130.14,West,UPI
1974,2023-07-10,CUST_01650,Male,41,Beauty,Sunscreen,1,78.08,78.08,North,UPI
2752,2023-07-10,CUST_00608,Male,54,Beauty,Perfume,1,79.52,79.52,South,Credit Card
9247,2023-07-10,CUST_01433,Male,61,Food,Dark Chocolate,2,16.78,33.56,North,Debit Card
2459,2023-07-10,CUST_01848,Male,68,Clothing,Sneakers,1,100.43,100.43,West,UPI
10717,2023-07-10,CUST_00029,Male,70,Beauty,Moisturizer,3,12.57,37.71,South,Credit Card
4351,2023-07-10,CUST_01870,Male,65,Home & Kitchen,Table Lamp,1,12.13,12.13,East,Credit Card
7260,2023-07-10,CUST_01556,Male,27,Electronics,Tablet,1,357.29,357.29,West,UPI
10702,2023-07-10,CUST_00431,Male,24,Electronics,Bluetooth Speaker,3,605.45,1816.35,North,UPI
2708,2023-07-10,CUST_00192,Male,68,Electronics,USB Cable,3,232.85,698.55,East,UPI
5966,2023-07-10,CUST_01742,Male,65,Sports,Running Shoes,4,105.55,422.2,East,Debit Card
1298,2023-07-10,CUST_01826,Female,63,Food,Olive Oil,3,13.77,41.31,North,Debit Card
9914,2023-07-10,CUST_00801,Male,34,Electronics,Bluetooth Speaker,2,337.04,674.08,East,Debit Card
7914,2023-07-10,CUST_01802,Male,41,Electronics,Smart Watch,5,223.2,1116.0,South,Cash
6456,2023-07-11,CUST_00117,Male,54,Sports,Water Bottle,1,131.97,131.97,East,UPI
6442,2023-07-11,CUST_00751,Male,59,Electronics,Bluetooth Speaker,1,301.7,301.7,East,Debit Card
5340,2023-07-11,CUST_01225,Female,66,Food,Peanut Butter,4,4.18,16.72,West,UPI
11000,2023-07-11,CUST_00732,Female,57,Beauty,Face Wash,1,39.31,39.31,East,Debit Card
2575,2023-07-11,CUST_00340,Female,44,Clothing,Hoodie,1,123.48,123.48,North,Debit Card
8406,2023-07-11,CUST_01888,Female,57,Sports,Water Bottle,1,67.6,67.6,West,Debit Card
2079,2023-07-12,CUST_00292,Female,44,Electronics,Tablet,1,56.59,56.59,North,Cash
4315,2023-07-12,CUST_01056,Female,20,Electronics,Smartphone,2,534.33,1068.66,East,Credit Card
5085,2023-07-12,CUST_01829,Male,20,Electronics,USB Cable,2,755.8,1511.6,West,UPI
7692,2023-07-12,CUST_01878,Male,30,Clothing,Sneakers,2,134.25,268.5,South,Debit Card
6212,2023-07-12,CUST_01072,Male,23,Clothing,Jeans,3,25.13,75.39,North,Credit Card
4623,2023-07-12,CUST_00006,Female,21,Clothing,Formal Shirt,5,27.15,135.75,North,Debit Card
4371,2023-07-12,CUST_01418,Female,51,Home & Kitchen,Bedsheet,2,212.39,424.78,East,Credit Card
4605,2023-07-12,CUST_01903,Male,20,Clothing,Jeans,2,25.57,51.14,West,Cash
7494,2023-07-12,CUST_01464,Female,47,Clothing,Hoodie,4,75.5,302.0,West,UPI
5132,2023-07-12,CUST_01711,Female,29,Electronics,Tablet,3,429.5,1288.5,South,Cash
3408,2023-07-12,CUST_00172,Female,36,Home & Kitchen,Bedsheet,4,238.72,954.88,East,Cash
8148,2023-07-13,CUST_00960,Female,30,Clothing,Shorts,1,65.35,65.35,East,Debit Card
8984,2023-07-13,CUST_01261,Male,41,Home & Kitchen,Storage Container,2,160.57,321.14,South,UPI
3297,2023-07-13,CUST_01998,Female,53,Home & Kitchen,Blender,1,216.12,216.12,South,Credit Card
5725,2023-07-13,CUST_00912,Male,47,Home & Kitchen,Wall Clock,3,24.94,74.82,South,Debit Card
9723,2023-07-13,CUST_00599,Male,63,Food,Organic Honey,4,34.93,139.72,South,UPI
7803,2023-07-13,CUST_00162,Female,58,Electronics,Tablet,1,339.49,339.49,South,Debit Card
4305,2023-07-13,CUST_00282,Female,68,Home & Kitchen,Wall Clock,2,87.55,175.1,North,Debit Card
2134,2023-07-13,CUST_00243,Female,42,Sports,Yoga Mat,1,67.96,67.96,South,UPI
4237,2023-07-13,CUST_00917,Male,51,Clothing,Jacket,6,135.34,812.04,South,UPI
10668,2023-07-13,CUST_01728,Male,65,Electronics,Laptop,4,71.21,284.84,West,Cash
10059,2023-07-13,CUST_01313,Female,46,Food,Dark Chocolate,7,19.89,139.23,West,Cash
9471,2023-07-13,CUST_01932,Female,67,Electronics,Tablet,1,775.57,775.57,East,Cash
8792,2023-07-13,CUST_01878,Male,30,Home & Kitchen,Knife Set,1,197.5,197.5,South,Credit Card
2324,2023-07-13,CUST_01570,Male,33,Food,Protein Bar,5,10.51,52.55,South,Debit Card
10580,2023-07-14,CUST_00939,Male,38,Food,Dark Chocolate,3,4.96,14.88,West,Debit Card
2216,2023-07-14,CUST_00895,Male,61,Sports,Cricket Bat,1,172.08,172.08,North,UPI
7499,2023-07-14,CUST_00687,Female,35,Food,Mixed Nuts,1,17.44,17.44,North,Cash
2952,2023-07-14,CUST_01868,Male,51,Beauty,Sunscreen,2,103.85,207.7,North,Cash
6909,2023-07-14,CUST_01060,Male,32,Electronics,Smart Watch,3,509.08,1527.24,North,Debit Card
10755,2023-07-14,CUST_00281,Female,56,Beauty,Sunscreen,2,111.89,223.78,South,Credit Card
4622,2023-07-14,CUST_00635,Male,54,Food,Peanut Butter,1,12.53,12.53,North,Credit Card
9584,2023-07-14,CUST_00777,Female,42,Clothing,Formal Shirt,3,142.68,428.04,West,Cash
2011,2023-07-14,CUST_00444,Male,52,Beauty,Perfume,7,61.87,433.09,East,Cash
9014,2023-07-14,CUST_00899,Male,21,Sports,Resistance Band,2,73.71,147.42,East,Credit Card
10290,2023-07-14,CUST_01690,Female,40,Sports,Football,2,158.12,316.24,North,Cash
5568,2023-07-14,CUST_00939,Male,38,Electronics,Power Bank,2,94.77,189.54,West,Debit Card
3857,2023-07-14,CUST_00890,Male,50,Home & Kitchen,Knife Set,2,30.38,60.76,West,Credit Card
5357,2023-07-14,CUST_00391,Male,70,Beauty,Lipstick,3,107.54,322.62,West,Debit Card
4884,2023-07-14,CUST_01359,Female,24,Clothing,Jeans,3,24.79,74.37,East,Cash
4830,2023-07-14,CUST_01776,Female,63,Electronics,Power Bank,1,439.5,439.5,South,Cash
9632,2023-07-14,CUST_00155,Male,49,Sports,Football,2,24.66,49.32,North,Cash
2097,2023-07-14,CUST_01438,Female,37,Electronics,USB Cable,2,381.29,762.58,South,Debit Card
8902,2023-07-14,CUST_00523,Female,58,Home & Kitchen,Knife Set,6,18.57,111.42,West,Debit Card
1132,2023-07-15,CUST_00809,Female,43,Home & Kitchen,Blender,3,78.29,234.87,West,Cash
3824,2023-07-15,CUST_01799,Male,30,Beauty,Face Wash,4,84.63,338.52,North,Cash
9689,2023-07-15,CUST_00631,Female,35,Beauty,Face Wash,2,61.8,123.6,East,UPI
10109,2023-07-15,CUST_01917,Female,59,Beauty,Foundation,3,6.53,19.59,East,Debit Card
8811,2023-07-15,CUST_01494,Male,23,Electronics,Power Bank,2,209.64,419.28,East,Debit Card
1880,2023-07-15,CUST_00383,Male,23,Beauty,Lipstick,2,34.4,68.8,West,Debit Card
4934,2023-07-15,CUST_00231,Male,47,Clothing,Shorts,2,72.81,145.62,North,Credit Card
4230,2023-07-15,CUST_01017,Female,36,Home & Kitchen,Blender,2,10.39,20.78,North,Debit Card
6381,2023-07-16,CUST_00332,Female,70,Food,Protein Bar,3,32.01,96.03,West,Credit Card
1214,2023-07-16,CUST_00426,Male,19,Clothing,Hoodie,4,60.7,242.8,North,Credit Card
1469,2023-07-16,CUST_00862,Male,36,Electronics,Smartphone,3,117.06,351.18,East,UPI
8533,2023-07-16,CUST_00498,Female,61,Clothing,Dress,4,11.26,45.04,East,Credit Card
2840,2023-07-16,CUST_01421,Female,32,Clothing,Formal Shirt,7,102.07,714.49,West,UPI
2112,2023-07-16,CUST_01208,Female,47,Home & Kitchen,Cookware Set,2,103.49,206.98,North,Credit Card
1831,2023-07-16,CUST_01701,Female,33,Home & Kitchen,Blender,1,181.79,181.79,East,Cash
8717,2023-07-16,CUST_01120,Male,54,Home & Kitchen,Knife Set,5,27.75,138.75,North,Cash
4983,2023-07-16,CUST_01334,Male,62,Home & Kitchen,Cookware Set,2,49.96,99.92,South,Debit Card
3915,2023-07-16,CUST_00576,Male,30,Clothing,T-Shirt,2,99.57,199.14,North,Credit Card
2113,2023-07-16,CUST_00483,Female,20,Electronics,USB Cable,1,464.23,464.23,South,Debit Card
7732,2023-07-16,CUST_00663,Male,34,Sports,Yoga Mat,3,186.05,558.15,South,Credit Card
6487,2023-07-17,CUST_00676,Female,58,Food,Peanut Butter,2,8.84,17.68,West,Credit Card
6160,2023-07-17,CUST_01788,Female,60,Home & Kitchen,Knife Set,1,178.12,178.12,South,Credit Card
7521,2023-07-17,CUST_00204,Male,60,Electronics,Smart Watch,2,369.16,738.32,East,Debit Card
3039,2023-07-17,CUST_01822,Male,64,Food,Dark Chocolate,3,35.05,105.15,West,Credit Card
10089,2023-07-17,CUST_01023,Male,59,Electronics,Laptop,2,66.86,133.72,South,UPI
3742,2023-07-17,CUST_01781,Male,19,Clothing,Shorts,1,27.38,27.38,East,Cash
10654,2023-07-17,CUST_01263,Male,70,Food,Organic Honey,2,18.69,37.38,North,Credit Card
5443,2023-07-17,CUST_00496,Male,30,Sports,Water Bottle,2,69.57,139.14,West,Credit Card
8459,2023-07-17,CUST_00124,Female,18,Clothing,Jacket,6,142.94,857.64,East,Credit Card
9378,2023-07-18,CUST_01427,Female,67,Home & Kitchen,Blender,1,241.96,241.96,East,Credit Card
5928,2023-07-18,CUST_00142,Female,49,Beauty,Perfume,1,92.32,92.32,East,Debit Card
1174,2023-07-18,CUST_00481,Female,48,Beauty,Face Wash,3,30.93,92.79,East,Cash
5080,2023-07-18,CUST_01891,Female,22,Sports,Cricket Bat,4,44.34,177.36,South,Cash
5365,2023-07-18,CUST_00811,Male,37,Electronics,Smart Watch,4,556.61,2226.44,East,Cash
3908,2023-07-18,CUST_00203,Female,55,Beauty,Eye Shadow,2,76.26,152.52,North,Credit Card
10714,2023-07-18,CUST_00834,Male,67,Electronics,Power Bank,1,316.57,316.57,East,Debit Card
2493,2023-07-18,CUST_00729,Female,53,Home & Kitchen,Knife Set,1,185.44,185.44,East,UPI
3575,2023-07-18,CUST_00520,Female,53,Home & Kitchen,Bedsheet,5,86.2,431.0,North,Cash
7851,2023-07-18,CUST_00617,Male,37,Home & Kitchen,Storage Container,5,212.75,1063.75,South,Debit Card
3175,2023-07-18,CUST_00082,Female,32,Sports,Running Shoes,3,9.86,29.58,South,Credit Card
4984,2023-07-18,CUST_00063,Male,21,Beauty,Moisturizer,1,69.78,69.78,North,Debit Card
4813,2023-07-18,CUST_00779,Male,40,Home & Kitchen,Pillow,1,19.68,19.68,South,Debit Card
6362,2023-07-18,CUST_00284,Male,39,Electronics,Tablet,1,590.0,590.0,West,UPI
2603,2023-07-18,CUST_01488,Female,40,Home & Kitchen,Cookware Set,5,76.38,381.9,North,Debit Card
9932,2023-07-19,CUST_00730,Male,65,Beauty,Lipstick,1,6.11,6.11,East,Cash
3728,2023-07-19,CUST_01384,Female,69,Clothing,Jeans,6,36.56,219.36,North,Debit Card
3471,2023-07-19,CUST_00101,Female,30,Clothing,Shorts,3,113.17,339.51,South,Cash
7948,2023-07-19,CUST_01433,Male,61,Food,Mixed Nuts,1,4.12,4.12,North,Debit Card
10933,2023-07-19,CUST_01599,Male,43,Beauty,Perfume,5,89.62,448.1,North,Debit Card
3822,2023-07-19,CUST_00441,Male,33,Home & Kitchen,Wall Clock,2,66.18,132.36,South,Credit Card
1543,2023-07-19,CUST_01739,Male,27,Electronics,Power Bank,5,382.62,1913.1,North,Debit Card
1125,2023-07-19,CUST_01974,Female,33,Home & Kitchen,Wall Clock,2,41.64,83.28,East,Debit Card
1109,2023-07-19,CUST_01162,Male,65,Sports,Water Bottle,5,172.2,861.0,East,UPI
8438,2023-07-19,CUST_01869,Female,27,Beauty,Lipstick,3,119.0,357.0,South,Debit Card
9653,2023-07-19,CUST_01692,Male,34,Beauty,Lipstick,2,66.89,133.78,West,UPI
2333,2023-07-19,CUST_01396,Male,45,Beauty,Eye Shadow,1,111.05,111.05,South,UPI
9423,2023-07-19,CUST_01695,Female,36,Home & Kitchen,Table Lamp,4,202.91,811.64,West,UPI
10058,2023-07-19,CUST_00648,Female,54,Food,Organic Honey,5,39.38,196.9,North,UPI
2555,2023-07-19,CUST_00876,Female,43,Sports,Running Shoes,1,154.81,154.81,East,Credit Card
6219,2023-07-19,CUST_01721,Female,67,Electronics,USB Cable,1,603.56,603.56,North,UPI
6276,2023-07-19,CUST_01126,Male,43,Clothing,Hoodie,3,138.45,415.35,South,Credit Card
9028,2023-07-19,CUST_01488,Female,40,Home & Kitchen,Bedsheet,5,123.95,619.75,North,UPI
8185,2023-07-19,CUST_01008,Female,49,Home & Kitchen,Cookware Set,2,95.67,191.34,West,UPI
8992,2023-07-19,CUST_01531,Male,36,Clothing,Jeans,3,118.1,354.3,South,Debit Card
4215,2023-07-20,CUST_01124,Female,19,Sports,Cricket Bat,4,88.66,354.64,East,Debit Card
1777,2023-07-20,CUST_00713,Female,44,Sports,Resistance Band,2,101.27,202.54,South,Credit Card
2033,2023-07-20,CUST_00113,Female,44,Electronics,Bluetooth Speaker,1,477.47,477.47,East,UPI
4437,2023-07-20,CUST_01115,Male,56,Food,Mixed Nuts,5,33.25,166.25,South,Cash
8815,2023-07-20,CUST_00780,Female,53,Electronics,Tablet,2,526.71,1053.42,West,UPI
4597,2023-07-20,CUST_00056,Male,57,Sports,Cricket Bat,3,124.56,373.68,West,Debit Card
9025,2023-07-20,CUST_00149,Male,57,Home & Kitchen,Cookware Set,1,128.31,128.31,East,Debit Card
10438,2023-07-20,CUST_01203,Female,22,Beauty,Sunscreen,2,37.78,75.56,West,Credit Card
7901,2023-07-20,CUST_00657,Male,66,Sports,Yoga Mat,3,103.64,310.92,South,Credit Card
4521,2023-07-20,CUST_01440,Male,51,Sports,Skipping Rope,1,10.03,10.03,East,Credit Card
5020,2023-07-20,CUST_00922,Female,35,Home & Kitchen,Wall Clock,1,92.2,92.2,East,Credit Card
2232,2023-07-20,CUST_01060,Male,32,Electronics,Laptop,3,660.01,1980.03,North,Credit Card
7719,2023-07-21,CUST_00599,Male,63,Home & Kitchen,Bedsheet,3,249.6,748.8,South,UPI
2095,2023-07-21,CUST_01691,Female,20,Home & Kitchen,Knife Set,1,25.8,25.8,South,Credit Card
8858,2023-07-21,CUST_00277,Male,24,Electronics,USB Cable,3,501.71,1505.13,West,Credit Card
7907,2023-07-21,CUST_01816,Male,33,Clothing,Formal Shirt,2,23.7,47.4,East,Debit Card
4955,2023-07-21,CUST_00085,Male,27,Sports,Running Shoes,2,62.63,125.26,West,Cash
3911,2023-07-21,CUST_01112,Male,40,Home & Kitchen,Wall Clock,1,244.87,244.87,North,Credit Card
9757,2023-07-21,CUST_01021,Male,45,Beauty,Eye Shadow,1,45.08,45.08,South,Credit Card
5565,2023-07-21,CUST_01879,Male,31,Electronics,USB Cable,2,315.67,631.34,North,UPI
4880,2023-07-21,CUST_00746,Female,32,Electronics,Headphones,2,756.43,1512.86,North,Debit Card
9778,2023-07-21,CUST_01988,Female,32,Sports,Yoga Mat,1,143.08,143.08,West,Credit Card
10697,2023-07-21,CUST_00876,Female,43,Home & Kitchen,Cookware Set,1,152.02,152.02,East,Credit Card
9489,2023-07-21,CUST_00652,Female,56,Clothing,Dress,3,85.85,257.55,East,Debit Card
1881,2023-07-21,CUST_00228,Male,36,Home & Kitchen,Cookware Set,2,140.36,280.72,East,Debit Card
2047,2023-07-22,CUST_01963,Female,53,Food,Protein Bar,3,17.21,51.63,East,Credit Card
4535,2023-07-22,CUST_00501,Male,61,Home & Kitchen,Pillow,2,135.84,271.68,North,Debit Card
4419,2023-07-22,CUST_01303,Female,38,Electronics,Tablet,3,593.12,1779.36,East,UPI
6503,2023-07-22,CUST_00757,Female,31,Home & Kitchen,Knife Set,1,175.64,175.64,East,Debit Card
7768,2023-07-22,CUST_00678,Male,31,Home & Kitchen,Storage Container,1,219.1,219.1,North,Cash
3567,2023-07-22,CUST_00678,Male,31,Beauty,Sunscreen,1,100.47,100.47,North,Debit Card
6691,2023-07-22,CUST_01619,Male,45,Beauty,Perfume,3,63.52,190.56,West,Debit Card
7712,2023-07-22,CUST_01274,Female,63,Home & Kitchen,Bedsheet,2,56.99,113.98,West,UPI
5598,2023-07-22,CUST_00690,Female,44,Food,Dark Chocolate,2,24.6,49.2,South,Credit Card
5745,2023-07-22,CUST_00771,Male,20,Sports,Football,1,156.81,156.81,South,Credit Card
1745,2023-07-22,CUST_00243,Female,42,Home & Kitchen,Blender,3,194.02,582.06,South,Debit Card
2581,2023-07-22,CUST_01528,Female,42,Clothing,Jeans,2,22.23,44.46,North,Credit Card
2090,2023-07-22,CUST_01844,Male,18,Food,Olive Oil,1,20.63,20.63,South,Cash
7516,2023-07-22,CUST_00041,Female,35,Electronics,Smart Watch,6,283.42,1700.52,West,Debit Card
10177,2023-07-22,CUST_01462,Female,53,Sports,Running Shoes,6,20.6,123.6,North,Cash
10407,2023-07-22,CUST_01614,Male,24,Sports,Skipping Rope,4,26.01,104.04,South,UPI
9130,2023-07-23,CUST_00561,Female,32,Home & Kitchen,Cookware Set,6,237.25,1423.5,North,Credit Card
8799,2023-07-23,CUST_01604,Female,53,Beauty,Lipstick,1,91.11,91.11,South,Credit Card
7034,2023-07-23,CUST_01725,Male,59,Beauty,Eye Shadow,5,98.59,492.95,West,Debit Card
6942,2023-07-23,CUST_00561,Female,32,Sports,Skipping Rope,4,83.19,332.76,North,Cash
8336,2023-07-23,CUST_00871,Female,54,Food,Granola,3,19.07,57.21,East,Credit Card
9615,2023-07-23,CUST_01786,Male,60,Electronics,Smart Watch,3,408.83,1226.49,South,Credit Card
4950,2023-07-23,CUST_00110,Female,64,Food,Granola,1,9.9,9.9,East,Debit Card
8181,2023-07-23,CUST_01547,Male,24,Electronics,Laptop,2,374.88,749.76,West,Credit Card
2072,2023-07-23,CUST_00340,Female,44,Food,Dark Chocolate,3,10.14,30.42,North,Cash
10960,2023-07-23,CUST_00594,Female,35,Electronics,Power Bank,1,64.58,64.58,West,UPI
9363,2023-07-23,CUST_00158,Male,36,Home & Kitchen,Blender,3,99.43,298.29,East,Cash
2609,2023-07-23,CUST_01784,Female,55,Beauty,Sunscreen,3,67.71,203.13,West,UPI
5214,2023-07-23,CUST_00780,Female,53,Clothing,Sneakers,2,114.34,228.68,West,Cash
7682,2023-07-23,CUST_01116,Female,48,Electronics,Smartphone,1,544.56,544.56,North,UPI
5082,2023-07-23,CUST_01820,Male,47,Food,Dark Chocolate,2,27.84,55.68,West,Cash
6868,2023-07-23,CUST_01236,Male,35,Food,Green Tea,3,20.01,60.03,South,Credit Card
5780,2023-07-23,CUST_00020,Male,63,Clothing,Sneakers,3,111.38,334.14,South,UPI
4236,2023-07-23,CUST_00107,Male,66,Food,Protein Bar,2,33.95,67.9,East,Credit Card
3982,2023-07-24,CUST_01255,Female,61,Food,Peanut Butter,2,17.11,34.22,North,Credit Card
10393,2023-07-24,CUST_01119,Male,50,Beauty,Foundation,1,35.96,35.96,West,UPI
7817,2023-07-24,CUST_00885,Female,69,Electronics,Smartphone,4,202.67,810.68,East,Cash
7036,2023-07-24,CUST_01272,Male,55,Home & Kitchen,Knife Set,5,60.28,301.4,North,UPI
6780,2023-07-24,CUST_01859,Female,41,Electronics,Laptop,3,699.95,2099.85,North,Cash
6681,2023-07-24,CUST_00138,Male,30,Home & Kitchen,Table Lamp,1,35.78,35.78,East,Debit Card
5773,2023-07-24,CUST_01496,Female,51,Electronics,USB Cable,3,567.14,1701.42,West,UPI
2636,2023-07-24,CUST_01877,Male,44,Electronics,Smart Watch,3,525.39,1576.17,South,Cash
4694,2023-07-24,CUST_00916,Female,65,Food,Green Tea,3,8.48,25.44,East,Credit Card
9058,2023-07-24,CUST_01293,Male,66,Beauty,Moisturizer,2,115.0,230.0,West,Debit Card
2391,2023-07-25,CUST_01102,Female,25,Electronics,USB Cable,5,411.67,2058.35,South,Debit Card
9177,2023-07-25,CUST_00891,Female,44,Home & Kitchen,Cookware Set,1,81.48,81.48,West,Credit Card
4684,2023-07-25,CUST_00198,Female,53,Beauty,Foundation,1,117.77,117.77,North,Cash
8099,2023-07-25,CUST_00541,Male,31,Electronics,Smart Watch,5,48.25,241.25,South,UPI
6846,2023-07-25,CUST_01403,Male,30,Clothing,T-Shirt,1,48.89,48.89,West,UPI
6872,2023-07-25,CUST_01353,Male,65,Beauty,Face Wash,4,34.01,136.04,West,Credit Card
6078,2023-07-25,CUST_00878,Male,42,Beauty,Face Wash,2,112.44,224.88,West,UPI
5427,2023-07-25,CUST_00012,Female,33,Electronics,Bluetooth Speaker,1,79.31,79.31,North,Credit Card
2562,2023-07-25,CUST_00817,Female,53,Home & Kitchen,Wall Clock,1,238.36,238.36,East,UPI
8713,2023-07-25,CUST_01178,Male,29,Beauty,Foundation,1,23.1,23.1,West,Credit Card
4671,2023-07-26,CUST_01694,Female,54,Food,Dark Chocolate,2,39.15,78.3,West,Debit Card
5874,2023-07-26,CUST_00133,Female,34,Home & Kitchen,Knife Set,3,138.88,416.64,South,UPI
1159,2023-07-26,CUST_00678,Male,31,Home & Kitchen,Wall Clock,1,52.67,52.67,North,Debit Card
3269,2023-07-26,CUST_01250,Female,52,Home & Kitchen,Pillow,2,245.13,490.26,West,UPI
9704,2023-07-26,CUST_00890,Male,50,Beauty,Hair Oil,1,103.09,103.09,West,Credit Card
6380,2023-07-26,CUST_00190,Female,41,Home & Kitchen,Pillow,2,35.4,70.8,West,Credit Card
1664,2023-07-26,CUST_01115,Male,56,Home & Kitchen,Cookware Set,3,199.45,598.35,South,Credit Card
7065,2023-07-26,CUST_00266,Male,48,Home & Kitchen,Storage Container,4,128.09,512.36,West,UPI
1888,2023-07-26,CUST_01613,Female,19,Home & Kitchen,Table Lamp,2,52.49,104.98,South,Debit Card
2370,2023-07-26,CUST_01605,Male,35,Electronics,USB Cable,1,709.9,709.9,North,Debit Card
7739,2023-07-26,CUST_01337,Female,55,Food,Green Tea,1,30.24,30.24,North,Debit Card
1216,2023-07-26,CUST_01082,Male,64,Food,Mixed Nuts,2,37.05,74.1,South,Debit Card
4641,2023-07-26,CUST_00543,Female,59,Electronics,Power Bank,1,618.1,618.1,South,UPI
10443,2023-07-26,CUST_00485,Female,67,Food,Dark Chocolate,1,33.19,33.19,North,Credit Card
2491,2023-07-26,CUST_00381,Female,56,Food,Dark Chocolate,4,22.82,91.28,West,Credit Card
2067,2023-07-27,CUST_01868,Male,51,Sports,Running Shoes,1,122.61,122.61,North,UPI
6084,2023-07-27,CUST_00345,Female,18,Beauty,Sunscreen,1,72.31,72.31,South,Cash
6939,2023-07-27,CUST_01685,Male,64,Home & Kitchen,Bedsheet,1,53.44,53.44,North,Debit Card
3240,2023-07-27,CUST_00741,Female,18,Sports,Skipping Rope,1,61.69,61.69,West,Credit Card
8518,2023-07-27,CUST_01984,Female,27,Home & Kitchen,Storage Container,2,178.42,356.84,North,Debit Card
3156,2023-07-27,CUST_01729,Female,26,Beauty,Face Wash,3,11.22,33.66,East,UPI
7993,2023-07-27,CUST_00958,Female,58,Home & Kitchen,Blender,5,154.02,770.1,East,Credit Card
7070,2023-07-27,CUST_01904,Male,67,Beauty,Sunscreen,4,117.28,469.12,South,Debit Card
1152,2023-07-27,CUST_01102,Female,25,Electronics,Headphones,5,618.46,3092.3,South,Cash
7655,2023-07-27,CUST_01655,Male,18,Food,Granola,4,12.86,51.44,North,UPI
2720,2023-07-27,CUST_00497,Male,47,Food,Organic Honey,2,23.55,47.1,West,Cash
5573,2023-07-27,CUST_01474,Male,62,Beauty,Sunscreen,1,96.13,96.13,West,Credit Card
3077,2023-07-27,CUST_00978,Female,20,Electronics,Tablet,5,418.9,2094.5,North,Credit Card
6452,2023-07-27,CUST_01514,Male,43,Clothing,Jeans,1,133.76,133.76,North,UPI
8009,2023-07-28,CUST_00521,Female,51,Home & Kitchen,Storage Container,2,233.78,467.56,East,Cash
8017,2023-07-28,CUST_00971,Female,54,Home & Kitchen,Knife Set,2,155.58,311.16,East,Debit Card
2754,2023-07-28,CUST_01365,Female,63,Home & Kitchen,Table Lamp,1,193.36,193.36,East,Credit Card
7992,2023-07-28,CUST_00557,Female,63,Home & Kitchen,Bedsheet,3,82.01,246.03,West,UPI
5894,2023-07-28,CUST_01044,Female,40,Beauty,Hair Oil,1,110.38,110.38,North,Credit Card
5440,2023-07-28,CUST_01766,Female,39,Electronics,Laptop,1,207.38,207.38,North,Debit Card
5779,2023-07-28,CUST_00513,Male,21,Sports,Cricket Bat,1,115.0,115.0,West,Credit Card
1586,2023-07-28,CUST_01686,Female,67,Food,Mixed Nuts,4,4.86,19.44,South,UPI
2846,2023-07-28,CUST_01477,Female,18,Sports,Dumbbells,5,111.84,559.2,East,Cash
9187,2023-07-28,CUST_01930,Female,39,Clothing,Formal Shirt,1,124.94,124.94,North,Debit Card
5022,2023-07-28,CUST_00086,Male,57,Beauty,Sunscreen,1,105.91,105.91,East,Debit Card
3852,2023-07-28,CUST_01224,Female,31,Home & Kitchen,Blender,5,37.21,186.05,South,Credit Card
7363,2023-07-28,CUST_00718,Female,68,Home & Kitchen,Cookware Set,1,109.69,109.69,North,Credit Card
7561,2023-07-28,CUST_01564,Female,62,Clothing,Jacket,2,146.71,293.42,South,Credit Card
5167,2023-07-28,CUST_01793,Male,42,Home & Kitchen,Storage Container,3,50.48,151.44,West,Cash
2277,2023-07-29,CUST_01161,Female,27,Beauty,Foundation,1,85.69,85.69,North,Cash
4112,2023-07-29,CUST_00131,Male,38,Home & Kitchen,Bedsheet,1,211.81,211.81,North,UPI
1190,2023-07-29,CUST_01573,Male,63,Home & Kitchen,Knife Set,2,165.34,330.68,West,Debit Card
4409,2023-07-29,CUST_00219,Male,55,Electronics,Bluetooth Speaker,1,38.25,38.25,North,Debit Card
6428,2023-07-29,CUST_00118,Female,19,Electronics,Bluetooth Speaker,3,57.59,172.77,South,Credit Card
8170,2023-07-29,CUST_00265,Male,63,Beauty,Moisturizer,1,30.74,30.74,South,UPI
9118,2023-07-29,CUST_00997,Male,70,Food,Protein Bar,4,20.07,80.28,South,Credit Card
10599,2023-07-29,CUST_00110,Female,64,Electronics,Laptop,1,776.53,776.53,East,Cash
4350,2023-07-29,CUST_00921,Male,64,Sports,Resistance Band,2,153.02,306.04,West,Cash
5982,2023-07-29,CUST_01237,Female,24,Sports,Running Shoes,1,40.36,40.36,West,Credit Card
1638,2023-07-29,CUST_01107,Female,42,Electronics,Headphones,3,784.65,2353.95,West,UPI
3589,2023-07-29,CUST_01870,Male,65,Food,Olive Oil,1,18.94,18.94,East,UPI
9408,2023-07-29,CUST_00321,Male,46,Home & Kitchen,Table Lamp,1,181.49,181.49,North,Credit Card
4227,2023-07-29,CUST_01632,Female,32,Electronics,Headphones,1,400.42,400.42,South,Cash
3768,2023-07-29,CUST_01802,Male,41,Home & Kitchen,Cookware Set,3,64.97,194.91,South,Credit Card
10257,2023-07-29,CUST_01443,Male,48,Electronics,Power Bank,2,18.19,36.38,East,Debit Card
3786,2023-07-29,CUST_01947,Female,41,Clothing,Formal Shirt,6,29.93,179.58,North,UPI
9843,2023-07-29,CUST_01809,Female,67,Home & Kitchen,Blender,4,203.2,812.8,West,UPI
6462,2023-07-29,CUST_00734,Female,61,Food,Green Tea,1,10.87,10.87,South,Credit Card
1156,2023-07-29,CUST_00239,Female,21,Clothing,Hoodie,7,58.17,407.19,East,Credit Card
3224,2023-07-29,CUST_00633,Male,34,Electronics,Power Bank,1,69.1,69.1,West,Debit Card
10757,2023-07-29,CUST_00204,Male,60,Beauty,Face Wash,2,59.22,118.44,East,UPI
1694,2023-07-29,CUST_01350,Male,31,Sports,Running Shoes,4,105.34,421.36,South,Debit Card
7335,2023-07-30,CUST_01005,Male,19,Electronics,Bluetooth Speaker,3,294.07,882.21,East,Debit Card
6401,2023-07-30,CUST_00322,Male,60,Food,Organic Honey,3,37.38,112.14,West,Credit Card
2519,2023-07-30,CUST_01090,Male,56,Food,Dark Chocolate,1,3.52,3.52,West,Debit Card
7197,2023-07-30,CUST_01986,Female,53,Clothing,Formal Shirt,3,144.48,433.44,East,UPI
7085,2023-07-30,CUST_00528,Male,41,Home & Kitchen,Blender,1,34.42,34.42,South,Credit Card
6618,2023-07-30,CUST_01337,Female,55,Home & Kitchen,Blender,2,66.98,133.96,North,Debit Card
1890,2023-07-30,CUST_01594,Male,31,Beauty,Lipstick,3,8.41,25.23,South,Credit Card
4387,2023-07-30,CUST_00969,Male,20,Clothing,Formal Shirt,4,65.93,263.72,South,UPI
1226,2023-07-30,CUST_00994,Female,59,Food,Mixed Nuts,3,24.69,74.07,North,Debit Card
6751,2023-07-30,CUST_01669,Male,49,Clothing,Hoodie,1,21.81,21.81,South,UPI
6614,2023-07-31,CUST_00837,Female,18,Clothing,Formal Shirt,1,135.5,135.5,North,Credit Card
8615,2023-07-31,CUST_01929,Male,62,Home & Kitchen,Storage Container,1,30.78,30.78,North,Credit Card
6925,2023-07-31,CUST_01518,Female,26,Sports,Resistance Band,1,197.0,197.0,South,Credit Card
4233,2023-07-31,CUST_01969,Male,39,Clothing,Dress,1,121.1,121.1,West,UPI
8916,2023-07-31,CUST_00105,Female,46,Electronics,Smart Watch,1,691.15,691.15,North,UPI
10131,2023-07-31,CUST_01036,Female,22,Electronics,Bluetooth Speaker,2,670.71,1341.42,West,Credit Card
10838,2023-07-31,CUST_01161,Female,27,Sports,Dumbbells,1,28.94,28.94,North,Debit Card
8222,2023-07-31,CUST_00224,Male,36,Clothing,Dress,3,19.05,57.15,South,Credit Card
1963,2023-07-31,CUST_00213,Male,44,Electronics,Headphones,6,535.48,3212.88,East,Credit Card
8108,2023-07-31,CUST_01582,Male,59,Home & Kitchen,Knife Set,3,148.05,444.15,East,Credit Card
4735,2023-08-01,CUST_01125,Female,27,Beauty,Perfume,4,60.39,241.56,North,UPI
8321,2023-08-01,CUST_00006,Female,21,Sports,Resistance Band,3,138.4,415.2,North,Credit Card
9033,2023-08-01,CUST_01329,Female,23,Food,Olive Oil,1,31.27,31.27,North,Credit Card
9949,2023-08-01,CUST_00481,Female,48,Food,Peanut Butter,1,32.63,32.63,East,Debit Card
3729,2023-08-01,CUST_00517,Male,44,Home & Kitchen,Knife Set,1,226.03,226.03,East,Cash
1989,2023-08-01,CUST_00203,Female,55,Clothing,Formal Shirt,2,99.93,199.86,North,Debit Card
7673,2023-08-01,CUST_01683,Male,59,Home & Kitchen,Wall Clock,2,45.72,91.44,North,Credit Card
5533,2023-08-01,CUST_00651,Male,40,Clothing,Sneakers,4,136.39,545.56,East,Credit Card
1667,2023-08-01,CUST_01814,Male,65,Home & Kitchen,Table Lamp,3,127.74,383.22,East,Cash
3613,2023-08-01,CUST_00111,Male,62,Food,Peanut Butter,3,21.52,64.56,West,Credit Card
10612,2023-08-01,CUST_01023,Male,59,Food,Dark Chocolate,3,5.85,17.55,South,Credit Card
5403,2023-08-01,CUST_00526,Female,25,Home & Kitchen,Blender,1,69.8,69.8,North,Debit Card
10376,2023-08-01,CUST_00402,Female,25,Sports,Skipping Rope,1,165.65,165.65,South,Debit Card
2888,2023-08-01,CUST_00922,Female,35,Food,Mixed Nuts,2,12.94,25.88,East,Debit Card
6896,2023-08-01,CUST_00806,Male,42,Electronics,Smartphone,4,551.44,2205.76,North,Credit Card
7384,2023-08-01,CUST_01595,Male,44,Home & Kitchen,Knife Set,1,11.97,11.97,East,UPI
9436,2023-08-01,CUST_01866,Female,70,Electronics,Laptop,4,667.41,2669.64,North,Credit Card
7613,2023-08-02,CUST_01699,Female,34,Food,Protein Bar,6,15.45,92.7,South,UPI
9482,2023-08-02,CUST_01278,Male,39,Food,Granola,5,33.04,165.2,West,Credit Card
4122,2023-08-02,CUST_00115,Male,53,Home & Kitchen,Storage Container,1,88.26,88.26,East,Debit Card
2375,2023-08-02,CUST_00955,Female,42,Home & Kitchen,Pillow,2,23.81,47.62,West,Debit Card
1538,2023-08-02,CUST_00392,Female,59,Electronics,Smartphone,4,501.12,2004.48,South,Cash
6404,2023-08-02,CUST_01093,Female,27,Electronics,Laptop,3,117.37,352.11,South,Debit Card
7341,2023-08-02,CUST_00370,Female,48,Home & Kitchen,Knife Set,2,184.61,369.22,West,Cash
8755,2023-08-02,CUST_00868,Female,53,Home & Kitchen,Cookware Set,1,218.44,218.44,North,Cash
1330,2023-08-02,CUST_01641,Female,38,Home & Kitchen,Pillow,1,43.3,43.3,South,Credit Card
8058,2023-08-02,CUST_01993,Male,52,Home & Kitchen,Wall Clock,4,126.41,505.64,West,Credit Card
2321,2023-08-02,CUST_00477,Female,24,Beauty,Face Wash,4,110.62,442.48,West,Credit Card
3002,2023-08-02,CUST_00265,Male,63,Food,Olive Oil,1,18.2,18.2,South,Credit Card
5809,2023-08-02,CUST_01185,Male,53,Home & Kitchen,Knife Set,1,137.83,137.83,West,Debit Card
3811,2023-08-02,CUST_01836,Male,58,Beauty,Lipstick,3,77.36,232.08,North,Debit Card
4119,2023-08-03,CUST_00854,Male,26,Clothing,Hoodie,2,73.99,147.98,North,Credit Card
8773,2023-08-03,CUST_01470,Male,31,Food,Protein Bar,5,16.69,83.45,South,UPI
4399,2023-08-03,CUST_01554,Male,21,Food,Mixed Nuts,3,27.4,82.2,East,Cash
2398,2023-08-03,CUST_00410,Male,22,Beauty,Eye Shadow,5,48.08,240.4,North,Credit Card
4152,2023-08-03,CUST_01124,Female,19,Sports,Yoga Mat,1,22.86,22.86,East,UPI
1106,2023-08-03,CUST_01047,Male,30,Home & Kitchen,Wall Clock,1,143.32,143.32,West,UPI
5615,2023-08-03,CUST_00247,Female,62,Home & Kitchen,Storage Container,1,191.77,191.77,South,Credit Card
6933,2023-08-03,CUST_00811,Male,37,Home & Kitchen,Blender,3,214.11,642.33,East,Debit Card
7163,2023-08-03,CUST_01073,Male,18,Food,Green Tea,5,30.22,151.1,East,Cash
10653,2023-08-03,CUST_00477,Female,24,Beauty,Eye Shadow,3,14.94,44.82,West,Credit Card
5764,2023-08-03,CUST_01334,Male,62,Food,Dark Chocolate,2,3.77,7.54,South,Debit Card
1763,2023-08-03,CUST_01591,Female,61,Home & Kitchen,Knife Set,3,210.4,631.2,South,Debit Card
10253,2023-08-03,CUST_00552,Male,60,Home & Kitchen,Knife Set,4,225.84,903.36,West,Cash
5682,2023-08-03,CUST_00212,Female,51,Food,Peanut Butter,4,5.41,21.64,West,Credit Card
3004,2023-08-04,CUST_00952,Male,32,Electronics,Headphones,5,317.45,1587.25,West,UPI
4003,2023-08-04,CUST_00753,Female,48,Home & Kitchen,Storage Container,1,218.5,218.5,East,Credit Card
7536,2023-08-04,CUST_00974,Male,24,Clothing,Dress,3,95.16,285.48,South,Credit Card
5701,2023-08-04,CUST_00552,Male,60,Beauty,Hair Oil,5,46.68,233.4,West,Credit Card
8400,2023-08-04,CUST_00824,Female,70,Home & Kitchen,Pillow,1,179.12,179.12,North,UPI
4184,2023-08-04,CUST_00175,Male,53,Home & Kitchen,Wall Clock,1,119.5,119.5,South,Credit Card
2009,2023-08-04,CUST_00393,Male,68,Food,Organic Honey,7,17.91,125.37,West,Cash
9076,2023-08-04,CUST_00110,Female,64,Home & Kitchen,Bedsheet,2,92.8,185.6,East,Debit Card
4625,2023-08-04,CUST_00067,Female,30,Beauty,Moisturizer,1,63.49,63.49,North,Debit Card
8011,2023-08-04,CUST_01581,Female,43,Electronics,Smart Watch,1,791.66,791.66,North,Debit Card
6128,2023-08-04,CUST_00777,Female,42,Electronics,Smart Watch,3,754.15,2262.45,West,UPI
1320,2023-08-04,CUST_00262,Male,63,Food,Protein Bar,3,4.01,12.03,West,UPI
9608,2023-08-04,CUST_01159,Male,28,Beauty,Lipstick,1,104.41,104.41,West,Credit Card
10954,2023-08-05,CUST_00126,Male,58,Clothing,Formal Shirt,3,113.09,339.27,South,Debit Card
9753,2023-08-05,CUST_01212,Female,49,Home & Kitchen,Cookware Set,5,44.33,221.65,South,Cash
4904,2023-08-05,CUST_00317,Male,30,Home & Kitchen,Knife Set,7,157.69,1103.83,East,Cash
9257,2023-08-05,CUST_01129,Female,51,Clothing,Jeans,1,111.74,111.74,West,UPI
4069,2023-08-05,CUST_01350,Male,31,Home & Kitchen,Knife Set,3,164.29,492.87,South,Cash
5975,2023-08-05,CUST_00717,Male,58,Food,Olive Oil,1,35.23,35.23,West,Debit Card
10813,2023-08-05,CUST_00562,Female,29,Beauty,Hair Oil,4,62.41,249.64,South,UPI
5247,2023-08-05,CUST_01105,Male,20,Electronics,Tablet,1,180.55,180.55,East,UPI
7657,2023-08-05,CUST_01173,Male,67,Electronics,Bluetooth Speaker,2,589.4,1178.8,South,Debit Card
9733,2023-08-05,CUST_01366,Female,50,Electronics,Bluetooth Speaker,5,772.43,3862.15,North,Debit Card
3040,2023-08-05,CUST_00603,Male,49,Electronics,Smartphone,2,139.54,279.08,East,Credit Card
1783,2023-08-05,CUST_00988,Female,55,Food,Peanut Butter,2,39.81,79.62,East,Debit Card
3848,2023-08-05,CUST_00266,Male,48,Electronics,Smart Watch,1,134.17,134.17,West,UPI
1142,2023-08-05,CUST_01781,Male,19,Electronics,Headphones,1,755.1,755.1,East,UPI
7598,2023-08-05,CUST_01927,Male,66,Food,Organic Honey,1,7.33,7.33,East,Debit Card
6767,2023-08-06,CUST_01145,Male,65,Electronics,Power Bank,3,233.78,701.34,North,Cash
9516,2023-08-06,CUST_00488,Female,27,Clothing,Formal Shirt,4,97.33,389.32,North,Cash
8817,2023-08-06,CUST_01564,Female,62,Electronics,Tablet,6,799.6,4797.6,South,Credit Card
4815,2023-08-06,CUST_00781,Male,35,Clothing,Jacket,1,120.57,120.57,West,UPI
4271,2023-08-06,CUST_01164,Male,23,Clothing,Shorts,1,21.48,21.48,North,Credit Card
10791,2023-08-06,CUST_01608,Female,54,Home & Kitchen,Knife Set,3,13.68,41.04,North,Cash
9466,2023-08-06,CUST_01319,Male,60,Home & Kitchen,Blender,2,175.77,351.54,East,Cash
6704,2023-08-06,CUST_01069,Female,27,Clothing,Jeans,2,70.58,141.16,East,Cash
10946,2023-08-06,CUST_00386,Male,61,Food,Dark Chocolate,2,26.24,52.48,West,UPI
9669,2023-08-06,CUST_00935,Female,22,Electronics,Laptop,5,91.69,458.45,South,UPI
7010,2023-08-06,CUST_00023,Female,21,Sports,Dumbbells,3,114.5,343.5,North,Cash
1630,2023-08-06,CUST_01664,Male,70,Food,Green Tea,3,26.61,79.83,East,Credit Card
7678,2023-08-06,CUST_00703,Female,30,Beauty,Lipstick,2,10.02,20.04,East,Cash
5064,2023-08-06,CUST_00926,Female,62,Food,Green Tea,5,23.57,117.85,East,Cash
4090,2023-08-06,CUST_00511,Male,38,Electronics,Bluetooth Speaker,1,676.11,676.11,East,UPI
10015,2023-08-06,CUST_00169,Male,22,Clothing,Formal Shirt,1,30.07,30.07,South,UPI
2856,2023-08-06,CUST_01521,Female,51,Beauty,Perfume,5,107.37,536.85,North,Credit Card
9991,2023-08-06,CUST_00712,Female,21,Food,Olive Oil,3,36.99,110.97,East,Cash
5220,2023-08-06,CUST_01014,Male,38,Beauty,Face Wash,3,102.27,306.81,South,Debit Card
9150,2023-08-06,CUST_00710,Male,53,Electronics,USB Cable,2,485.17,970.34,West,Cash
10067,2023-08-06,CUST_00213,Male,44,Food,Mixed Nuts,1,21.84,21.84,East,Cash
8207,2023-08-06,CUST_00086,Male,57,Home & Kitchen,Cookware Set,7,218.14,1526.98,East,Debit Card
10307,2023-08-06,CUST_01203,Female,22,Clothing,Jeans,1,32.42,32.42,West,Credit Card
5648,2023-08-06,CUST_00498,Female,61,Home & Kitchen,Table Lamp,2,148.01,296.02,East,Credit Card
8548,2023-08-06,CUST_01329,Female,23,Clothing,Shorts,2,112.67,225.34,North,Debit Card
9422,2023-08-07,CUST_01449,Female,55,Home & Kitchen,Bedsheet,1,15.79,15.79,South,Credit Card
2779,2023-08-07,CUST_00498,Female,61,Clothing,T-Shirt,2,65.53,131.06,East,Debit Card
7165,2023-08-07,CUST_01689,Male,60,Beauty,Perfume,3,113.94,341.82,West,Credit Card
3281,2023-08-07,CUST_01499,Male,54,Clothing,Dress,2,134.92,269.84,North,Credit Card
1709,2023-08-07,CUST_01927,Male,66,Clothing,T-Shirt,2,66.64,133.28,East,Debit Card
9771,2023-08-07,CUST_00144,Female,19,Electronics,Tablet,3,293.29,879.87,North,UPI
8413,2023-08-07,CUST_01328,Male,51,Home & Kitchen,Bedsheet,2,25.84,51.68,South,Cash
5155,2023-08-07,CUST_01920,Female,36,Electronics,Smartphone,2,147.84,295.68,South,Cash
7277,2023-08-08,CUST_01569,Male,25,Clothing,Formal Shirt,2,58.72,117.44,North,UPI
4864,2023-08-08,CUST_00765,Female,35,Clothing,Dress,1,82.05,82.05,South,Debit Card
10662,2023-08-08,CUST_01071,Female,21,Home & Kitchen,Table Lamp,3,114.84,344.52,North,Cash
8448,2023-08-08,CUST_01981,Male,69,Home & Kitchen,Pillow,1,96.98,96.98,West,Credit Card
9206,2023-08-08,CUST_01027,Male,49,Clothing,Jacket,1,33.39,33.39,South,Debit Card
2526,2023-08-09,CUST_01156,Female,41,Home & Kitchen,Storage Container,5,188.21,941.05,North,Cash
10044,2023-08-09,CUST_01058,Male,67,Home & Kitchen,Bedsheet,6,139.06,834.36,South,UPI
10456,2023-08-09,CUST_00409,Male,22,Beauty,Perfume,2,54.68,109.36,West,UPI
4537,2023-08-09,CUST_00838,Male,18,Sports,Football,6,189.13,1134.78,West,Cash
8460,2023-08-09,CUST_00493,Male,23,Food,Peanut Butter,1,14.74,14.74,East,UPI
8693,2023-08-09,CUST_01586,Female,34,Beauty,Lipstick,4,59.59,238.36,North,Credit Card
9062,2023-08-09,CUST_00327,Female,34,Home & Kitchen,Storage Container,2,217.53,435.06,West,Debit Card
6773,2023-08-09,CUST_01720,Male,33,Beauty,Lipstick,1,70.36,70.36,West,Credit Card
5926,2023-08-09,CUST_01732,Female,33,Electronics,Smart Watch,3,695.98,2087.94,South,Debit Card
5567,2023-08-09,CUST_00085,Male,27,Clothing,Shorts,1,71.44,71.44,West,Debit Card
8261,2023-08-09,CUST_00534,Female,29,Clothing,Shorts,2,12.71,25.42,North,Cash
8809,2023-08-09,CUST_01011,Male,27,Clothing,Formal Shirt,1,127.05,127.05,West,Credit Card
6549,2023-08-09,CUST_00409,Male,22,Beauty,Sunscreen,3,21.18,63.54,West,Debit Card
5713,2023-08-09,CUST_00330,Female,59,Beauty,Foundation,1,49.44,49.44,South,Credit Card
2544,2023-08-09,CUST_01967,Female,31,Food,Granola,5,3.0,15.0,South,Debit Card
9008,2023-08-09,CUST_00430,Male,27,Clothing,Dress,6,144.02,864.12,West,Cash
3029,2023-08-09,CUST_00856,Female,20,Sports,Yoga Mat,1,52.17,52.17,North,Debit Card
1930,2023-08-10,CUST_00608,Male,54,Home & Kitchen,Blender,1,188.99,188.99,South,Credit Card
4105,2023-08-10,CUST_00336,Male,24,Clothing,Dress,2,20.48,40.96,South,Credit Card
9385,2023-08-10,CUST_01515,Female,46,Beauty,Foundation,7,42.44,297.08,South,Credit Card
9802,2023-08-10,CUST_00714,Female,37,Clothing,T-Shirt,3,143.17,429.51,North,Debit Card
1682,2023-08-10,CUST_01066,Male,42,Food,Protein Bar,3,4.22,12.66,North,UPI
7084,2023-08-10,CUST_01953,Male,27,Sports,Skipping Rope,2,109.04,218.08,East,Credit Card
8899,2023-08-10,CUST_01636,Female,44,Home & Kitchen,Wall Clock,7,205.55,1438.85,West,Credit Card
2341,2023-08-10,CUST_01364,Male,20,Food,Peanut Butter,2,20.16,40.32,East,Debit Card
1045,2023-08-10,CUST_00527,Female,21,Beauty,Hair Oil,1,77.83,77.83,South,Cash
2384,2023-08-10,CUST_00179,Female,52,Clothing,Jeans,3,29.75,89.25,South,Debit Card
6348,2023-08-10,CUST_01646,Female,28,Electronics,Tablet,1,433.16,433.16,West,Debit Card
1185,2023-08-10,CUST_01792,Female,70,Beauty,Face Wash,2,78.64,157.28,North,UPI
1580,2023-08-10,CUST_01264,Female,35,Home & Kitchen,Storage Container,2,31.74,63.48,East,Cash
10713,2023-08-10,CUST_01474,Male,62,Sports,Dumbbells,2,23.15,46.3,West,Credit Card
5099,2023-08-10,CUST_01347,Female,40,Sports,Skipping Rope,2,50.84,101.68,West,Credit Card
3331,2023-08-10,CUST_00001,Male,53,Home & Kitchen,Knife Set,2,112.36,224.72,South,Credit Card
6509,2023-08-10,CUST_00036,Female,51,Home & Kitchen,Cookware Set,3,142.25,426.75,East,Credit Card
6331,2023-08-10,CUST_01272,Male,55,Beauty,Moisturizer,3,63.38,190.14,North,UPI
6876,2023-08-10,CUST_00896,Male,18,Beauty,Sunscreen,4,95.59,382.36,North,Credit Card
7207,2023-08-10,CUST_00504,Male,50,Home & Kitchen,Storage Container,4,15.03,60.12,North,Debit Card
3068,2023-08-10,CUST_01035,Male,30,Electronics,USB Cable,4,534.9,2139.6,West,Debit Card
4805,2023-08-11,CUST_02000,Male,48,Electronics,Bluetooth Speaker,5,550.04,2750.2,North,Cash
1909,2023-08-11,CUST_01711,Female,29,Electronics,Smartphone,1,532.84,532.84,South,Credit Card
5016,2023-08-11,CUST_01840,Female,27,Home & Kitchen,Knife Set,1,227.01,227.01,West,Debit Card
2174,2023-08-11,CUST_01448,Male,18,Electronics,Smart Watch,2,67.65,135.3,East,Credit Card
2977,2023-08-11,CUST_01263,Male,70,Beauty,Eye Shadow,2,110.33,220.66,North,UPI
3794,2023-08-11,CUST_01761,Female,66,Home & Kitchen,Pillow,1,36.12,36.12,North,Credit Card
8530,2023-08-11,CUST_01937,Female,70,Beauty,Lipstick,2,75.15,150.3,West,Debit Card
3447,2023-08-11,CUST_01650,Male,41,Clothing,Sneakers,5,61.62,308.1,North,Debit Card
6027,2023-08-11,CUST_00612,Male,52,Beauty,Foundation,1,93.45,93.45,East,Credit Card
2130,2023-08-11,CUST_00563,Female,59,Home & Kitchen,Cookware Set,1,37.59,37.59,West,UPI
3753,2023-08-11,CUST_00818,Male,31,Food,Granola,2,9.93,19.86,South,Debit Card
9302,2023-08-11,CUST_01202,Male,64,Food,Olive Oil,2,20.33,40.66,South,Debit Card
2748,2023-08-11,CUST_01634,Female,30,Sports,Resistance Band,1,165.11,165.11,West,Debit Card
6551,2023-08-11,CUST_00412,Female,39,Home & Kitchen,Cookware Set,1,174.08,174.08,South,Credit Card
4384,2023-08-11,CUST_00236,Female,44,Sports,Water Bottle,1,172.19,172.19,East,UPI
5491,2023-08-12,CUST_01510,Female,46,Food,Granola,4,36.85,147.4,West,Credit Card
5499,2023-08-12,CUST_01362,Male,57,Sports,Water Bottle,5,9.01,45.05,West,UPI
4720,2023-08-12,CUST_01552,Male,26,Clothing,Jacket,7,141.03,987.21,West,Credit Card
4172,2023-08-12,CUST_00450,Female,53,Beauty,Lipstick,1,116.9,116.9,West,UPI
8926,2023-08-12,CUST_00511,Male,38,Clothing,Dress,3,56.6,169.8,East,Cash
3026,2023-08-12,CUST_01645,Male,32,Clothing,Shorts,1,126.44,126.44,South,Debit Card
6383,2023-08-12,CUST_01811,Female,52,Food,Peanut Butter,2,34.49,68.98,North,UPI
3191,2023-08-12,CUST_01961,Male,50,Beauty,Moisturizer,2,19.29,38.58,East,Credit Card
8935,2023-08-13,CUST_01509,Male,68,Clothing,Jeans,3,133.5,400.5,North,UPI
1976,2023-08-13,CUST_01258,Female,59,Beauty,Sunscreen,3,35.47,106.41,South,Debit Card
8644,2023-08-13,CUST_01855,Female,33,Food,Olive Oil,2,15.88,31.76,North,Debit Card
8757,2023-08-13,CUST_00334,Female,42,Home & Kitchen,Knife Set,2,222.86,445.72,West,UPI
6098,2023-08-13,CUST_00279,Female,59,Food,Granola,4,13.56,54.24,West,Debit Card
8169,2023-08-13,CUST_01012,Female,27,Sports,Cricket Bat,1,121.83,121.83,South,UPI
7026,2023-08-13,CUST_00692,Male,41,Beauty,Moisturizer,1,92.96,92.96,West,UPI
9830,2023-08-13,CUST_00597,Male,44,Electronics,Power Bank,1,215.8,215.8,North,Credit Card
7424,2023-08-13,CUST_01171,Female,67,Food,Peanut Butter,5,17.74,88.7,West,UPI
8105,2023-08-13,CUST_00155,Male,49,Clothing,Formal Shirt,1,43.69,43.69,North,UPI
3001,2023-08-13,CUST_01477,Female,18,Electronics,Laptop,6,266.0,1596.0,East,Debit Card
7905,2023-08-13,CUST_00188,Female,69,Beauty,Perfume,1,11.98,11.98,South,UPI
9705,2023-08-13,CUST_01890,Female,68,Home & Kitchen,Pillow,2,111.07,222.14,South,UPI
10663,2023-08-13,CUST_00091,Female,65,Home & Kitchen,Bedsheet,1,208.46,208.46,North,Debit Card
9693,2023-08-14,CUST_00074,Female,52,Home & Kitchen,Storage Container,5,196.76,983.8,West,Cash
4626,2023-08-14,CUST_01261,Male,41,Home & Kitchen,Bedsheet,3,119.72,359.16,South,Credit Card
10595,2023-08-14,CUST_01535,Male,36,Clothing,Shorts,3,136.12,408.36,North,Debit Card
2653,2023-08-14,CUST_00500,Male,58,Food,Olive Oil,1,27.24,27.24,South,Debit Card
8800,2023-08-14,CUST_00036,Female,51,Beauty,Sunscreen,1,11.47,11.47,East,Credit Card
9772,2023-08-14,CUST_01599,Male,43,Clothing,T-Shirt,5,29.01,145.05,North,Debit Card
10873,2023-08-14,CUST_00687,Female,35,Electronics,Smart Watch,2,232.36,464.72,North,Debit Card
6563,2023-08-14,CUST_01510,Female,46,Home & Kitchen,Blender,1,77.95,77.95,West,Debit Card
4364,2023-08-14,CUST_00731,Male,18,Clothing,T-Shirt,1,79.45,79.45,South,UPI
7119,2023-08-15,CUST_01637,Female,47,Electronics,Bluetooth Speaker,2,529.36,1058.72,South,Cash
8253,2023-08-15,CUST_01221,Male,70,Home & Kitchen,Bedsheet,3,110.58,331.74,North,UPI
10311,2023-08-15,CUST_01813,Female,48,Sports,Yoga Mat,5,34.03,170.15,South,UPI
10418,2023-08-15,CUST_00248,Female,32,Clothing,Dress,2,39.55,79.1,South,UPI
9961,2023-08-15,CUST_01684,Male,22,Clothing,Formal Shirt,1,86.88,86.88,North,Debit Card
9644,2023-08-15,CUST_00793,Female,70,Electronics,Power Bank,4,78.83,315.32,North,Credit Card
8144,2023-08-15,CUST_00100,Male,25,Beauty,Hair Oil,2,91.01,182.02,East,UPI
8037,2023-08-15,CUST_01195,Female,47,Home & Kitchen,Pillow,4,62.36,249.44,East,Cash
2813,2023-08-15,CUST_01253,Female,25,Sports,Dumbbells,2,155.77,311.54,South,Debit Card
4373,2023-08-15,CUST_00423,Male,69,Home & Kitchen,Cookware Set,1,128.45,128.45,South,Credit Card
7461,2023-08-15,CUST_00846,Female,59,Beauty,Face Wash,2,61.15,122.3,South,Cash
10794,2023-08-15,CUST_01479,Female,66,Home & Kitchen,Wall Clock,2,146.5,293.0,North,Debit Card
4050,2023-08-15,CUST_01216,Female,26,Electronics,USB Cable,2,98.11,196.22,North,UPI
10301,2023-08-15,CUST_01230,Female,26,Clothing,Jacket,3,14.82,44.46,East,Debit Card
10745,2023-08-15,CUST_01783,Female,24,Home & Kitchen,Knife Set,3,11.09,33.27,West,Debit Card
3941,2023-08-15,CUST_00110,Female,64,Home & Kitchen,Knife Set,5,33.39,166.95,East,Debit Card
6791,2023-08-15,CUST_01813,Female,48,Food,Mixed Nuts,5,23.28,116.4,South,UPI
1225,2023-08-15,CUST_00134,Female,30,Electronics,Bluetooth Speaker,6,147.37,884.22,North,Credit Card
10224,2023-08-16,CUST_01690,Female,40,Beauty,Eye Shadow,3,70.56,211.68,North,Credit Card
2119,2023-08-16,CUST_01143,Female,29,Electronics,USB Cable,2,561.33,1122.66,East,Credit Card
6706,2023-08-16,CUST_00054,Female,19,Electronics,USB Cable,1,463.61,463.61,East,Credit Card
3708,2023-08-16,CUST_01023,Male,59,Home & Kitchen,Knife Set,3,32.19,96.57,South,Credit Card
6738,2023-08-16,CUST_01295,Female,58,Food,Peanut Butter,1,7.87,7.87,North,UPI
10388,2023-08-16,CUST_01677,Male,33,Clothing,Formal Shirt,3,84.36,253.08,East,Cash
4924,2023-08-16,CUST_01169,Male,37,Sports,Dumbbells,3,121.96,365.88,South,Cash
7880,2023-08-16,CUST_01156,Female,41,Home & Kitchen,Bedsheet,1,153.72,153.72,North,Credit Card
4700,2023-08-16,CUST_01195,Female,47,Home & Kitchen,Pillow,1,130.92,130.92,East,Credit Card
4066,2023-08-17,CUST_01614,Male,24,Clothing,Shorts,6,138.13,828.78,South,UPI
8213,2023-08-17,CUST_00635,Male,54,Sports,Water Bottle,2,159.28,318.56,North,Debit Card
6465,2023-08-17,CUST_00833,Female,34,Beauty,Face Wash,4,61.4,245.6,North,UPI
2145,2023-08-17,CUST_01584,Male,39,Electronics,Headphones,2,793.17,1586.34,West,Credit Card
8453,2023-08-17,CUST_01490,Female,19,Beauty,Face Wash,2,39.16,78.32,North,UPI
8346,2023-08-17,CUST_00082,Female,32,Beauty,Sunscreen,2,88.11,176.22,South,Cash
7645,2023-08-17,CUST_00646,Female,44,Home & Kitchen,Knife Set,2,230.25,460.5,East,Credit Card
1912,2023-08-17,CUST_01957,Female,38,Home & Kitchen,Bedsheet,3,84.92,254.76,West,Credit Card
6769,2023-08-17,CUST_00639,Female,65,Food,Granola,3,21.96,65.88,North,UPI
7464,2023-08-17,CUST_01947,Female,41,Sports,Football,1,33.99,33.99,North,Credit Card
3681,2023-08-17,CUST_01535,Male,36,Home & Kitchen,Blender,2,114.35,228.7,North,Cash
2261,2023-08-18,CUST_01753,Female,34,Home & Kitchen,Knife Set,3,45.85,137.55,West,UPI
7429,2023-08-18,CUST_00715,Female,46,Sports,Dumbbells,2,191.77,383.54,East,Credit Card
7441,2023-08-18,CUST_00518,Female,30,Beauty,Perfume,4,43.01,172.04,East,Debit Card
4523,2023-08-18,CUST_00437,Male,31,Sports,Cricket Bat,5,33.89,169.45,West,Credit Card
5006,2023-08-18,CUST_00107,Male,66,Clothing,Jeans,4,101.92,407.68,East,Credit Card
10134,2023-08-18,CUST_00363,Female,70,Home & Kitchen,Wall Clock,4,150.91,603.64,North,Credit Card
9042,2023-08-18,CUST_00432,Female,32,Beauty,Moisturizer,1,26.07,26.07,North,UPI
5531,2023-08-18,CUST_00356,Male,25,Clothing,Dress,2,18.05,36.1,West,Credit Card
7544,2023-08-18,CUST_01209,Male,62,Beauty,Foundation,3,92.78,278.34,North,UPI
4053,2023-08-18,CUST_00932,Female,35,Food,Peanut Butter,2,28.88,57.76,West,UPI
8903,2023-08-18,CUST_00089,Male,35,Sports,Yoga Mat,3,105.49,316.47,North,UPI
6601,2023-08-18,CUST_00113,Female,44,Electronics,Headphones,2,345.22,690.44,East,Debit Card
1927,2023-08-18,CUST_01164,Male,23,Home & Kitchen,Pillow,6,174.56,1047.36,North,Cash
8338,2023-08-18,CUST_01124,Female,19,Sports,Resistance Band,5,98.28,491.4,East,Credit Card
5600,2023-08-18,CUST_00027,Male,65,Beauty,Face Wash,1,18.45,18.45,South,Debit Card
9574,2023-08-18,CUST_01594,Male,31,Food,Peanut Butter,1,12.15,12.15,South,Credit Card
1639,2023-08-18,CUST_01531,Male,36,Food,Green Tea,3,31.66,94.98,South,Credit Card
4145,2023-08-18,CUST_01038,Male,65,Sports,Skipping Rope,1,86.46,86.46,North,Debit Card
5032,2023-08-19,CUST_01777,Male,42,Home & Kitchen,Pillow,1,103.28,103.28,North,UPI
3451,2023-08-19,CUST_00750,Female,23,Sports,Yoga Mat,3,22.71,68.13,West,UPI
7115,2023-08-19,CUST_00747,Female,70,Clothing,T-Shirt,1,86.09,86.09,West,UPI
3618,2023-08-19,CUST_01284,Male,25,Clothing,Sneakers,1,68.16,68.16,South,UPI
9581,2023-08-19,CUST_00635,Male,54,Food,Mixed Nuts,3,37.64,112.92,North,UPI
9441,2023-08-19,CUST_01546,Female,33,Sports,Skipping Rope,3,62.82,188.46,North,Debit Card
7314,2023-08-19,CUST_01922,Female,22,Clothing,Jeans,2,74.76,149.52,East,UPI
6787,2023-08-19,CUST_00630,Male,59,Home & Kitchen,Storage Container,1,160.77,160.77,East,Credit Card
8155,2023-08-19,CUST_00766,Male,32,Home & Kitchen,Table Lamp,2,217.78,435.56,South,Credit Card
7578,2023-08-19,CUST_01314,Female,18,Sports,Running Shoes,4,108.44,433.76,North,Credit Card
4368,2023-08-19,CUST_01547,Male,24,Clothing,T-Shirt,2,29.48,58.96,West,Debit Card
9463,2023-08-19,CUST_01643,Male,49,Clothing,Jacket,1,148.48,148.48,East,Credit Card
2937,2023-08-19,CUST_01590,Male,57,Clothing,Hoodie,3,86.26,258.78,North,Credit Card
10756,2023-08-19,CUST_00317,Male,30,Food,Olive Oil,2,10.05,20.1,East,UPI
10948,2023-08-19,CUST_00056,Male,57,Beauty,Face Wash,2,72.17,144.34,West,Cash
5681,2023-08-19,CUST_01104,Male,54,Electronics,Headphones,3,447.66,1342.98,West,Cash
9312,2023-08-19,CUST_00123,Female,24,Clothing,Formal Shirt,5,25.96,129.8,West,Credit Card
2413,2023-08-19,CUST_01769,Male,26,Clothing,Formal Shirt,1,23.34,23.34,North,UPI
1872,2023-08-20,CUST_01710,Male,55,Clothing,Dress,1,14.34,14.34,West,Debit Card
4975,2023-08-20,CUST_00522,Male,57,Home & Kitchen,Blender,2,109.86,219.72,North,Credit Card
1310,2023-08-20,CUST_00843,Male,52,Beauty,Perfume,1,115.71,115.71,North,UPI
9037,2023-08-20,CUST_01072,Male,23,Beauty,Moisturizer,4,49.66,198.64,North,UPI
3597,2023-08-20,CUST_01085,Female,60,Food,Protein Bar,4,29.91,119.64,South,UPI
4074,2023-08-20,CUST_01764,Female,60,Beauty,Lipstick,2,41.85,83.7,South,Debit Card
10169,2023-08-20,CUST_01798,Male,18,Food,Organic Honey,4,10.72,42.88,East,Debit Card
10718,2023-08-20,CUST_00131,Male,38,Home & Kitchen,Cookware Set,3,68.31,204.93,North,Credit Card
4347,2023-08-20,CUST_01895,Female,60,Beauty,Foundation,4,87.93,351.72,South,UPI
4362,2023-08-20,CUST_01418,Female,51,Beauty,Perfume,3,26.18,78.54,East,Debit Card
5131,2023-08-20,CUST_01194,Male,19,Electronics,Smart Watch,3,672.01,2016.03,South,Credit Card
4912,2023-08-20,CUST_00777,Female,42,Beauty,Sunscreen,3,67.11,201.33,West,Debit Card
3005,2023-08-20,CUST_01915,Female,22,Clothing,Dress,6,21.85,131.1,North,Cash
4755,2023-08-20,CUST_00039,Male,41,Electronics,Smartphone,6,418.92,2513.52,East,Debit Card
6803,2023-08-20,CUST_00429,Female,61,Food,Mixed Nuts,1,16.89,16.89,North,Cash
10171,2023-08-20,CUST_01195,Female,47,Food,Organic Honey,4,36.12,144.48,East,Cash
4121,2023-08-20,CUST_01844,Male,18,Electronics,Power Bank,1,323.75,323.75,South,Credit Card
1062,2023-08-20,CUST_01415,Male,38,Beauty,Perfume,2,118.86,237.72,North,UPI
2534,2023-08-21,CUST_01495,Female,44,Food,Granola,3,27.43,82.29,East,Cash
2973,2023-08-21,CUST_01339,Male,34,Home & Kitchen,Blender,3,158.06,474.18,North,UPI
7596,2023-08-21,CUST_00754,Female,36,Home & Kitchen,Knife Set,4,97.7,390.8,East,UPI
8996,2023-08-21,CUST_00001,Male,53,Sports,Dumbbells,3,40.6,121.8,South,Debit Card
10021,2023-08-21,CUST_00461,Male,68,Home & Kitchen,Pillow,4,110.16,440.64,North,Cash
1993,2023-08-21,CUST_01888,Female,57,Beauty,Foundation,1,100.33,100.33,West,UPI
9891,2023-08-21,CUST_00095,Male,69,Food,Protein Bar,1,36.65,36.65,East,Credit Card
2220,2023-08-21,CUST_00630,Male,59,Home & Kitchen,Knife Set,7,40.86,286.02,East,Debit Card
1936,2023-08-21,CUST_00234,Male,68,Food,Organic Honey,3,16.74,50.22,West,Credit Card
4557,2023-08-22,CUST_00351,Female,60,Beauty,Eye Shadow,1,49.91,49.91,South,Cash
10581,2023-08-22,CUST_01231,Female,69,Electronics,Power Bank,1,781.99,781.99,South,Credit Card
3959,2023-08-22,CUST_01553,Male,68,Clothing,Dress,2,68.2,136.4,West,UPI
1941,2023-08-22,CUST_01287,Male,35,Sports,Running Shoes,5,67.11,335.55,East,Debit Card
5840,2023-08-22,CUST_01475,Male,37,Sports,Resistance Band,2,62.94,125.88,South,Debit Card
8303,2023-08-22,CUST_00050,Male,40,Beauty,Foundation,5,25.14,125.7,North,Debit Card
7347,2023-08-22,CUST_01572,Female,66,Beauty,Moisturizer,2,95.84,191.68,North,UPI
6646,2023-08-22,CUST_00980,Male,56,Food,Granola,2,14.94,29.88,South,Credit Card
9951,2023-08-22,CUST_01634,Female,30,Sports,Cricket Bat,2,67.4,134.8,West,Debit Card
2228,2023-08-22,CUST_00951,Female,21,Sports,Skipping Rope,1,85.04,85.04,East,Credit Card
8993,2023-08-22,CUST_00315,Female,43,Food,Granola,3,23.57,70.71,South,Credit Card
6494,2023-08-22,CUST_00058,Female,60,Electronics,Smartphone,1,300.3,300.3,East,Cash
9570,2023-08-22,CUST_01706,Female,63,Food,Protein Bar,1,19.3,19.3,South,Debit Card
1528,2023-08-22,CUST_00909,Female,61,Home & Kitchen,Storage Container,2,222.34,444.68,South,UPI
3772,2023-08-22,CUST_00601,Female,34,Food,Protein Bar,2,8.2,16.4,West,Credit Card
2597,2023-08-22,CUST_01118,Male,50,Home & Kitchen,Storage Container,1,85.48,85.48,East,Debit Card
2209,2023-08-22,CUST_00090,Male,53,Food,Green Tea,1,37.31,37.31,South,Cash
10175,2023-08-22,CUST_01160,Female,67,Home & Kitchen,Storage Container,2,95.95,191.9,North,Credit Card
6412,2023-08-22,CUST_01366,Female,50,Electronics,USB Cable,6,232.66,1395.96,North,Debit Card
6190,2023-08-23,CUST_01770,Male,25,Clothing,Shorts,1,131.42,131.42,East,Credit Card
5078,2023-08-23,CUST_00805,Female,42,Home & Kitchen,Wall Clock,1,80.15,80.15,South,Credit Card
4973,2023-08-23,CUST_00317,Male,30,Sports,Dumbbells,2,126.31,252.62,East,UPI
8967,2023-08-23,CUST_01887,Male,50,Clothing,Formal Shirt,6,124.48,746.88,West,Credit Card
3317,2023-08-23,CUST_00732,Female,57,Beauty,Hair Oil,1,65.9,65.9,East,UPI
9643,2023-08-23,CUST_01222,Female,45,Food,Green Tea,3,34.2,102.6,South,Debit Card
3376,2023-08-23,CUST_00316,Male,70,Home & Kitchen,Knife Set,1,117.66,117.66,South,Credit Card
2564,2023-08-23,CUST_00245,Female,50,Home & Kitchen,Pillow,2,202.68,405.36,North,Debit Card
3481,2023-08-23,CUST_01685,Male,64,Home & Kitchen,Pillow,5,240.53,1202.65,North,Cash
9973,2023-08-23,CUST_00100,Male,25,Food,Olive Oil,2,17.08,34.16,East,UPI
4461,2023-08-23,CUST_01724,Male,56,Beauty,Moisturizer,3,75.36,226.08,North,Cash
7858,2023-08-23,CUST_01208,Female,47,Food,Protein Bar,2,21.32,42.64,North,UPI
6559,2023-08-23,CUST_01094,Female,49,Food,Peanut Butter,2,16.51,33.02,South,Credit Card
4036,2023-08-24,CUST_01573,Male,63,Food,Peanut Butter,1,28.49,28.49,West,Credit Card
6058,2023-08-24,CUST_01865,Male,22,Electronics,Smartphone,2,718.01,1436.02,South,Credit Card
8700,2023-08-24,CUST_00372,Female,33,Electronics,Tablet,4,368.57,1474.28,West,UPI
2359,2023-08-24,CUST_01596,Female,34,Clothing,T-Shirt,4,52.65,210.6,East,UPI
3286,2023-08-24,CUST_00040,Female,31,Home & Kitchen,Wall Clock,1,179.48,179.48,South,Debit Card
5311,2023-08-24,CUST_00948,Female,25,Clothing,Dress,1,75.96,75.96,South,Credit Card
9627,2023-08-24,CUST_01873,Male,19,Sports,Resistance Band,1,188.06,188.06,South,Credit Card
3109,2023-08-24,CUST_01018,Male,51,Food,Protein Bar,4,9.48,37.92,South,UPI
3608,2023-08-24,CUST_01118,Male,50,Clothing,Hoodie,4,135.6,542.4,East,Credit Card
1618,2023-08-24,CUST_01943,Male,36,Home & Kitchen,Blender,2,40.78,81.56,South,Credit Card
4483,2023-08-24,CUST_00109,Male,38,Clothing,Dress,2,143.49,286.98,North,UPI
7396,2023-08-25,CUST_00569,Male,65,Home & Kitchen,Knife Set,2,60.76,121.52,South,UPI
7315,2023-08-25,CUST_01140,Female,25,Clothing,Dress,2,108.89,217.78,North,Credit Card
4604,2023-08-25,CUST_01025,Male,22,Beauty,Sunscreen,1,30.64,30.64,North,Cash
8128,2023-08-25,CUST_01912,Male,26,Electronics,Laptop,1,723.54,723.54,East,Debit Card
4035,2023-08-25,CUST_01940,Male,26,Clothing,Formal Shirt,1,120.75,120.75,East,Debit Card
1493,2023-08-25,CUST_01408,Female,32,Food,Protein Bar,3,39.97,119.91,West,Debit Card
4531,2023-08-25,CUST_01840,Female,27,Home & Kitchen,Blender,1,169.24,169.24,West,Debit Card
8395,2023-08-25,CUST_00553,Male,36,Home & Kitchen,Blender,5,67.14,335.7,West,Debit Card
4708,2023-08-25,CUST_01247,Female,18,Home & Kitchen,Pillow,1,21.96,21.96,West,Credit Card
10921,2023-08-25,CUST_00225,Male,64,Electronics,Power Bank,1,603.6,603.6,South,UPI
1150,2023-08-25,CUST_01741,Female,46,Beauty,Hair Oil,4,22.25,89.0,West,Credit Card
1602,2023-08-25,CUST_00543,Female,59,Home & Kitchen,Cookware Set,1,67.33,67.33,South,Credit Card
8666,2023-08-25,CUST_01223,Female,22,Beauty,Hair Oil,4,13.95,55.8,North,Credit Card
1324,2023-08-26,CUST_01468,Male,20,Beauty,Sunscreen,4,98.59,394.36,South,Debit Card
8950,2023-08-26,CUST_00174,Male,27,Food,Green Tea,6,10.29,61.74,North,Debit Card
1688,2023-08-26,CUST_01840,Female,27,Electronics,Tablet,1,252.38,252.38,West,Debit Card
7389,2023-08-26,CUST_01510,Female,46,Clothing,Jeans,6,90.07,540.42,West,UPI
3526,2023-08-26,CUST_01227,Female,58,Home & Kitchen,Table Lamp,3,28.38,85.14,East,UPI
6564,2023-08-26,CUST_00847,Male,36,Home & Kitchen,Wall Clock,2,88.87,177.74,West,UPI
8439,2023-08-26,CUST_00336,Male,24,Electronics,Tablet,4,114.05,456.2,South,Credit Card
3177,2023-08-26,CUST_01875,Male,42,Electronics,Power Bank,2,310.96,621.92,West,UPI
8013,2023-08-26,CUST_00901,Female,37,Home & Kitchen,Pillow,2,13.84,27.68,West,Debit Card
6322,2023-08-26,CUST_00855,Female,53,Home & Kitchen,Cookware Set,2,168.43,336.86,South,Cash
10479,2023-08-26,CUST_01632,Female,32,Food,Peanut Butter,4,3.36,13.44,South,Debit Card
6317,2023-08-26,CUST_00574,Female,28,Electronics,Smart Watch,1,186.06,186.06,North,UPI
9503,2023-08-27,CUST_00330,Female,59,Beauty,Foundation,1,17.81,17.81,South,Credit Card
3207,2023-08-27,CUST_01423,Female,31,Electronics,Smartphone,4,772.2,3088.8,East,Credit Card
8600,2023-08-27,CUST_01517,Female,64,Home & Kitchen,Table Lamp,1,34.79,34.79,South,Debit Card
1065,2023-08-27,CUST_01803,Male,63,Beauty,Moisturizer,2,62.04,124.08,West,Credit Card
1237,2023-08-27,CUST_00379,Male,57,Home & Kitchen,Table Lamp,2,70.42,140.84,East,UPI
5436,2023-08-27,CUST_01369,Female,32,Home & Kitchen,Blender,2,147.56,295.12,South,Credit Card
9116,2023-08-27,CUST_00512,Female,44,Food,Granola,3,35.26,105.78,North,Debit Card
7761,2023-08-27,CUST_00405,Male,33,Food,Granola,2,11.18,22.36,East,UPI
4676,2023-08-27,CUST_00798,Female,31,Electronics,Smartphone,3,32.54,97.62,North,Debit Card
6940,2023-08-27,CUST_01314,Female,18,Sports,Skipping Rope,3,100.59,301.77,North,UPI
3568,2023-08-27,CUST_01879,Male,31,Food,Green Tea,1,12.4,12.4,North,UPI
1488,2023-08-27,CUST_00185,Male,38,Home & Kitchen,Pillow,1,96.05,96.05,West,Credit Card
5331,2023-08-27,CUST_01381,Male,26,Sports,Yoga Mat,1,46.79,46.79,West,Credit Card
10268,2023-08-27,CUST_01641,Female,38,Home & Kitchen,Knife Set,1,226.7,226.7,South,Credit Card
3292,2023-08-27,CUST_01431,Female,26,Electronics,Headphones,7,408.17,2857.19,East,Debit Card
3898,2023-08-28,CUST_00212,Female,51,Home & Kitchen,Wall Clock,1,44.51,44.51,West,Credit Card
9472,2023-08-28,CUST_01305,Male,63,Home & Kitchen,Storage Container,1,42.72,42.72,North,Credit Card
1387,2023-08-28,CUST_01550,Female,32,Home & Kitchen,Cookware Set,5,56.18,280.9,West,UPI
1380,2023-08-28,CUST_00029,Male,70,Food,Olive Oil,4,20.46,81.84,South,Cash
6120,2023-08-28,CUST_00556,Female,53,Clothing,Hoodie,1,130.44,130.44,West,Debit Card
9357,2023-08-28,CUST_01402,Female,62,Clothing,Sneakers,3,19.29,57.87,North,Debit Card
4709,2023-08-28,CUST_01398,Male,25,Sports,Water Bottle,3,100.1,300.3,North,Cash
6291,2023-08-28,CUST_00036,Female,51,Home & Kitchen,Storage Container,1,161.64,161.64,East,Debit Card
3218,2023-08-28,CUST_00556,Female,53,Electronics,USB Cable,1,568.91,568.91,West,Cash
3000,2023-08-28,CUST_00191,Female,50,Electronics,Power Bank,1,146.54,146.54,South,Credit Card
3862,2023-08-28,CUST_01925,Female,26,Clothing,Shorts,1,34.8,34.8,South,Debit Card
3869,2023-08-28,CUST_00180,Male,21,Beauty,Sunscreen,3,58.62,175.86,South,Credit Card
6321,2023-08-28,CUST_00699,Male,30,Electronics,Tablet,2,133.77,267.54,East,Credit Card
6814,2023-08-28,CUST_00479,Female,56,Home & Kitchen,Storage Container,4,27.73,110.92,South,UPI
8767,2023-08-28,CUST_01028,Male,38,Electronics,Smartphone,1,374.88,374.88,East,UPI
1657,2023-08-29,CUST_01084,Male,26,Electronics,Tablet,4,313.53,1254.12,North,Debit Card
5544,2023-08-29,CUST_01234,Female,46,Clothing,Sneakers,1,127.57,127.57,West,Cash
6200,2023-08-29,CUST_01906,Female,20,Beauty,Perfume,1,97.67,97.67,East,Cash
9125,2023-08-29,CUST_00781,Male,35,Beauty,Lipstick,2,37.79,75.58,West,UPI
8288,2023-08-29,CUST_01557,Female,47,Home & Kitchen,Table Lamp,2,176.16,352.32,West,Credit Card
9629,2023-08-29,CUST_00165,Male,25,Home & Kitchen,Wall Clock,2,121.07,242.14,South,Cash
8131,2023-08-29,CUST_00070,Male,35,Sports,Running Shoes,3,74.91,224.73,East,Credit Card
9730,2023-08-30,CUST_01533,Male,25,Sports,Cricket Bat,4,133.61,534.44,South,Credit Card
5821,2023-08-30,CUST_00716,Female,38,Home & Kitchen,Cookware Set,3,25.85,77.55,West,Credit Card
7764,2023-08-30,CUST_01989,Male,47,Electronics,Bluetooth Speaker,4,638.43,2553.72,North,Credit Card
3599,2023-08-30,CUST_00989,Male,35,Beauty,Moisturizer,5,14.58,72.9,North,Credit Card
7130,2023-08-30,CUST_00453,Female,19,Home & Kitchen,Bedsheet,2,152.08,304.16,East,UPI
5198,2023-08-30,CUST_01881,Female,66,Electronics,Power Bank,4,331.1,1324.4,West,Cash
1145,2023-08-30,CUST_01614,Male,24,Beauty,Sunscreen,2,112.62,225.24,South,Cash
8032,2023-08-30,CUST_01896,Male,27,Beauty,Sunscreen,7,56.01,392.07,East,Debit Card
8245,2023-08-30,CUST_00664,Female,36,Electronics,Headphones,3,699.01,2097.03,South,Credit Card
1670,2023-08-30,CUST_01704,Male,19,Beauty,Perfume,3,65.7,197.1,West,UPI
10365,2023-08-30,CUST_00354,Male,54,Food,Dark Chocolate,3,21.71,65.13,North,UPI
8517,2023-08-30,CUST_01204,Male,35,Beauty,Sunscreen,7,55.21,386.47,West,Cash
2527,2023-08-30,CUST_01076,Male,50,Clothing,Hoodie,3,25.7,77.1,West,Debit Card
6115,2023-08-30,CUST_01294,Female,43,Clothing,Shorts,3,117.2,351.6,West,UPI
8389,2023-08-31,CUST_00971,Female,54,Home & Kitchen,Knife Set,2,194.66,389.32,East,Credit Card
1289,2023-08-31,CUST_01753,Female,34,Home & Kitchen,Bedsheet,2,75.22,150.44,West,Cash
6672,2023-08-31,CUST_00906,Male,21,Sports,Yoga Mat,2,32.18,64.36,West,Credit Card
10871,2023-08-31,CUST_00149,Male,57,Beauty,Perfume,2,6.82,13.64,East,UPI
10427,2023-08-31,CUST_01723,Male,66,Clothing,Jeans,1,58.01,58.01,North,Credit Card
8431,2023-08-31,CUST_01381,Male,26,Electronics,USB Cable,2,704.77,1409.54,West,Credit Card
1467,2023-08-31,CUST_01004,Male,35,Electronics,Power Bank,2,205.11,410.22,North,UPI
10170,2023-08-31,CUST_01040,Male,18,Clothing,Formal Shirt,5,66.16,330.8,West,Debit Card
7340,2023-08-31,CUST_00733,Female,32,Sports,Skipping Rope,3,24.18,72.54,West,Debit Card
7796,2023-08-31,CUST_00334,Female,42,Home & Kitchen,Cookware Set,1,198.98,198.98,West,Credit Card
10687,2023-08-31,CUST_00628,Female,38,Home & Kitchen,Table Lamp,2,142.51,285.02,East,Debit Card
4021,2023-08-31,CUST_01195,Female,47,Food,Granola,3,33.41,100.23,East,Debit Card
4608,2023-08-31,CUST_00350,Male,22,Clothing,Hoodie,1,108.67,108.67,South,Debit Card
2851,2023-08-31,CUST_01425,Male,59,Beauty,Face Wash,5,86.46,432.3,West,Cash
3491,2023-08-31,CUST_01732,Female,33,Beauty,Moisturizer,1,101.95,101.95,South,Cash
6919,2023-08-31,CUST_01103,Female,39,Electronics,USB Cable,3,256.45,769.35,South,Debit Card
10635,2023-08-31,CUST_00733,Female,32,Home & Kitchen,Knife Set,2,145.26,290.52,West,Credit Card
4501,2023-08-31,CUST_01889,Female,50,Sports,Cricket Bat,2,85.88,171.76,South,UPI
5506,2023-08-31,CUST_00258,Female,69,Home & Kitchen,Blender,1,235.94,235.94,North,Credit Card
7751,2023-09-01,CUST_00600,Female,28,Beauty,Perfume,3,82.93,248.79,East,Debit Card
3676,2023-09-01,CUST_00762,Female,46,Beauty,Foundation,2,47.67,95.34,North,Debit Card
9510,2023-09-01,CUST_00571,Female,61,Home & Kitchen,Bedsheet,1,248.3,248.3,East,Debit Card
4012,2023-09-01,CUST_01915,Female,22,Clothing,Sneakers,1,130.92,130.92,North,UPI
5562,2023-09-01,CUST_00049,Female,37,Food,Mixed Nuts,3,36.64,109.92,South,Debit Card
2070,2023-09-01,CUST_01989,Male,47,Sports,Running Shoes,2,179.26,358.52,North,Debit Card
10651,2023-09-01,CUST_01808,Female,65,Sports,Dumbbells,4,39.96,159.84,East,Credit Card
2170,2023-09-01,CUST_00440,Female,67,Beauty,Eye Shadow,2,78.56,157.12,West,Debit Card
10011,2023-09-01,CUST_00606,Female,47,Beauty,Moisturizer,4,37.66,150.64,East,UPI
9573,2023-09-01,CUST_01122,Female,36,Beauty,Eye Shadow,3,52.91,158.73,South,Credit Card
3095,2023-09-01,CUST_01809,Female,67,Home & Kitchen,Storage Container,4,161.56,646.24,West,Credit Card
4764,2023-09-01,CUST_00706,Male,58,Sports,Football,4,198.12,792.48,East,UPI
6353,2023-09-01,CUST_01250,Female,52,Home & Kitchen,Bedsheet,2,129.34,258.68,West,Cash
4054,2023-09-01,CUST_01502,Male,69,Food,Green Tea,2,37.82,75.64,East,UPI
9140,2023-09-01,CUST_01374,Male,41,Sports,Yoga Mat,4,91.52,366.08,South,UPI
7760,2023-09-01,CUST_01545,Female,56,Beauty,Sunscreen,2,50.28,100.56,South,Cash
7776,2023-09-01,CUST_01369,Female,32,Home & Kitchen,Wall Clock,1,27.68,27.68,South,Credit Card
1965,2023-09-02,CUST_00997,Male,70,Home & Kitchen,Table Lamp,4,237.58,950.32,South,UPI
10509,2023-09-02,CUST_01245,Male,47,Beauty,Perfume,3,116.74,350.22,West,UPI
9176,2023-09-02,CUST_00618,Male,69,Home & Kitchen,Pillow,2,155.15,310.3,South,UPI
3425,2023-09-02,CUST_00738,Female,37,Home & Kitchen,Bedsheet,2,191.88,383.76,West,Credit Card
9185,2023-09-02,CUST_01328,Male,51,Food,Mixed Nuts,3,36.55,109.65,South,UPI
6975,2023-09-02,CUST_00092,Female,70,Home & Kitchen,Bedsheet,2,158.89,317.78,North,Debit Card
10097,2023-09-02,CUST_01701,Female,33,Beauty,Lipstick,2,35.48,70.96,East,Credit Card
10945,2023-09-02,CUST_00037,Female,64,Home & Kitchen,Cookware Set,3,134.47,403.41,North,UPI
1697,2023-09-02,CUST_00959,Female,69,Home & Kitchen,Wall Clock,1,154.14,154.14,North,UPI
9635,2023-09-02,CUST_00183,Male,60,Clothing,Jeans,4,42.36,169.44,North,Credit Card
5503,2023-09-02,CUST_00964,Female,19,Electronics,Tablet,2,751.54,1503.08,South,Cash
3434,2023-09-02,CUST_00313,Female,69,Beauty,Sunscreen,3,88.1,264.3,East,Debit Card
3834,2023-09-02,CUST_00442,Female,35,Home & Kitchen,Pillow,5,68.9,344.5,East,Debit Card
5822,2023-09-02,CUST_01571,Male,42,Beauty,Eye Shadow,2,42.13,84.26,West,Credit Card
4182,2023-09-02,CUST_00640,Female,50,Home & Kitchen,Wall Clock,2,71.1,142.2,North,Credit Card
10270,2023-09-02,CUST_00308,Male,35,Electronics,Tablet,3,402.9,1208.7,South,Debit Card
6451,2023-09-03,CUST_01014,Male,38,Clothing,Formal Shirt,2,55.43,110.86,South,UPI
3999,2023-09-03,CUST_01015,Male,56,Clothing,Shorts,1,80.12,80.12,West,Debit Card
1111,2023-09-03,CUST_00744,Female,56,Food,Peanut Butter,1,8.89,8.89,North,UPI
9121,2023-09-03,CUST_00592,Female,20,Beauty,Moisturizer,1,58.36,58.36,East,UPI
3756,2023-09-03,CUST_01213,Male,54,Home & Kitchen,Pillow,2,246.82,493.64,North,UPI
9712,2023-09-03,CUST_01363,Female,38,Electronics,Laptop,3,715.58,2146.74,North,Cash
9198,2023-09-03,CUST_01606,Male,32,Clothing,T-Shirt,6,136.91,821.46,North,UPI
5042,2023-09-03,CUST_00047,Male,34,Home & Kitchen,Storage Container,4,79.31,317.24,South,Debit Card
10277,2023-09-03,CUST_00514,Male,43,Clothing,Shorts,1,96.36,96.36,South,Debit Card
10434,2023-09-03,CUST_00870,Male,40,Electronics,Smartphone,1,489.76,489.76,East,Credit Card
7720,2023-09-04,CUST_00050,Male,40,Home & Kitchen,Table Lamp,4,201.28,805.12,North,Credit Card
1023,2023-09-04,CUST_01609,Male,35,Food,Olive Oil,1,29.79,29.79,West,Debit Card
2270,2023-09-04,CUST_01467,Female,65,Clothing,Sneakers,1,109.7,109.7,North,Cash
3209,2023-09-04,CUST_01267,Male,20,Food,Olive Oil,2,23.45,46.9,South,Credit Card
4639,2023-09-04,CUST_00860,Male,40,Clothing,Shorts,4,59.01,236.04,South,Debit Card
1020,2023-09-04,CUST_00065,Female,41,Electronics,Smartphone,1,622.61,622.61,East,Credit Card
10482,2023-09-04,CUST_01337,Female,55,Home & Kitchen,Pillow,2,23.45,46.9,North,Cash
6267,2023-09-04,CUST_00388,Female,42,Electronics,Smartphone,1,353.81,353.81,East,Credit Card
5963,2023-09-04,CUST_00101,Female,30,Home & Kitchen,Cookware Set,4,232.76,931.04,South,Cash
10106,2023-09-04,CUST_00134,Female,30,Sports,Water Bottle,3,12.3,36.9,North,Credit Card
7915,2023-09-04,CUST_01849,Female,48,Beauty,Face Wash,4,93.52,374.08,East,Cash
5784,2023-09-04,CUST_01379,Male,38,Home & Kitchen,Pillow,2,58.88,117.76,North,Credit Card
5121,2023-09-05,CUST_00835,Male,49,Electronics,Power Bank,1,252.86,252.86,North,Credit Card
1897,2023-09-05,CUST_01892,Male,39,Clothing,Formal Shirt,3,43.31,129.93,South,Credit Card
6530,2023-09-05,CUST_01307,Female,47,Electronics,Smart Watch,4,639.97,2559.88,West,Credit Card
4160,2023-09-05,CUST_01285,Male,36,Food,Green Tea,4,33.6,134.4,North,Debit Card
6700,2023-09-05,CUST_00138,Male,30,Electronics,Laptop,3,70.66,211.98,East,Credit Card
10988,2023-09-05,CUST_01847,Male,57,Home & Kitchen,Storage Container,1,188.38,188.38,South,Credit Card
3710,2023-09-05,CUST_01742,Male,65,Beauty,Face Wash,3,62.13,186.39,East,UPI
1417,2023-09-05,CUST_00454,Female,52,Beauty,Lipstick,4,89.64,358.56,South,Credit Card
3304,2023-09-05,CUST_00782,Female,28,Sports,Cricket Bat,2,52.65,105.3,South,UPI
2830,2023-09-05,CUST_00922,Female,35,Beauty,Foundation,2,102.59,205.18,East,UPI
1270,2023-09-05,CUST_00397,Male,36,Home & Kitchen,Knife Set,2,25.05,50.1,South,UPI
9469,2023-09-06,CUST_01389,Female,46,Food,Granola,4,27.87,111.48,East,UPI
6701,2023-09-06,CUST_00898,Female,58,Clothing,Dress,4,101.88,407.52,West,Credit Card
7700,2023-09-06,CUST_00795,Female,58,Electronics,USB Cable,4,82.32,329.28,South,Credit Card
6482,2023-09-06,CUST_00536,Male,33,Electronics,Laptop,1,474.79,474.79,West,Cash
10402,2023-09-06,CUST_01712,Male,18,Electronics,Smart Watch,4,195.99,783.96,North,UPI
1251,2023-09-06,CUST_01007,Female,68,Beauty,Eye Shadow,3,7.51,22.53,North,Debit Card
5061,2023-09-06,CUST_01798,Male,18,Clothing,Shorts,2,76.6,153.2,East,Credit Card
1917,2023-09-06,CUST_01426,Female,49,Electronics,Headphones,2,782.73,1565.46,North,UPI
3533,2023-09-06,CUST_00429,Female,61,Food,Peanut Butter,2,12.12,24.24,North,Credit Card
10843,2023-09-06,CUST_00228,Male,36,Beauty,Face Wash,3,71.98,215.94,East,UPI
2817,2023-09-07,CUST_00665,Male,41,Home & Kitchen,Table Lamp,3,232.93,698.79,North,Debit Card
5129,2023-09-07,CUST_01645,Male,32,Home & Kitchen,Blender,1,204.53,204.53,South,Credit Card
3566,2023-09-07,CUST_00485,Female,67,Food,Olive Oil,4,30.34,121.36,North,Debit Card
5296,2023-09-07,CUST_01331,Male,18,Home & Kitchen,Bedsheet,1,218.95,218.95,North,Debit Card
9995,2023-09-07,CUST_00105,Female,46,Electronics,USB Cable,2,288.63,577.26,North,Debit Card
5105,2023-09-07,CUST_01626,Male,70,Food,Mixed Nuts,4,20.46,81.84,East,UPI
3363,2023-09-07,CUST_01428,Female,27,Food,Mixed Nuts,1,24.19,24.19,West,Credit Card
4801,2023-09-07,CUST_00828,Male,38,Clothing,Sneakers,3,37.92,113.76,East,Credit Card
2071,2023-09-07,CUST_00170,Female,57,Home & Kitchen,Table Lamp,6,125.65,753.9,South,UPI
10436,2023-09-07,CUST_01771,Female,35,Sports,Water Bottle,1,78.7,78.7,East,Cash
10890,2023-09-07,CUST_01176,Female,24,Electronics,Smart Watch,2,690.79,1381.58,South,Credit Card
9219,2023-09-07,CUST_01784,Female,55,Beauty,Eye Shadow,2,37.32,74.64,West,UPI
8854,2023-09-07,CUST_00369,Female,65,Beauty,Face Wash,2,102.83,205.66,South,Credit Card
7660,2023-09-07,CUST_01099,Male,55,Food,Granola,3,30.8,92.4,East,UPI
3666,2023-09-07,CUST_01849,Female,48,Food,Green Tea,5,17.84,89.2,East,Credit Card
7188,2023-09-08,CUST_00354,Male,54,Food,Dark Chocolate,3,6.01,18.03,North,Cash
10435,2023-09-08,CUST_01008,Female,49,Electronics,Power Bank,2,599.73,1199.46,West,Credit Card
4061,2023-09-08,CUST_01811,Female,52,Home & Kitchen,Knife Set,1,74.08,74.08,North,Credit Card
1968,2023-09-08,CUST_00594,Female,35,Home & Kitchen,Table Lamp,3,248.81,746.43,West,Cash
5794,2023-09-08,CUST_00360,Female,27,Electronics,Smart Watch,1,198.48,198.48,West,Debit Card
5397,2023-09-08,CUST_01529,Male,29,Clothing,T-Shirt,5,143.58,717.9,South,Cash
3943,2023-09-08,CUST_01590,Male,57,Home & Kitchen,Storage Container,1,43.09,43.09,North,Debit Card
2804,2023-09-08,CUST_00184,Male,65,Home & Kitchen,Table Lamp,1,228.9,228.9,South,Credit Card
10267,2023-09-08,CUST_00015,Female,44,Sports,Dumbbells,5,63.92,319.6,West,Credit Card
2022,2023-09-08,CUST_00903,Female,41,Electronics,Power Bank,1,757.06,757.06,East,Debit Card
2879,2023-09-08,CUST_00492,Female,18,Clothing,Jacket,3,86.86,260.58,East,Debit Card
3229,2023-09-08,CUST_01303,Female,38,Food,Olive Oil,4,4.15,16.6,East,Credit Card
8308,2023-09-08,CUST_01821,Male,46,Food,Green Tea,1,24.79,24.79,West,Credit Card
5019,2023-09-08,CUST_00150,Male,25,Electronics,Headphones,3,475.61,1426.83,West,Debit Card
9316,2023-09-09,CUST_01621,Female,51,Beauty,Eye Shadow,3,69.7,209.1,East,UPI
5795,2023-09-09,CUST_00243,Female,42,Sports,Water Bottle,5,194.06,970.3,South,Credit Card
5684,2023-09-09,CUST_01439,Male,61,Food,Granola,2,3.19,6.38,South,Cash
6273,2023-09-09,CUST_01349,Male,69,Home & Kitchen,Table Lamp,4,80.9,323.6,East,Debit Card
7965,2023-09-09,CUST_01554,Male,21,Electronics,Power Bank,1,794.54,794.54,East,Credit Card
9174,2023-09-09,CUST_01185,Male,53,Beauty,Eye Shadow,1,70.67,70.67,West,UPI
2975,2023-09-09,CUST_00705,Male,69,Home & Kitchen,Wall Clock,1,77.01,77.01,East,Credit Card
10688,2023-09-09,CUST_01171,Female,67,Home & Kitchen,Table Lamp,1,225.72,225.72,West,Cash
7492,2023-09-09,CUST_01471,Female,44,Electronics,Laptop,2,137.51,275.02,West,Debit Card
10380,2023-09-09,CUST_00788,Male,53,Home & Kitchen,Knife Set,1,93.82,93.82,North,UPI
3641,2023-09-09,CUST_01109,Female,49,Food,Granola,3,28.71,86.13,West,Credit Card
5898,2023-09-09,CUST_01497,Male,40,Food,Peanut Butter,4,10.18,40.72,West,Debit Card
6221,2023-09-10,CUST_01526,Female,47,Beauty,Foundation,3,113.08,339.24,East,Debit Card
3230,2023-09-10,CUST_01564,Female,62,Clothing,Jeans,3,68.93,206.79,South,Credit Card
3716,2023-09-10,CUST_01949,Female,68,Home & Kitchen,Storage Container,4,165.71,662.84,East,Debit Card
4534,2023-09-10,CUST_01937,Female,70,Sports,Cricket Bat,3,9.18,27.54,West,Debit Card
7128,2023-09-10,CUST_01996,Female,53,Beauty,Sunscreen,2,44.14,88.28,East,Cash
6801,2023-09-10,CUST_00892,Female,46,Beauty,Perfume,3,83.81,251.43,South,Debit Card
4766,2023-09-10,CUST_00074,Female,52,Food,Mixed Nuts,5,28.54,142.7,West,Credit Card
3523,2023-09-10,CUST_01113,Female,35,Beauty,Foundation,3,52.97,158.91,South,Credit Card
5875,2023-09-10,CUST_00710,Male,53,Sports,Water Bottle,3,50.8,152.4,West,Credit Card
3558,2023-09-10,CUST_00350,Male,22,Clothing,Hoodie,7,23.15,162.05,South,Debit Card
10404,2023-09-11,CUST_00833,Female,34,Electronics,Tablet,1,552.3,552.3,North,UPI
10382,2023-09-11,CUST_00159,Male,42,Sports,Dumbbells,4,194.51,778.04,South,Credit Card
4163,2023-09-11,CUST_00070,Male,35,Food,Peanut Butter,1,7.43,7.43,East,Credit Card
1742,2023-09-11,CUST_01880,Male,25,Electronics,Smartphone,4,683.77,2735.08,South,Credit Card
3227,2023-09-11,CUST_01122,Female,36,Beauty,Eye Shadow,4,71.65,286.6,South,Credit Card
2189,2023-09-11,CUST_00232,Female,25,Food,Peanut Butter,4,27.97,111.88,South,Credit Card
6156,2023-09-11,CUST_01755,Male,67,Sports,Cricket Bat,2,11.07,22.14,East,Credit Card
9826,2023-09-11,CUST_01458,Female,32,Home & Kitchen,Storage Container,1,29.25,29.25,South,Credit Card
8744,2023-09-11,CUST_00880,Female,32,Electronics,Laptop,2,379.03,758.06,North,UPI
6716,2023-09-11,CUST_01382,Male,42,Electronics,Power Bank,3,352.12,1056.36,West,Debit Card
7592,2023-09-11,CUST_01464,Female,47,Beauty,Hair Oil,2,106.29,212.58,West,Debit Card
7162,2023-09-11,CUST_01304,Male,44,Home & Kitchen,Blender,1,236.94,236.94,West,Credit Card
10007,2023-09-11,CUST_00616,Female,49,Food,Green Tea,6,8.35,50.1,South,Cash
8277,2023-09-11,CUST_00787,Male,64,Home & Kitchen,Pillow,4,26.99,107.96,East,UPI
1144,2023-09-11,CUST_00185,Male,38,Sports,Football,3,121.07,363.21,West,Cash
8313,2023-09-12,CUST_00627,Female,25,Clothing,T-Shirt,5,92.18,460.9,West,Cash
2723,2023-09-12,CUST_01456,Male,53,Home & Kitchen,Cookware Set,4,33.22,132.88,West,Debit Card
3446,2023-09-12,CUST_01430,Female,42,Electronics,Headphones,1,799.32,799.32,South,Credit Card
7704,2023-09-12,CUST_01862,Female,19,Electronics,USB Cable,7,72.81,509.67,East,UPI
4549,2023-09-12,CUST_01130,Female,58,Home & Kitchen,Cookware Set,2,157.14,314.28,North,Debit Card
6031,2023-09-12,CUST_01065,Male,68,Clothing,T-Shirt,1,92.21,92.21,West,Credit Card
4836,2023-09-12,CUST_01913,Female,24,Clothing,Hoodie,3,121.34,364.02,East,UPI
7269,2023-09-12,CUST_01803,Male,63,Food,Peanut Butter,7,16.97,118.79,West,Credit Card
7986,2023-09-12,CUST_01860,Female,43,Electronics,USB Cable,4,658.56,2634.24,West,Debit Card
7866,2023-09-12,CUST_00911,Female,39,Clothing,Hoodie,2,99.71,199.42,East,Cash
8749,2023-09-12,CUST_01389,Female,46,Home & Kitchen,Wall Clock,3,187.71,563.13,East,UPI
3920,2023-09-12,CUST_00249,Female,21,Clothing,Jacket,4,37.91,151.64,East,Debit Card
3726,2023-09-12,CUST_00624,Male,49,Electronics,Smart Watch,1,744.52,744.52,West,Debit Card
8224,2023-09-12,CUST_00423,Male,69,Clothing,Jeans,1,51.99,51.99,South,Credit Card
8851,2023-09-12,CUST_01992,Male,47,Clothing,Sneakers,1,112.24,112.24,East,Debit Card
2652,2023-09-12,CUST_00827,Female,70,Food,Dark Chocolate,1,32.61,32.61,North,Credit Card
6334,2023-09-12,CUST_01223,Female,22,Clothing,Shorts,3,72.43,217.29,North,Debit Card
5619,2023-09-12,CUST_01675,Male,25,Clothing,Sneakers,3,95.35,286.05,East,Credit Card
3910,2023-09-13,CUST_01991,Male,55,Sports,Skipping Rope,3,132.54,397.62,North,Debit Card
1017,2023-09-13,CUST_01831,Male,24,Beauty,Sunscreen,3,70.59,211.77,East,Debit Card
6201,2023-09-13,CUST_00634,Female,67,Electronics,Power Bank,1,591.92,591.92,East,Credit Card
7753,2023-09-13,CUST_00155,Male,49,Electronics,Bluetooth Speaker,1,561.79,561.79,North,Cash
5582,2023-09-13,CUST_00309,Female,36,Food,Mixed Nuts,4,25.48,101.92,North,Credit Card
7792,2023-09-13,CUST_01329,Female,23,Home & Kitchen,Cookware Set,1,23.52,23.52,North,Cash
10254,2023-09-13,CUST_01386,Male,26,Electronics,Laptop,4,131.94,527.76,South,Debit Card
8417,2023-09-13,CUST_00225,Male,64,Home & Kitchen,Storage Container,2,100.06,200.12,South,UPI
6718,2023-09-13,CUST_01943,Male,36,Home & Kitchen,Knife Set,3,172.66,517.98,South,UPI
3184,2023-09-13,CUST_01630,Female,44,Electronics,Headphones,5,437.76,2188.8,South,Debit Card
2676,2023-09-13,CUST_01700,Male,37,Beauty,Sunscreen,3,119.83,359.49,South,Credit Card
6480,2023-09-13,CUST_00769,Female,30,Electronics,Bluetooth Speaker,1,257.94,257.94,West,UPI
9147,2023-09-13,CUST_00625,Female,67,Beauty,Foundation,1,115.97,115.97,East,Credit Card
9945,2023-09-13,CUST_00812,Female,47,Beauty,Lipstick,6,116.21,697.26,North,Cash
10935,2023-09-13,CUST_00772,Male,23,Beauty,Perfume,4,42.61,170.44,West,Cash
3909,2023-09-13,CUST_00337,Male,22,Clothing,Hoodie,3,134.53,403.59,East,UPI
3216,2023-09-13,CUST_00914,Male,65,Beauty,Moisturizer,1,26.4,26.4,South,Credit Card
1037,2023-09-13,CUST_01704,Male,19,Electronics,Power Bank,3,282.16,846.48,West,UPI
2911,2023-09-14,CUST_01876,Male,35,Home & Kitchen,Blender,2,169.55,339.1,North,Cash
5180,2023-09-14,CUST_01021,Male,45,Home & Kitchen,Knife Set,2,215.5,431.0,South,Debit Card
10665,2023-09-14,CUST_00638,Female,63,Food,Granola,3,23.84,71.52,South,UPI
3181,2023-09-14,CUST_01810,Female,31,Electronics,Laptop,1,703.82,703.82,South,Debit Card
7072,2023-09-14,CUST_01083,Female,39,Home & Kitchen,Cookware Set,1,148.44,148.44,South,Debit Card
9112,2023-09-14,CUST_00782,Female,28,Electronics,Laptop,1,219.74,219.74,South,Debit Card
10024,2023-09-14,CUST_00005,Female,65,Beauty,Moisturizer,3,52.52,157.56,North,Debit Card
6270,2023-09-14,CUST_01515,Female,46,Electronics,Tablet,4,759.59,3038.36,South,UPI
2658,2023-09-14,CUST_01003,Male,49,Home & Kitchen,Wall Clock,1,191.71,191.71,North,Debit Card
9209,2023-09-14,CUST_00944,Female,34,Clothing,Jacket,2,37.79,75.58,West,Credit Card
5534,2023-09-15,CUST_01952,Male,19,Clothing,Shorts,5,17.17,85.85,West,UPI
7075,2023-09-15,CUST_01995,Female,56,Electronics,Smart Watch,3,563.83,1691.49,North,UPI
4935,2023-09-15,CUST_01027,Male,49,Food,Olive Oil,1,16.27,16.27,South,Credit Card
4013,2023-09-15,CUST_01685,Male,64,Beauty,Hair Oil,1,6.74,6.74,North,Debit Card
2528,2023-09-15,CUST_00766,Male,32,Home & Kitchen,Knife Set,7,135.06,945.42,South,Debit Card
2731,2023-09-15,CUST_00274,Female,63,Food,Green Tea,4,8.64,34.56,East,UPI
8689,2023-09-15,CUST_00145,Female,35,Electronics,Smart Watch,1,334.55,334.55,East,Credit Card
3377,2023-09-15,CUST_00400,Female,26,Home & Kitchen,Knife Set,2,143.77,287.54,East,Cash
4967,2023-09-15,CUST_00917,Male,51,Home & Kitchen,Bedsheet,1,215.55,215.55,South,UPI
4561,2023-09-15,CUST_01342,Male,27,Beauty,Moisturizer,1,104.41,104.41,South,Cash
10748,2023-09-15,CUST_01881,Female,66,Beauty,Perfume,3,87.73,263.19,West,UPI
4908,2023-09-16,CUST_00452,Male,40,Food,Granola,1,16.37,16.37,South,Debit Card
5778,2023-09-16,CUST_00667,Female,19,Home & Kitchen,Blender,4,248.51,994.04,East,Cash
4191,2023-09-16,CUST_01592,Female,30,Home & Kitchen,Knife Set,1,213.24,213.24,East,Cash
7610,2023-09-16,CUST_01198,Male,54,Food,Peanut Butter,2,33.19,66.38,North,Cash
2437,2023-09-16,CUST_01267,Male,20,Home & Kitchen,Knife Set,2,234.1,468.2,South,UPI
10250,2023-09-16,CUST_01284,Male,25,Clothing,T-Shirt,2,52.68,105.36,South,UPI
6957,2023-09-16,CUST_00568,Male,41,Home & Kitchen,Blender,4,231.79,927.16,West,UPI
5904,2023-09-16,CUST_01487,Male,35,Food,Peanut Butter,4,21.36,85.44,West,Debit Card
5221,2023-09-16,CUST_01238,Male,33,Electronics,Power Bank,1,584.09,584.09,East,Credit Card
9429,2023-09-16,CUST_00594,Female,35,Electronics,Smart Watch,6,115.78,694.68,West,UPI
9783,2023-09-16,CUST_01224,Female,31,Electronics,Tablet,1,657.09,657.09,South,Cash
6422,2023-09-17,CUST_00545,Male,48,Food,Granola,1,8.72,8.72,South,Debit Card
3324,2023-09-17,CUST_01001,Female,22,Clothing,Formal Shirt,2,78.28,156.56,North,Credit Card
6696,2023-09-17,CUST_00036,Female,51,Home & Kitchen,Wall Clock,3,26.59,79.77,East,Debit Card
9502,2023-09-17,CUST_00680,Female,26,Electronics,Smart Watch,4,254.5,1018.0,East,UPI
5829,2023-09-17,CUST_00149,Male,57,Food,Mixed Nuts,2,8.85,17.7,East,UPI
10271,2023-09-17,CUST_01824,Male,53,Food,Granola,1,17.92,17.92,South,Cash
8428,2023-09-17,CUST_01634,Female,30,Clothing,Jeans,3,130.06,390.18,West,Cash
3998,2023-09-17,CUST_01406,Male,32,Food,Olive Oil,2,8.87,17.74,West,Credit Card
4183,2023-09-17,CUST_00501,Male,61,Electronics,USB Cable,1,58.19,58.19,North,Cash
6505,2023-09-17,CUST_00700,Male,56,Food,Dark Chocolate,3,5.85,17.55,West,Debit Card
7684,2023-09-17,CUST_00121,Female,47,Food,Olive Oil,1,18.93,18.93,South,Cash
1503,2023-09-17,CUST_01686,Female,67,Beauty,Foundation,4,76.37,305.48,South,Debit Card
9426,2023-09-17,CUST_00697,Male,31,Food,Protein Bar,2,8.35,16.7,West,Credit Card
7940,2023-09-17,CUST_01395,Female,48,Electronics,Headphones,3,686.22,2058.66,West,Debit Card
8089,2023-09-17,CUST_00198,Female,53,Home & Kitchen,Cookware Set,1,208.43,208.43,North,UPI
6151,2023-09-17,CUST_00103,Male,50,Beauty,Lipstick,5,102.36,511.8,North,Credit Card
7300,2023-09-18,CUST_00084,Male,19,Electronics,Smartphone,2,315.96,631.92,East,Credit Card
1085,2023-09-18,CUST_00333,Female,45,Home & Kitchen,Table Lamp,1,88.11,88.11,East,UPI
1047,2023-09-18,CUST_00423,Male,69,Electronics,Tablet,1,508.35,508.35,South,Cash
6760,2023-09-18,CUST_00919,Male,21,Beauty,Lipstick,3,105.56,316.68,South,Credit Card
1762,2023-09-18,CUST_00281,Female,56,Food,Protein Bar,1,12.16,12.16,South,UPI
2531,2023-09-18,CUST_00625,Female,67,Sports,Cricket Bat,2,36.57,73.14,East,Debit Card
10339,2023-09-18,CUST_01643,Male,49,Electronics,Smartphone,2,221.44,442.88,East,Debit Card
6591,2023-09-18,CUST_01949,Female,68,Food,Green Tea,4,20.54,82.16,East,Debit Card
2263,2023-09-18,CUST_01572,Female,66,Beauty,Lipstick,2,17.2,34.4,North,Credit Card
8688,2023-09-18,CUST_00899,Male,21,Sports,Running Shoes,1,119.69,119.69,East,Cash
9889,2023-09-18,CUST_00855,Female,53,Beauty,Perfume,5,97.85,489.25,South,Cash
3404,2023-09-18,CUST_01356,Female,50,Sports,Resistance Band,3,51.02,153.06,East,Credit Card
10739,2023-09-19,CUST_00702,Male,48,Electronics,USB Cable,2,594.05,1188.1,North,Cash
3698,2023-09-19,CUST_00666,Male,53,Clothing,Jacket,1,59.47,59.47,South,Credit Card
4073,2023-09-19,CUST_00398,Male,32,Home & Kitchen,Cookware Set,2,140.15,280.3,East,Debit Card
10983,2023-09-19,CUST_00798,Female,31,Beauty,Moisturizer,3,9.57,28.71,North,Debit Card
10683,2023-09-19,CUST_00317,Male,30,Beauty,Lipstick,1,82.46,82.46,East,Debit Card
5642,2023-09-19,CUST_01777,Male,42,Home & Kitchen,Cookware Set,1,196.8,196.8,North,Credit Card
5576,2023-09-19,CUST_01980,Female,59,Home & Kitchen,Cookware Set,5,242.05,1210.25,East,Debit Card
2703,2023-09-19,CUST_00120,Female,51,Electronics,Laptop,2,343.21,686.42,West,Cash
4417,2023-09-19,CUST_00896,Male,18,Sports,Water Bottle,6,102.01,612.06,North,Credit Card
4716,2023-09-19,CUST_00597,Male,44,Home & Kitchen,Table Lamp,4,74.04,296.16,North,UPI
5632,2023-09-19,CUST_01198,Male,54,Food,Protein Bar,2,5.98,11.96,North,Debit Card
7798,2023-09-19,CUST_00878,Male,42,Home & Kitchen,Pillow,4,114.49,457.96,West,Credit Card
6472,2023-09-19,CUST_01843,Male,39,Clothing,Dress,2,80.91,161.82,West,Credit Card
5594,2023-09-19,CUST_00947,Female,25,Home & Kitchen,Table Lamp,7,197.09,1379.63,East,Credit Card
4753,2023-09-20,CUST_01104,Male,54,Home & Kitchen,Storage Container,3,185.72,557.16,West,Credit Card
8611,2023-09-20,CUST_01954,Female,40,Electronics,Power Bank,1,786.6,786.6,North,Credit Card
8159,2023-09-20,CUST_01576,Male,38,Home & Kitchen,Wall Clock,2,65.43,130.86,West,Cash
9721,2023-09-20,CUST_01865,Male,22,Clothing,Sneakers,1,121.54,121.54,South,Credit Card
4571,2023-09-20,CUST_01243,Female,37,Home & Kitchen,Blender,1,92.68,92.68,South,Cash
9940,2023-09-20,CUST_01756,Male,41,Home & Kitchen,Cookware Set,1,72.8,72.8,North,Credit Card
6674,2023-09-20,CUST_00554,Female,22,Beauty,Sunscreen,1,93.69,93.69,East,Debit Card
9218,2023-09-20,CUST_01254,Male,30,Electronics,Smart Watch,1,747.36,747.36,West,Debit Card
4349,2023-09-20,CUST_00556,Female,53,Home & Kitchen,Wall Clock,3,69.64,208.92,West,Cash
3144,2023-09-20,CUST_00964,Female,19,Sports,Cricket Bat,2,102.26,204.52,South,Debit Card
5865,2023-09-20,CUST_00180,Male,21,Sports,Yoga Mat,3,197.06,591.18,South,Debit Card
3620,2023-09-20,CUST_01053,Female,40,Home & Kitchen,Table Lamp,6,242.82,1456.92,North,Credit Card
1103,2023-09-20,CUST_01480,Male,20,Clothing,Jeans,2,148.33,296.66,South,Cash
3429,2023-09-20,CUST_01029,Male,56,Home & Kitchen,Bedsheet,2,139.74,279.48,South,Credit Card
9081,2023-09-20,CUST_00480,Female,45,Home & Kitchen,Wall Clock,1,178.01,178.01,North,Credit Card
9687,2023-09-21,CUST_00248,Female,32,Home & Kitchen,Bedsheet,4,106.26,425.04,South,Credit Card
6602,2023-09-21,CUST_01109,Female,49,Food,Granola,1,21.63,21.63,West,Debit Card
10054,2023-09-21,CUST_01389,Female,46,Electronics,Power Bank,4,233.34,933.36,East,Cash
2776,2023-09-21,CUST_00316,Male,70,Home & Kitchen,Storage Container,3,122.66,367.98,South,Credit Card
8962,2023-09-21,CUST_01603,Female,62,Food,Peanut Butter,2,38.57,77.14,East,Debit Card
3670,2023-09-21,CUST_00533,Male,50,Home & Kitchen,Cookware Set,3,135.86,407.58,West,Debit Card
6418,2023-09-21,CUST_01586,Female,34,Home & Kitchen,Pillow,2,19.78,39.56,North,UPI
5169,2023-09-21,CUST_01874,Male,51,Food,Organic Honey,2,10.78,21.56,East,UPI
7408,2023-09-21,CUST_01472,Female,19,Electronics,Bluetooth Speaker,2,454.49,908.98,North,UPI
6105,2023-09-21,CUST_01614,Male,24,Beauty,Foundation,4,33.51,134.04,South,Debit Card
8804,2023-09-21,CUST_01962,Male,52,Clothing,Shorts,1,42.18,42.18,North,Credit Card
2040,2023-09-21,CUST_00589,Female,46,Electronics,Headphones,1,346.69,346.69,East,UPI
5184,2023-09-21,CUST_01057,Female,26,Electronics,Smart Watch,3,731.01,2193.03,South,Credit Card
8994,2023-09-21,CUST_00187,Female,35,Home & Kitchen,Knife Set,2,215.31,430.62,North,UPI
7784,2023-09-21,CUST_00705,Male,69,Beauty,Foundation,1,87.73,87.73,East,Debit Card
5236,2023-09-21,CUST_01625,Male,23,Clothing,Sneakers,6,112.29,673.74,North,Debit Card
5425,2023-09-21,CUST_00987,Male,29,Clothing,Formal Shirt,2,88.47,176.94,East,Credit Card
3106,2023-09-22,CUST_00560,Male,68,Beauty,Sunscreen,2,51.84,103.68,West,UPI
7810,2023-09-22,CUST_00853,Female,65,Beauty,Foundation,1,64.33,64.33,West,UPI
1254,2023-09-22,CUST_00692,Male,41,Food,Protein Bar,1,25.71,25.71,West,Debit Card
8865,2023-09-22,CUST_01345,Female,63,Home & Kitchen,Pillow,1,215.61,215.61,South,Credit Card
10042,2023-09-22,CUST_01313,Female,46,Home & Kitchen,Pillow,1,78.33,78.33,West,Credit Card
9196,2023-09-22,CUST_00630,Male,59,Food,Dark Chocolate,2,4.74,9.48,East,Cash
2421,2023-09-22,CUST_00495,Male,43,Beauty,Eye Shadow,5,63.88,319.4,West,Credit Card
6464,2023-09-22,CUST_01778,Female,52,Electronics,Smart Watch,5,586.95,2934.75,North,Credit Card
3615,2023-09-22,CUST_00693,Female,24,Electronics,USB Cable,2,532.33,1064.66,North,Credit Card
5616,2023-09-22,CUST_00528,Male,41,Home & Kitchen,Bedsheet,1,223.14,223.14,South,Credit Card
9356,2023-09-22,CUST_01090,Male,56,Food,Granola,1,32.84,32.84,West,UPI
3259,2023-09-22,CUST_01849,Female,48,Clothing,Dress,3,39.89,119.67,East,Credit Card
9500,2023-09-22,CUST_00960,Female,30,Clothing,Dress,4,142.44,569.76,East,Cash
7794,2023-09-22,CUST_01054,Female,49,Clothing,Jeans,1,109.65,109.65,East,UPI
6332,2023-09-22,CUST_00828,Male,38,Clothing,Hoodie,3,120.37,361.11,East,Credit Card
5891,2023-09-22,CUST_00191,Female,50,Beauty,Sunscreen,2,78.99,157.98,South,Cash
7937,2023-09-22,CUST_01794,Male,48,Clothing,Jeans,2,127.0,254.0,North,UPI
8889,2023-09-22,CUST_00905,Female,38,Beauty,Lipstick,1,39.55,39.55,West,Credit Card
1123,2023-09-23,CUST_00162,Female,58,Home & Kitchen,Table Lamp,2,116.39,232.78,South,Credit Card
3604,2023-09-23,CUST_00247,Female,62,Clothing,Hoodie,2,70.73,141.46,South,Credit Card
4703,2023-09-23,CUST_00767,Female,33,Home & Kitchen,Blender,2,86.53,173.06,East,Debit Card
10450,2023-09-23,CUST_01716,Female,25,Clothing,Dress,1,34.22,34.22,North,Cash
6121,2023-09-23,CUST_00006,Female,21,Home & Kitchen,Wall Clock,1,62.44,62.44,North,UPI
7899,2023-09-24,CUST_00308,Male,35,Food,Peanut Butter,3,39.13,117.39,South,Cash
7294,2023-09-24,CUST_00533,Male,50,Home & Kitchen,Table Lamp,2,169.86,339.72,West,UPI
7180,2023-09-24,CUST_00718,Female,68,Beauty,Sunscreen,1,37.76,37.76,North,UPI
1411,2023-09-24,CUST_00179,Female,52,Sports,Cricket Bat,3,140.2,420.6,South,Debit Card
2043,2023-09-24,CUST_01002,Male,34,Sports,Running Shoes,1,188.16,188.16,West,Credit Card
1405,2023-09-24,CUST_01628,Female,64,Clothing,Shorts,2,95.17,190.34,North,UPI
8649,2023-09-24,CUST_00117,Male,54,Home & Kitchen,Wall Clock,3,177.35,532.05,East,UPI
1376,2023-09-24,CUST_00592,Female,20,Electronics,Smart Watch,5,464.01,2320.05,East,Debit Card
2029,2023-09-24,CUST_00798,Female,31,Electronics,Laptop,4,60.65,242.6,North,Debit Card
9884,2023-09-24,CUST_00019,Male,34,Electronics,Laptop,1,424.59,424.59,West,Debit Card
6849,2023-09-24,CUST_01901,Male,20,Sports,Running Shoes,4,112.06,448.24,North,UPI
3385,2023-09-24,CUST_01827,Male,40,Electronics,USB Cable,2,556.85,1113.7,West,Credit Card
9515,2023-09-24,CUST_00427,Male,62,Beauty,Face Wash,1,113.94,113.94,South,Credit Card
7103,2023-09-24,CUST_00150,Male,25,Clothing,Jeans,2,71.75,143.5,West,Cash
4304,2023-09-25,CUST_00003,Male,48,Home & Kitchen,Blender,2,64.31,128.62,South,Cash
3573,2023-09-25,CUST_01506,Male,43,Clothing,Shorts,3,147.43,442.29,South,UPI
5716,2023-09-25,CUST_01946,Male,50,Food,Dark Chocolate,1,33.35,33.35,North,UPI
8255,2023-09-25,CUST_01451,Female,57,Electronics,Bluetooth Speaker,2,556.35,1112.7,East,Cash
8271,2023-09-25,CUST_00659,Male,54,Sports,Cricket Bat,5,47.98,239.9,South,Credit Card
7653,2023-09-25,CUST_01718,Female,62,Home & Kitchen,Knife Set,4,211.94,847.76,East,Credit Card
6409,2023-09-25,CUST_00994,Female,59,Home & Kitchen,Cookware Set,6,228.38,1370.28,North,Debit Card
7658,2023-09-25,CUST_00427,Male,62,Electronics,Laptop,1,285.29,285.29,South,UPI
9149,2023-09-25,CUST_01539,Female,26,Home & Kitchen,Table Lamp,3,37.58,112.74,East,Credit Card
1167,2023-09-25,CUST_01639,Female,44,Home & Kitchen,Wall Clock,2,102.13,204.26,North,UPI
6420,2023-09-25,CUST_01768,Male,64,Clothing,Jacket,1,15.76,15.76,West,Cash
8617,2023-09-25,CUST_00863,Male,53,Beauty,Hair Oil,6,106.37,638.22,East,UPI
8605,2023-09-25,CUST_01496,Female,51,Food,Granola,1,33.51,33.51,West,Credit Card
5796,2023-09-25,CUST_01854,Female,42,Home & Kitchen,Cookware Set,1,156.69,156.69,West,Debit Card
7454,2023-09-25,CUST_01626,Male,70,Electronics,Smartphone,6,690.31,4141.86,East,Cash
7931,2023-09-25,CUST_01529,Male,29,Clothing,Jeans,3,77.24,231.72,South,Cash
1707,2023-09-26,CUST_00491,Female,38,Beauty,Face Wash,3,113.75,341.25,North,Debit Card
10521,2023-09-26,CUST_00105,Female,46,Electronics,Smartphone,3,166.54,499.62,North,Credit Card
9897,2023-09-26,CUST_01481,Male,65,Home & Kitchen,Blender,1,169.28,169.28,South,Credit Card
1642,2023-09-26,CUST_00439,Male,35,Home & Kitchen,Storage Container,5,160.79,803.95,South,Cash
6508,2023-09-26,CUST_00685,Female,21,Electronics,Power Bank,2,755.12,1510.24,North,Debit Card
3825,2023-09-26,CUST_01604,Female,53,Food,Olive Oil,2,16.92,33.84,South,Credit Card
10643,2023-09-26,CUST_01268,Female,49,Home & Kitchen,Bedsheet,3,99.11,297.33,East,Credit Card
9956,2023-09-26,CUST_01801,Male,52,Home & Kitchen,Storage Container,4,242.18,968.72,East,UPI
6018,2023-09-26,CUST_01486,Female,56,Beauty,Face Wash,1,30.66,30.66,West,Credit Card
10138,2023-09-26,CUST_00208,Female,31,Sports,Running Shoes,2,36.92,73.84,West,UPI
7883,2023-09-26,CUST_00080,Male,26,Sports,Resistance Band,1,191.27,191.27,North,Credit Card
5138,2023-09-27,CUST_00731,Male,18,Food,Olive Oil,2,14.38,28.76,South,Debit Card
2204,2023-09-27,CUST_00011,Female,25,Food,Granola,1,33.95,33.95,East,Credit Card
9536,2023-09-27,CUST_00824,Female,70,Food,Organic Honey,3,27.2,81.6,North,Debit Card
1691,2023-09-27,CUST_00321,Male,46,Electronics,Smartphone,2,114.79,229.58,North,Debit Card
9703,2023-09-27,CUST_00231,Male,47,Food,Green Tea,4,21.93,87.72,North,Credit Card
1308,2023-09-27,CUST_00734,Female,61,Home & Kitchen,Storage Container,3,172.94,518.82,South,Cash
7077,2023-09-27,CUST_01192,Female,64,Home & Kitchen,Wall Clock,2,159.81,319.62,West,Debit Card
7562,2023-09-27,CUST_01938,Female,32,Home & Kitchen,Table Lamp,2,61.38,122.76,North,UPI
2602,2023-09-27,CUST_01455,Male,65,Clothing,Formal Shirt,5,134.62,673.1,South,UPI
4391,2023-09-27,CUST_01859,Female,41,Electronics,Power Bank,1,676.92,676.92,North,Credit Card
1136,2023-09-27,CUST_01022,Female,51,Home & Kitchen,Blender,1,206.52,206.52,East,Debit Card
10449,2023-09-27,CUST_00517,Male,44,Clothing,Dress,3,55.4,166.2,East,Cash
1217,2023-09-28,CUST_01981,Male,69,Home & Kitchen,Table Lamp,3,223.76,671.28,West,UPI
9676,2023-09-28,CUST_00795,Female,58,Food,Protein Bar,1,5.21,5.21,South,Cash
10992,2023-09-28,CUST_01752,Male,68,Beauty,Perfume,6,81.43,488.58,South,Cash
8633,2023-09-28,CUST_01441,Male,27,Electronics,Laptop,3,156.79,470.37,North,Debit Card
2386,2023-09-28,CUST_01783,Female,24,Beauty,Eye Shadow,3,83.92,251.76,West,Credit Card
8774,2023-09-28,CUST_00228,Male,36,Home & Kitchen,Pillow,5,117.61,588.05,East,Debit Card
10103,2023-09-28,CUST_00317,Male,30,Sports,Football,3,114.75,344.25,East,Credit Card
5071,2023-09-28,CUST_01714,Female,46,Beauty,Sunscreen,2,53.19,106.38,East,UPI
8386,2023-09-28,CUST_00498,Female,61,Home & Kitchen,Cookware Set,3,68.0,204.0,East,Debit Card
4910,2023-09-28,CUST_00377,Male,38,Electronics,Power Bank,4,341.34,1365.36,South,Debit Card
3921,2023-09-28,CUST_01094,Female,49,Food,Green Tea,1,17.5,17.5,South,Debit Card
4367,2023-09-28,CUST_00330,Female,59,Food,Protein Bar,3,16.82,50.46,South,Debit Card
2614,2023-09-28,CUST_01818,Male,45,Home & Kitchen,Bedsheet,3,190.23,570.69,West,Credit Card
1060,2023-09-28,CUST_01427,Female,67,Sports,Football,4,152.32,609.28,East,Credit Card
2485,2023-09-28,CUST_00101,Female,30,Electronics,Headphones,2,483.19,966.38,South,Credit Card
1086,2023-09-28,CUST_01339,Male,34,Food,Organic Honey,1,14.62,14.62,North,Debit Card
4394,2023-09-28,CUST_00633,Male,34,Food,Protein Bar,2,9.04,18.08,West,UPI
2766,2023-09-28,CUST_00784,Female,62,Home & Kitchen,Pillow,1,62.08,62.08,South,Debit Card
8129,2023-09-28,CUST_01111,Male,35,Food,Olive Oil,2,39.58,79.16,South,Credit Card
10987,2023-09-28,CUST_01757,Male,25,Clothing,T-Shirt,3,73.76,221.28,South,UPI
3170,2023-09-28,CUST_01607,Female,19,Electronics,USB Cable,4,457.27,1829.08,South,UPI
4533,2023-09-29,CUST_01922,Female,22,Electronics,Laptop,2,391.74,783.48,East,UPI
7856,2023-09-29,CUST_01208,Female,47,Beauty,Hair Oil,2,89.4,178.8,North,Cash
2909,2023-09-29,CUST_01197,Male,59,Food,Olive Oil,2,28.94,57.88,West,Credit Card
10115,2023-09-29,CUST_01412,Female,63,Clothing,Shorts,3,145.21,435.63,North,Credit Card
4782,2023-09-29,CUST_01225,Female,66,Clothing,T-Shirt,4,141.29,565.16,West,Cash
4404,2023-09-29,CUST_01408,Female,32,Beauty,Moisturizer,2,68.04,136.08,West,Debit Card
5179,2023-09-29,CUST_01208,Female,47,Electronics,Smartphone,2,421.06,842.12,North,Debit Card
2285,2023-09-29,CUST_01865,Male,22,Clothing,Jacket,1,127.29,127.29,South,Credit Card
6163,2023-09-29,CUST_01091,Female,27,Sports,Cricket Bat,2,46.73,93.46,South,Cash
8508,2023-09-29,CUST_01650,Male,41,Beauty,Foundation,1,114.99,114.99,North,Debit Card
8637,2023-09-29,CUST_01514,Male,43,Sports,Cricket Bat,2,167.22,334.44,North,Debit Card
6643,2023-09-29,CUST_01753,Female,34,Food,Organic Honey,4,17.99,71.96,West,UPI
2475,2023-09-29,CUST_00270,Female,32,Home & Kitchen,Blender,2,111.07,222.14,North,Debit Card
6213,2023-09-29,CUST_01013,Female,69,Electronics,Laptop,3,710.35,2131.05,South,UPI
4194,2023-09-29,CUST_00449,Male,23,Electronics,Smartphone,1,660.28,660.28,West,Credit Card
10256,2023-09-30,CUST_00382,Female,66,Electronics,Headphones,1,703.68,703.68,South,Credit Card
9758,2023-09-30,CUST_00563,Female,59,Home & Kitchen,Knife Set,3,162.53,487.59,West,Credit Card
2949,2023-09-30,CUST_01353,Male,65,Home & Kitchen,Wall Clock,2,116.44,232.88,West,Credit Card
4586,2023-09-30,CUST_00958,Female,58,Beauty,Face Wash,3,24.21,72.63,East,Credit Card
5917,2023-09-30,CUST_00611,Female,44,Clothing,Sneakers,1,27.2,27.2,North,Cash
10911,2023-09-30,CUST_00507,Male,41,Home & Kitchen,Table Lamp,2,98.99,197.98,North,Debit Card
1644,2023-09-30,CUST_00521,Female,51,Home & Kitchen,Table Lamp,5,76.93,384.65,East,UPI
5998,2023-09-30,CUST_00550,Male,68,Food,Green Tea,4,20.02,80.08,South,UPI
6064,2023-09-30,CUST_00408,Female,31,Sports,Resistance Band,5,139.08,695.4,North,UPI
4824,2023-09-30,CUST_01850,Female,59,Home & Kitchen,Knife Set,2,29.33,58.66,South,UPI
7770,2023-09-30,CUST_00349,Male,21,Sports,Water Bottle,1,97.09,97.09,East,Credit Card
5637,2023-10-01,CUST_01256,Male,48,Food,Granola,3,34.0,102.0,North,UPI
9284,2023-10-01,CUST_01490,Female,19,Clothing,Jacket,2,120.96,241.92,North,Cash
9460,2023-10-01,CUST_01862,Female,19,Clothing,Jeans,3,50.42,151.26,East,Debit Card
10216,2023-10-01,CUST_01224,Female,31,Food,Protein Bar,2,36.23,72.46,South,Debit Card
10085,2023-10-01,CUST_01524,Female,18,Electronics,Power Bank,3,444.24,1332.72,East,Debit Card
1584,2023-10-01,CUST_00135,Male,22,Clothing,Sneakers,4,88.9,355.6,South,Credit Card
8351,2023-10-01,CUST_01518,Female,26,Home & Kitchen,Wall Clock,1,236.86,236.86,South,Cash
7398,2023-10-01,CUST_00588,Male,62,Home & Kitchen,Table Lamp,3,213.9,641.7,West,Debit Card
1418,2023-10-01,CUST_01568,Female,43,Clothing,Jeans,3,45.51,136.53,South,Debit Card
9977,2023-10-01,CUST_01231,Female,69,Home & Kitchen,Pillow,3,108.42,325.26,South,UPI
7407,2023-10-01,CUST_00025,Female,54,Clothing,T-Shirt,1,93.78,93.78,West,UPI
9828,2023-10-01,CUST_00815,Male,30,Home & Kitchen,Storage Container,2,160.68,321.36,West,Debit Card
10680,2023-10-01,CUST_00704,Female,23,Clothing,Formal Shirt,1,131.61,131.61,West,Debit Card
6477,2023-10-01,CUST_00240,Male,58,Home & Kitchen,Blender,3,93.66,280.98,East,Cash
5047,2023-10-02,CUST_00167,Male,37,Food,Dark Chocolate,6,38.67,232.02,East,Credit Card
6932,2023-10-02,CUST_00676,Female,58,Food,Peanut Butter,3,4.48,13.44,West,Credit Card
10626,2023-10-02,CUST_01962,Male,52,Beauty,Foundation,2,107.41,214.82,North,UPI
5240,2023-10-02,CUST_00149,Male,57,Home & Kitchen,Bedsheet,2,131.36,262.72,East,Credit Card
5790,2023-10-02,CUST_00897,Male,34,Beauty,Sunscreen,3,28.66,85.98,South,Credit Card
1083,2023-10-02,CUST_01292,Male,34,Food,Dark Chocolate,1,15.99,15.99,East,UPI
3070,2023-10-02,CUST_01243,Female,37,Electronics,Power Bank,2,317.09,634.18,South,Credit Card
3288,2023-10-02,CUST_01502,Male,69,Home & Kitchen,Storage Container,1,69.71,69.71,East,UPI
10947,2023-10-02,CUST_01337,Female,55,Home & Kitchen,Table Lamp,1,21.14,21.14,North,Debit Card
10083,2023-10-02,CUST_00348,Male,57,Clothing,Jeans,1,72.21,72.21,North,Cash
3881,2023-10-02,CUST_01392,Male,36,Clothing,Formal Shirt,4,84.31,337.24,West,Cash
4024,2023-10-03,CUST_01224,Female,31,Electronics,Tablet,2,676.02,1352.04,South,Debit Card
7667,2023-10-03,CUST_00909,Female,61,Food,Protein Bar,1,9.47,9.47,South,Debit Card
6191,2023-10-03,CUST_00210,Male,56,Electronics,USB Cable,3,740.38,2221.14,North,Cash
8642,2023-10-03,CUST_01444,Female,65,Sports,Resistance Band,3,91.46,274.38,North,Debit Card
3891,2023-10-03,CUST_00024,Female,37,Beauty,Face Wash,6,119.2,715.2,East,UPI
9245,2023-10-03,CUST_00808,Male,33,Electronics,Laptop,2,525.23,1050.46,North,Cash
10859,2023-10-03,CUST_01098,Female,65,Home & Kitchen,Wall Clock,2,65.56,131.12,South,Debit Card
6278,2023-10-03,CUST_01614,Male,24,Electronics,Tablet,1,426.21,426.21,South,Debit Card
5095,2023-10-03,CUST_01824,Male,53,Food,Peanut Butter,3,5.07,15.21,South,Credit Card
5627,2023-10-03,CUST_00862,Male,36,Electronics,USB Cable,1,264.8,264.8,East,UPI
2615,2023-10-03,CUST_00261,Female,36,Home & Kitchen,Wall Clock,2,200.32,400.64,North,Debit Card
9980,2023-10-03,CUST_00849,Female,43,Beauty,Perfume,3,118.04,354.12,South,Cash
6104,2023-10-03,CUST_00557,Female,63,Sports,Cricket Bat,1,86.92,86.92,West,UPI
9878,2023-10-03,CUST_01987,Female,68,Home & Kitchen,Blender,3,84.23,252.69,North,UPI
4997,2023-10-04,CUST_00913,Female,38,Clothing,Jeans,1,149.79,149.79,East,Debit Card
4016,2023-10-04,CUST_01465,Female,29,Beauty,Lipstick,7,81.83,572.81,South,Cash
7809,2023-10-04,CUST_00710,Male,53,Food,Dark Chocolate,2,24.32,48.64,West,Credit Card
8775,2023-10-04,CUST_01890,Female,68,Food,Mixed Nuts,3,27.89,83.67,South,Cash
7068,2023-10-04,CUST_01005,Male,19,Clothing,Jeans,5,131.28,656.4,East,Cash
5449,2023-10-04,CUST_01079,Female,70,Beauty,Lipstick,2,46.88,93.76,East,Credit Card
7062,2023-10-04,CUST_01833,Male,65,Sports,Football,3,160.62,481.86,West,Cash
7551,2023-10-04,CUST_00434,Female,21,Sports,Yoga Mat,3,137.98,413.94,North,Credit Card
2942,2023-10-04,CUST_00662,Female,35,Electronics,USB Cable,2,779.57,1559.14,West,Cash
6049,2023-10-04,CUST_01303,Female,38,Beauty,Foundation,3,99.11,297.33,East,UPI
1823,2023-10-04,CUST_01679,Female,56,Food,Dark Chocolate,2,6.15,12.3,West,Debit Card
6496,2023-10-04,CUST_00207,Female,28,Clothing,T-Shirt,1,21.01,21.01,North,Credit Card
8470,2023-10-04,CUST_00147,Male,35,Sports,Football,2,171.71,343.42,North,Debit Card
2969,2023-10-04,CUST_00195,Female,64,Electronics,Power Bank,1,31.74,31.74,North,Debit Card
10545,2023-10-04,CUST_00614,Male,67,Home & Kitchen,Blender,5,230.83,1154.15,East,UPI
9388,2023-10-04,CUST_00129,Female,58,Home & Kitchen,Table Lamp,3,131.52,394.56,East,Credit Card
1981,2023-10-04,CUST_00358,Female,56,Electronics,Headphones,1,134.97,134.97,West,Credit Card
9068,2023-10-04,CUST_00521,Female,51,Food,Mixed Nuts,4,18.42,73.68,East,Debit Card
4279,2023-10-04,CUST_00273,Male,25,Electronics,Bluetooth Speaker,3,543.22,1629.66,West,Debit Card
1820,2023-10-05,CUST_01074,Female,20,Food,Mixed Nuts,2,7.04,14.08,North,UPI
2163,2023-10-05,CUST_01255,Female,61,Food,Olive Oil,2,29.8,59.6,North,Cash
5864,2023-10-05,CUST_00628,Female,38,Electronics,Bluetooth Speaker,1,299.71,299.71,East,UPI
8081,2023-10-05,CUST_00929,Male,69,Food,Green Tea,3,11.54,34.62,West,Credit Card
8828,2023-10-05,CUST_00383,Male,23,Clothing,Jeans,1,130.95,130.95,West,Cash
3963,2023-10-05,CUST_01491,Female,21,Electronics,Smartphone,3,366.92,1100.76,South,Debit Card
6337,2023-10-05,CUST_01787,Female,51,Clothing,Hoodie,2,23.21,46.42,East,Credit Card
10276,2023-10-05,CUST_00020,Male,63,Food,Dark Chocolate,6,16.03,96.18,South,Credit Card
10241,2023-10-05,CUST_00858,Male,43,Home & Kitchen,Storage Container,1,245.69,245.69,North,Debit Card
6311,2023-10-05,CUST_00506,Female,40,Clothing,Hoodie,1,64.53,64.53,West,Credit Card
5419,2023-10-05,CUST_01300,Male,52,Clothing,Hoodie,2,90.54,181.08,East,Credit Card
6898,2023-10-05,CUST_01369,Female,32,Electronics,USB Cable,5,786.03,3930.15,South,UPI
9193,2023-10-05,CUST_00937,Female,44,Food,Organic Honey,2,8.78,17.56,North,UPI
1754,2023-10-05,CUST_00280,Male,55,Food,Granola,1,27.31,27.31,East,Credit Card
9281,2023-10-05,CUST_01718,Female,62,Electronics,Headphones,1,124.71,124.71,East,Cash
4511,2023-10-05,CUST_01707,Female,31,Home & Kitchen,Knife Set,2,225.2,450.4,South,Debit Card
3151,2023-10-05,CUST_01461,Female,41,Home & Kitchen,Knife Set,2,230.86,461.72,South,Credit Card
8493,2023-10-06,CUST_00321,Male,46,Home & Kitchen,Bedsheet,3,194.78,584.34,North,Cash
5775,2023-10-06,CUST_00466,Male,60,Home & Kitchen,Bedsheet,3,68.55,205.65,East,Credit Card
2326,2023-10-06,CUST_00512,Female,44,Clothing,Shorts,2,103.31,206.62,North,Debit Card
7208,2023-10-06,CUST_00498,Female,61,Home & Kitchen,Bedsheet,4,205.56,822.24,East,UPI
10576,2023-10-06,CUST_00112,Female,35,Clothing,Jacket,3,64.83,194.49,West,Cash
1703,2023-10-06,CUST_01703,Female,29,Electronics,Smart Watch,1,745.71,745.71,East,Cash
9685,2023-10-06,CUST_00032,Female,19,Beauty,Perfume,1,107.62,107.62,East,Cash
4989,2023-10-06,CUST_00452,Male,40,Electronics,Smart Watch,1,733.12,733.12,South,Debit Card
9057,2023-10-06,CUST_00944,Female,34,Electronics,Tablet,2,316.4,632.8,West,UPI
4255,2023-10-06,CUST_00106,Female,70,Electronics,Headphones,5,195.17,975.85,North,Credit Card
6068,2023-10-06,CUST_00794,Male,61,Food,Mixed Nuts,1,30.3,30.3,East,UPI
2395,2023-10-06,CUST_01294,Female,43,Home & Kitchen,Pillow,1,145.29,145.29,West,Debit Card
8609,2023-10-06,CUST_00704,Female,23,Electronics,Laptop,1,661.13,661.13,West,UPI
1134,2023-10-06,CUST_00019,Male,34,Home & Kitchen,Knife Set,2,56.62,113.24,West,Credit Card
7253,2023-10-06,CUST_01198,Male,54,Electronics,USB Cable,3,206.17,618.51,North,Credit Card
3685,2023-10-06,CUST_00202,Female,47,Beauty,Perfume,5,76.51,382.55,North,Cash
8934,2023-10-06,CUST_01901,Male,20,Sports,Yoga Mat,5,135.83,679.15,North,Credit Card
7727,2023-10-06,CUST_00013,Male,29,Sports,Water Bottle,1,126.13,126.13,East,UPI
7636,2023-10-07,CUST_00390,Female,49,Clothing,Dress,3,79.18,237.54,East,UPI
5920,2023-10-07,CUST_00337,Male,22,Beauty,Hair Oil,1,10.9,10.9,East,Cash
1195,2023-10-07,CUST_00634,Female,67,Home & Kitchen,Storage Container,4,75.09,300.36,East,Debit Card
2838,2023-10-07,CUST_00081,Male,47,Food,Protein Bar,1,30.3,30.3,East,Credit Card
8235,2023-10-07,CUST_00861,Female,21,Home & Kitchen,Bedsheet,4,150.48,601.92,South,Debit Card
7372,2023-10-07,CUST_01379,Male,38,Electronics,Power Bank,1,508.13,508.13,North,Debit Card
7093,2023-10-07,CUST_00317,Male,30,Clothing,Sneakers,5,59.29,296.45,East,Credit Card
10329,2023-10-07,CUST_00983,Male,43,Electronics,USB Cable,2,534.14,1068.28,East,UPI
9780,2023-10-07,CUST_01573,Male,63,Beauty,Perfume,4,17.51,70.04,West,UPI
9308,2023-10-07,CUST_00328,Male,25,Beauty,Lipstick,6,7.89,47.34,North,Cash
3300,2023-10-07,CUST_00451,Male,70,Beauty,Eye Shadow,1,115.68,115.68,South,Credit Card
1282,2023-10-07,CUST_01081,Male,18,Electronics,Smartphone,7,797.93,5585.51,North,Debit Card
9955,2023-10-07,CUST_01903,Male,20,Electronics,USB Cable,5,755.31,3776.55,West,Debit Card
5278,2023-10-07,CUST_01445,Male,50,Electronics,Bluetooth Speaker,2,724.74,1449.48,West,Debit Card
6947,2023-10-07,CUST_00122,Male,60,Food,Mixed Nuts,1,17.79,17.79,North,Credit Card
10081,2023-10-07,CUST_01585,Male,24,Electronics,Bluetooth Speaker,1,240.56,240.56,East,Cash
10772,2023-10-07,CUST_00039,Male,41,Home & Kitchen,Storage Container,4,238.99,955.96,East,Credit Card
2037,2023-10-08,CUST_00194,Female,39,Beauty,Hair Oil,2,88.27,176.54,East,Debit Card
4657,2023-10-08,CUST_00792,Female,48,Electronics,Laptop,3,619.84,1859.52,North,UPI
9993,2023-10-08,CUST_00745,Female,31,Clothing,Hoodie,4,122.63,490.52,West,Cash
3401,2023-10-08,CUST_01236,Male,35,Home & Kitchen,Storage Container,4,19.14,76.56,South,Cash
5253,2023-10-08,CUST_00676,Female,58,Electronics,Tablet,2,728.9,1457.8,West,UPI
7874,2023-10-08,CUST_01895,Female,60,Food,Dark Chocolate,3,4.76,14.28,South,Credit Card
6004,2023-10-08,CUST_00566,Male,48,Clothing,Jacket,1,37.34,37.34,North,Credit Card
4717,2023-10-08,CUST_00191,Female,50,Electronics,Power Bank,1,787.63,787.63,South,Debit Card
8445,2023-10-08,CUST_01366,Female,50,Beauty,Foundation,1,88.95,88.95,North,Cash
2309,2023-10-08,CUST_01199,Male,56,Beauty,Hair Oil,4,118.89,475.56,East,Debit Card
10566,2023-10-08,CUST_01899,Male,36,Beauty,Hair Oil,3,105.44,316.32,East,Credit Card
3438,2023-10-08,CUST_00171,Male,24,Electronics,USB Cable,1,779.26,779.26,South,Credit Card
10006,2023-10-08,CUST_01610,Female,55,Home & Kitchen,Knife Set,5,219.05,1095.25,East,Debit Card
5611,2023-10-08,CUST_01008,Female,49,Electronics,Laptop,4,245.26,981.04,West,Debit Card
5116,2023-10-09,CUST_00186,Female,22,Sports,Skipping Rope,3,67.49,202.47,East,Cash
2504,2023-10-09,CUST_01781,Male,19,Clothing,Dress,2,129.93,259.86,East,Cash
1395,2023-10-09,CUST_01609,Male,35,Electronics,Tablet,2,729.01,1458.02,West,Credit Card
10460,2023-10-09,CUST_01306,Female,66,Home & Kitchen,Storage Container,6,77.25,463.5,North,Credit Card
6561,2023-10-09,CUST_00762,Female,46,Home & Kitchen,Knife Set,2,186.72,373.44,North,Cash
1908,2023-10-09,CUST_01907,Female,57,Food,Dark Chocolate,1,31.56,31.56,South,Credit Card
5092,2023-10-09,CUST_00380,Female,59,Sports,Dumbbells,1,108.66,108.66,North,Debit Card
5993,2023-10-09,CUST_01341,Female,32,Food,Peanut Butter,5,37.71,188.55,West,Debit Card
5932,2023-10-09,CUST_00229,Female,36,Clothing,Jacket,6,90.37,542.22,North,Debit Card
4441,2023-10-09,CUST_01635,Female,39,Clothing,Formal Shirt,1,59.21,59.21,South,Credit Card
8787,2023-10-09,CUST_01688,Male,18,Clothing,Shorts,3,29.51,88.53,North,UPI
4758,2023-10-09,CUST_00232,Female,25,Beauty,Eye Shadow,1,24.46,24.46,South,UPI
9820,2023-10-09,CUST_01863,Female,44,Home & Kitchen,Table Lamp,1,177.12,177.12,South,Credit Card
1181,2023-10-09,CUST_01677,Male,33,Clothing,Dress,2,19.79,39.58,East,Debit Card
5751,2023-10-09,CUST_01803,Male,63,Food,Olive Oil,5,18.75,93.75,West,Debit Card
8777,2023-10-09,CUST_01205,Male,47,Home & Kitchen,Table Lamp,1,36.54,36.54,North,Debit Card
1769,2023-10-09,CUST_00180,Male,21,Beauty,Hair Oil,3,29.08,87.24,South,Debit Card
6378,2023-10-09,CUST_00390,Female,49,Clothing,Sneakers,5,73.32,366.6,East,Credit Card
6807,2023-10-09,CUST_00087,Female,68,Home & Kitchen,Bedsheet,1,17.06,17.06,East,UPI
2182,2023-10-09,CUST_01125,Female,27,Beauty,Foundation,1,13.13,13.13,North,Debit Card
6946,2023-10-09,CUST_01576,Male,38,Sports,Yoga Mat,1,43.03,43.03,West,Credit Card
5941,2023-10-09,CUST_01583,Female,58,Beauty,Eye Shadow,7,109.3,765.1,East,Debit Card
8670,2023-10-10,CUST_01247,Female,18,Electronics,Smartphone,1,130.6,130.6,West,UPI
6628,2023-10-10,CUST_01866,Female,70,Beauty,Moisturizer,1,82.66,82.66,North,UPI
3369,2023-10-10,CUST_00541,Male,31,Electronics,USB Cable,5,36.91,184.55,South,Debit Card
4544,2023-10-10,CUST_00323,Female,36,Electronics,Headphones,6,706.87,4241.22,East,Debit Card
5141,2023-10-10,CUST_00786,Female,60,Sports,Football,3,145.9,437.7,South,UPI
5854,2023-10-10,CUST_00164,Female,33,Beauty,Eye Shadow,1,42.42,42.42,West,UPI
9271,2023-10-10,CUST_00953,Female,65,Food,Protein Bar,3,21.0,63.0,East,Debit Card
4721,2023-10-10,CUST_00519,Male,26,Beauty,Face Wash,2,106.33,212.66,North,Debit Card
3450,2023-10-10,CUST_00883,Male,25,Clothing,Dress,2,66.75,133.5,East,Debit Card
9831,2023-10-10,CUST_00462,Female,28,Clothing,Jeans,2,80.15,160.3,South,Credit Card
8481,2023-10-10,CUST_00743,Female,23,Beauty,Foundation,2,70.19,140.38,South,Debit Card
6280,2023-10-10,CUST_01492,Male,36,Home & Kitchen,Table Lamp,2,208.46,416.92,West,Cash
5887,2023-10-10,CUST_00890,Male,50,Food,Green Tea,1,36.93,36.93,West,Credit Card
10598,2023-10-10,CUST_00004,Male,34,Food,Protein Bar,1,6.59,6.59,East,UPI
6129,2023-10-10,CUST_00995,Female,67,Home & Kitchen,Knife Set,1,132.18,132.18,West,Credit Card
9579,2023-10-11,CUST_00563,Female,59,Food,Granola,1,12.67,12.67,West,UPI
3962,2023-10-11,CUST_01974,Female,33,Food,Protein Bar,1,24.28,24.28,East,Cash
3754,2023-10-11,CUST_01624,Male,22,Clothing,Shorts,3,40.45,121.35,North,Cash
7734,2023-10-11,CUST_01546,Female,33,Beauty,Lipstick,4,10.14,40.56,North,UPI
5693,2023-10-11,CUST_00210,Male,56,Food,Dark Chocolate,4,34.99,139.96,North,Credit Card
5721,2023-10-11,CUST_00367,Female,18,Home & Kitchen,Wall Clock,1,30.85,30.85,North,Credit Card
8699,2023-10-11,CUST_00167,Male,37,Home & Kitchen,Bedsheet,3,117.99,353.97,East,Credit Card
10751,2023-10-11,CUST_01072,Male,23,Home & Kitchen,Cookware Set,7,203.83,1426.81,North,Cash
4773,2023-10-11,CUST_00667,Female,19,Home & Kitchen,Bedsheet,1,90.68,90.68,East,Credit Card
4695,2023-10-11,CUST_01714,Female,46,Electronics,Smartphone,1,757.8,757.8,East,Credit Card
3310,2023-10-11,CUST_01713,Male,23,Sports,Skipping Rope,6,103.07,618.42,East,Cash
7663,2023-10-12,CUST_01243,Female,37,Electronics,Laptop,3,504.3,1512.9,South,Debit Card
10705,2023-10-12,CUST_01518,Female,26,Food,Peanut Butter,1,17.46,17.46,South,UPI
7671,2023-10-12,CUST_01281,Male,59,Beauty,Foundation,3,15.39,46.17,South,Debit Card
10542,2023-10-12,CUST_01040,Male,18,Beauty,Sunscreen,2,13.53,27.06,West,Debit Card
2193,2023-10-12,CUST_01154,Female,66,Sports,Resistance Band,6,183.11,1098.66,South,Credit Card
7999,2023-10-12,CUST_01185,Male,53,Beauty,Lipstick,2,43.79,87.58,West,Debit Card
8868,2023-10-12,CUST_00856,Female,20,Electronics,Tablet,7,253.82,1776.74,North,UPI
4918,2023-10-12,CUST_01433,Male,61,Food,Protein Bar,3,38.8,116.4,North,UPI
2681,2023-10-12,CUST_00139,Female,19,Electronics,USB Cable,5,788.61,3943.05,North,Credit Card
1594,2023-10-12,CUST_00051,Female,51,Beauty,Lipstick,2,47.89,95.78,North,Cash
3396,2023-10-12,CUST_00434,Female,21,Sports,Football,2,72.51,145.02,North,Debit Card
9039,2023-10-12,CUST_00451,Male,70,Beauty,Perfume,1,63.57,63.57,South,UPI
1784,2023-10-12,CUST_00232,Female,25,Sports,Running Shoes,2,86.78,173.56,South,Credit Card
5289,2023-10-12,CUST_00568,Male,41,Home & Kitchen,Knife Set,1,41.06,41.06,West,UPI
4048,2023-10-12,CUST_00205,Male,22,Electronics,Smartphone,6,134.0,804.0,West,Credit Card
1827,2023-10-12,CUST_01405,Male,66,Home & Kitchen,Blender,3,201.36,604.08,East,Credit Card
2347,2023-10-12,CUST_01778,Female,52,Home & Kitchen,Blender,2,44.71,89.42,North,Cash
5770,2023-10-12,CUST_01674,Male,42,Food,Granola,1,4.35,4.35,East,Debit Card
9814,2023-10-12,CUST_01172,Female,53,Home & Kitchen,Blender,3,204.82,614.46,South,Cash
10543,2023-10-13,CUST_01404,Male,49,Beauty,Eye Shadow,2,108.28,216.56,North,Cash
6372,2023-10-13,CUST_01765,Male,19,Beauty,Moisturizer,1,9.03,9.03,East,UPI
3713,2023-10-13,CUST_01104,Male,54,Electronics,Tablet,2,324.8,649.6,West,Credit Card
7460,2023-10-13,CUST_00252,Female,38,Electronics,Smart Watch,3,791.78,2375.34,South,Credit Card
10031,2023-10-13,CUST_00824,Female,70,Home & Kitchen,Bedsheet,2,74.39,148.78,North,Credit Card
2142,2023-10-13,CUST_01885,Male,38,Food,Dark Chocolate,2,35.76,71.52,North,UPI
3454,2023-10-13,CUST_01069,Female,27,Beauty,Moisturizer,2,29.68,59.36,East,Debit Card
9598,2023-10-13,CUST_00713,Female,44,Home & Kitchen,Storage Container,7,82.78,579.46,South,Credit Card
3158,2023-10-13,CUST_00485,Female,67,Food,Organic Honey,2,13.76,27.52,North,Credit Card
6060,2023-10-13,CUST_00642,Male,35,Beauty,Sunscreen,2,41.18,82.36,East,UPI
1570,2023-10-13,CUST_01421,Female,32,Home & Kitchen,Storage Container,1,143.81,143.81,West,Debit Card
2632,2023-10-13,CUST_01595,Male,44,Home & Kitchen,Wall Clock,1,168.57,168.57,East,UPI
10352,2023-10-13,CUST_01670,Female,19,Electronics,Tablet,1,548.14,548.14,South,Cash
4808,2023-10-13,CUST_00198,Female,53,Food,Granola,7,8.6,60.2,North,Credit Card
1828,2023-10-13,CUST_01576,Male,38,Home & Kitchen,Table Lamp,2,91.0,182.0,West,Debit Card
6447,2023-10-13,CUST_00570,Female,26,Beauty,Moisturizer,3,14.04,42.12,South,Debit Card
3017,2023-10-13,CUST_01244,Female,44,Home & Kitchen,Knife Set,1,37.84,37.84,East,Debit Card
6405,2023-10-13,CUST_01928,Female,64,Home & Kitchen,Table Lamp,1,80.55,80.55,West,UPI
10956,2023-10-14,CUST_01528,Female,42,Home & Kitchen,Pillow,4,131.61,526.44,North,Cash
1196,2023-10-14,CUST_01248,Female,41,Electronics,Smart Watch,2,235.71,471.42,North,Credit Card
1715,2023-10-14,CUST_00595,Male,20,Electronics,Bluetooth Speaker,4,584.23,2336.92,South,Cash
3036,2023-10-14,CUST_00910,Female,68,Food,Green Tea,2,32.84,65.68,East,UPI
9225,2023-10-14,CUST_01065,Male,68,Home & Kitchen,Bedsheet,1,194.87,194.87,West,Credit Card
10493,2023-10-14,CUST_01702,Female,68,Food,Peanut Butter,2,25.8,51.6,East,UPI
5437,2023-10-14,CUST_00850,Female,30,Beauty,Eye Shadow,1,94.96,94.96,North,Debit Card
2805,2023-10-14,CUST_01232,Male,49,Beauty,Sunscreen,5,39.33,196.65,North,UPI
3551,2023-10-14,CUST_00490,Male,69,Food,Green Tea,3,34.74,104.22,North,Credit Card
5738,2023-10-14,CUST_01581,Female,43,Home & Kitchen,Pillow,1,160.72,160.72,North,UPI
10312,2023-10-14,CUST_01574,Female,19,Clothing,Jeans,2,144.46,288.92,North,Cash
6644,2023-10-14,CUST_00090,Male,53,Sports,Football,4,198.36,793.44,South,Cash
4821,2023-10-15,CUST_00942,Male,67,Home & Kitchen,Table Lamp,5,143.31,716.55,South,Debit Card
2288,2023-10-15,CUST_01201,Female,21,Sports,Cricket Bat,2,148.99,297.98,North,Credit Card
7271,2023-10-15,CUST_01887,Male,50,Food,Mixed Nuts,5,34.49,172.45,West,Credit Card
7214,2023-10-15,CUST_01642,Female,59,Home & Kitchen,Wall Clock,1,154.64,154.64,South,Debit Card
2056,2023-10-15,CUST_01032,Male,67,Food,Protein Bar,5,11.97,59.85,South,UPI
7297,2023-10-15,CUST_01950,Female,25,Electronics,Headphones,1,207.58,207.58,North,Debit Card
4634,2023-10-15,CUST_01382,Male,42,Electronics,Smartphone,3,793.94,2381.82,West,UPI
2100,2023-10-15,CUST_01492,Male,36,Home & Kitchen,Pillow,4,15.83,63.32,West,UPI
8538,2023-10-15,CUST_01187,Female,43,Sports,Resistance Band,1,90.14,90.14,North,Debit Card
9413,2023-10-15,CUST_01312,Female,70,Home & Kitchen,Table Lamp,2,248.24,496.48,West,Credit Card
10310,2023-10-15,CUST_01706,Female,63,Home & Kitchen,Cookware Set,2,128.07,256.14,South,UPI
4306,2023-10-15,CUST_00697,Male,31,Clothing,T-Shirt,1,133.61,133.61,West,Cash
1565,2023-10-15,CUST_01886,Female,59,Beauty,Perfume,1,95.23,95.23,West,Credit Card
8005,2023-10-15,CUST_01385,Female,26,Electronics,Smart Watch,1,787.75,787.75,South,Debit Card
9870,2023-10-15,CUST_01488,Female,40,Electronics,Laptop,4,764.11,3056.44,North,Debit Card
1429,2023-10-15,CUST_00577,Female,39,Electronics,Bluetooth Speaker,5,412.68,2063.4,South,Credit Card
7688,2023-10-16,CUST_01993,Male,52,Food,Mixed Nuts,1,12.04,12.04,West,UPI
2523,2023-10-16,CUST_00114,Female,46,Beauty,Face Wash,1,100.18,100.18,East,Cash
3163,2023-10-16,CUST_00316,Male,70,Clothing,Sneakers,2,99.23,198.46,South,Debit Card
7412,2023-10-16,CUST_01810,Female,31,Home & Kitchen,Cookware Set,4,129.61,518.44,South,Cash
8335,2023-10-16,CUST_01498,Female,32,Home & Kitchen,Table Lamp,1,193.25,193.25,East,UPI
10820,2023-10-16,CUST_01248,Female,41,Home & Kitchen,Bedsheet,2,137.25,274.5,North,UPI
5936,2023-10-16,CUST_00014,Male,49,Home & Kitchen,Pillow,5,37.32,186.6,North,Debit Card
3870,2023-10-16,CUST_00249,Female,21,Clothing,Formal Shirt,4,56.2,224.8,East,Credit Card
4014,2023-10-16,CUST_00172,Female,36,Food,Granola,1,26.02,26.02,East,Credit Card
6654,2023-10-16,CUST_01441,Male,27,Electronics,Headphones,3,508.19,1524.57,North,Cash
10709,2023-10-16,CUST_01924,Male,59,Home & Kitchen,Bedsheet,2,184.83,369.66,North,UPI
5843,2023-10-16,CUST_01756,Male,41,Clothing,Hoodie,2,19.96,39.92,North,Credit Card
7101,2023-10-16,CUST_01843,Male,39,Food,Granola,1,33.87,33.87,West,Credit Card
4188,2023-10-17,CUST_01191,Male,42,Beauty,Moisturizer,4,82.85,331.4,North,Credit Card
10981,2023-10-17,CUST_00027,Male,65,Sports,Water Bottle,1,88.91,88.91,South,Cash
6702,2023-10-17,CUST_01113,Female,35,Home & Kitchen,Wall Clock,5,137.45,687.25,South,Cash
5346,2023-10-17,CUST_00910,Female,68,Beauty,Hair Oil,1,32.64,32.64,East,Debit Card
2561,2023-10-17,CUST_01249,Female,43,Home & Kitchen,Storage Container,4,124.2,496.8,North,Credit Card
6417,2023-10-17,CUST_00877,Female,18,Electronics,Power Bank,1,51.16,51.16,South,Credit Card
2803,2023-10-17,CUST_01061,Male,18,Home & Kitchen,Pillow,1,221.21,221.21,South,Cash
9031,2023-10-17,CUST_00410,Male,22,Clothing,Dress,1,50.36,50.36,North,UPI
8821,2023-10-17,CUST_01983,Female,19,Beauty,Eye Shadow,3,28.47,85.41,East,Credit Card
6732,2023-10-17,CUST_00767,Female,33,Home & Kitchen,Pillow,6,103.89,623.34,East,UPI
1496,2023-10-17,CUST_01407,Female,40,Sports,Running Shoes,2,118.82,237.64,West,Credit Card
4195,2023-10-17,CUST_01045,Female,58,Home & Kitchen,Knife Set,2,61.8,123.6,East,Cash
4228,2023-10-17,CUST_01396,Male,45,Clothing,Hoodie,4,135.15,540.6,South,UPI
4487,2023-10-18,CUST_01941,Male,35,Electronics,USB Cable,1,551.41,551.41,West,UPI
4866,2023-10-18,CUST_00333,Female,45,Clothing,Jeans,1,35.55,35.55,East,Debit Card
10147,2023-10-18,CUST_01000,Male,52,Home & Kitchen,Pillow,1,177.27,177.27,South,UPI
3344,2023-10-18,CUST_00433,Female,69,Beauty,Face Wash,3,49.7,149.1,West,Credit Card
2604,2023-10-18,CUST_00878,Male,42,Home & Kitchen,Table Lamp,4,149.86,599.44,West,UPI
2069,2023-10-18,CUST_00555,Female,67,Home & Kitchen,Cookware Set,1,94.33,94.33,North,Cash
2899,2023-10-18,CUST_00665,Male,41,Beauty,Sunscreen,1,50.72,50.72,North,Credit Card
2924,2023-10-18,CUST_00231,Male,47,Clothing,Hoodie,2,29.45,58.9,North,UPI
7032,2023-10-18,CUST_01207,Female,62,Food,Green Tea,2,16.91,33.82,South,Credit Card
8704,2023-10-18,CUST_01509,Male,68,Clothing,Sneakers,3,85.9,257.7,North,UPI
4857,2023-10-18,CUST_00770,Female,22,Electronics,Smartphone,1,429.38,429.38,East,Debit Card
7698,2023-10-18,CUST_01889,Female,50,Home & Kitchen,Wall Clock,2,247.04,494.08,South,Cash
5259,2023-10-18,CUST_00391,Male,70,Beauty,Face Wash,1,33.8,33.8,West,UPI
5867,2023-10-18,CUST_01883,Female,70,Food,Olive Oil,1,20.58,20.58,East,Cash
10589,2023-10-18,CUST_01913,Female,24,Home & Kitchen,Knife Set,1,87.25,87.25,East,Credit Card
8525,2023-10-18,CUST_00979,Male,64,Beauty,Lipstick,2,100.59,201.18,West,Credit Card
4538,2023-10-18,CUST_01659,Female,23,Home & Kitchen,Knife Set,1,84.27,84.27,South,Debit Card
5474,2023-10-18,CUST_00742,Male,33,Home & Kitchen,Cookware Set,2,222.9,445.8,North,UPI
7781,2023-10-18,CUST_00245,Female,50,Clothing,Jacket,4,84.72,338.88,North,Debit Card
9729,2023-10-18,CUST_00405,Male,33,Home & Kitchen,Storage Container,1,28.58,28.58,East,Debit Card
6597,2023-10-18,CUST_01798,Male,18,Home & Kitchen,Pillow,1,248.57,248.57,East,Debit Card
1966,2023-10-18,CUST_01748,Female,24,Clothing,Shorts,7,95.08,665.56,East,UPI
1331,2023-10-18,CUST_01485,Female,32,Electronics,Tablet,2,750.12,1500.24,North,Credit Card
6224,2023-10-18,CUST_00741,Female,18,Sports,Resistance Band,2,30.64,61.28,West,Credit Card
8270,2023-10-18,CUST_01976,Male,48,Electronics,Smart Watch,3,368.13,1104.39,East,Debit Card
1661,2023-10-18,CUST_00133,Female,34,Sports,Skipping Rope,2,125.16,250.32,South,Credit Card
5488,2023-10-18,CUST_00835,Male,49,Clothing,Jeans,1,75.03,75.03,North,Credit Card
5154,2023-10-19,CUST_00459,Male,27,Sports,Resistance Band,2,131.62,263.24,South,UPI
7367,2023-10-19,CUST_00612,Male,52,Home & Kitchen,Storage Container,2,217.73,435.46,East,Credit Card
9818,2023-10-19,CUST_00531,Female,45,Electronics,Bluetooth Speaker,2,626.66,1253.32,South,Debit Card
5957,2023-10-19,CUST_00086,Male,57,Home & Kitchen,Blender,1,171.23,171.23,East,Debit Card
3820,2023-10-19,CUST_01513,Male,39,Electronics,Bluetooth Speaker,1,223.06,223.06,North,Credit Card
8095,2023-10-19,CUST_01348,Male,62,Electronics,Bluetooth Speaker,3,392.28,1176.84,East,Credit Card
5692,2023-10-19,CUST_00762,Female,46,Electronics,Tablet,1,471.45,471.45,North,UPI
8019,2023-10-19,CUST_00518,Female,30,Electronics,Tablet,5,301.26,1506.3,East,UPI
3846,2023-10-19,CUST_01456,Male,53,Electronics,Smartphone,4,563.24,2252.96,West,Credit Card
4187,2023-10-19,CUST_00556,Female,53,Electronics,Smart Watch,2,157.89,315.78,West,Cash
1064,2023-10-19,CUST_01347,Female,40,Home & Kitchen,Storage Container,4,114.09,456.36,West,UPI
7080,2023-10-19,CUST_00973,Female,47,Electronics,Smartphone,6,20.86,125.16,West,Cash
7566,2023-10-19,CUST_00794,Male,61,Home & Kitchen,Cookware Set,4,138.51,554.04,East,UPI
8665,2023-10-19,CUST_00164,Female,33,Home & Kitchen,Blender,1,156.39,156.39,West,Credit Card
6883,2023-10-20,CUST_01790,Male,68,Food,Granola,3,6.04,18.12,West,Credit Card
1546,2023-10-20,CUST_00585,Male,48,Clothing,Jacket,3,72.64,217.92,East,Cash
8869,2023-10-20,CUST_00729,Female,53,Sports,Resistance Band,2,174.09,348.18,East,Credit Card
5233,2023-10-20,CUST_01668,Male,58,Clothing,T-Shirt,7,33.15,232.05,West,Credit Card
7888,2023-10-20,CUST_01755,Male,67,Clothing,Formal Shirt,2,32.08,64.16,East,Credit Card
3524,2023-10-20,CUST_01439,Male,61,Food,Organic Honey,2,26.82,53.64,South,Debit Card
1079,2023-10-20,CUST_00375,Male,28,Beauty,Perfume,1,80.65,80.65,North,Cash
3148,2023-10-20,CUST_00491,Female,38,Food,Protein Bar,1,35.83,35.83,North,Cash
3850,2023-10-20,CUST_01246,Female,27,Clothing,Sneakers,1,102.59,102.59,North,Credit Card
1735,2023-10-20,CUST_00250,Male,47,Sports,Skipping Rope,4,183.71,734.84,South,Credit Card
5404,2023-10-20,CUST_01715,Male,46,Food,Olive Oil,3,5.86,17.58,South,UPI
5478,2023-10-20,CUST_01516,Male,20,Electronics,Smart Watch,2,265.08,530.16,West,Debit Card
3579,2023-10-20,CUST_00065,Female,41,Food,Olive Oil,1,21.62,21.62,East,Credit Card
2654,2023-10-21,CUST_00319,Male,26,Sports,Water Bottle,2,143.58,287.16,South,Cash
4414,2023-10-21,CUST_00064,Male,37,Electronics,Tablet,4,92.95,371.8,South,Credit Card
7324,2023-10-21,CUST_01088,Male,68,Food,Protein Bar,4,25.09,100.36,South,Cash
7956,2023-10-21,CUST_01020,Male,55,Clothing,Hoodie,3,50.66,151.98,East,UPI
3617,2023-10-21,CUST_01412,Female,63,Clothing,Dress,7,115.49,808.43,North,Cash
2379,2023-10-21,CUST_00757,Female,31,Electronics,Headphones,1,644.84,644.84,East,Debit Card
6470,2023-10-21,CUST_00135,Male,22,Electronics,Power Bank,3,321.98,965.94,South,Debit Card
3646,2023-10-21,CUST_01357,Male,45,Food,Protein Bar,2,28.03,56.06,North,UPI
10470,2023-10-21,CUST_01331,Male,18,Food,Green Tea,6,38.12,228.72,North,UPI
5030,2023-10-21,CUST_01936,Male,18,Home & Kitchen,Bedsheet,3,47.86,143.58,South,Debit Card
8939,2023-10-21,CUST_01677,Male,33,Food,Olive Oil,3,15.67,47.01,East,Cash
1294,2023-10-21,CUST_01417,Male,20,Electronics,Smartphone,2,428.68,857.36,North,UPI
4817,2023-10-21,CUST_00343,Male,53,Food,Green Tea,2,6.25,12.5,West,Credit Card
9227,2023-10-21,CUST_01512,Female,22,Home & Kitchen,Blender,1,185.92,185.92,West,Debit Card
1269,2023-10-21,CUST_01801,Male,52,Home & Kitchen,Knife Set,4,15.36,61.44,East,Credit Card
6595,2023-10-21,CUST_01364,Male,20,Beauty,Hair Oil,4,40.32,161.28,East,Debit Card
3282,2023-10-22,CUST_01213,Male,54,Food,Dark Chocolate,2,3.95,7.9,North,Debit Card
7968,2023-10-22,CUST_00716,Female,38,Clothing,Dress,5,71.28,356.4,West,Credit Card
2968,2023-10-22,CUST_00997,Male,70,Home & Kitchen,Cookware Set,4,105.99,423.96,South,Debit Card
4583,2023-10-22,CUST_00364,Female,57,Electronics,Smartphone,4,280.0,1120.0,North,Cash
7142,2023-10-22,CUST_01747,Male,54,Clothing,Hoodie,5,10.77,53.85,West,UPI
6826,2023-10-22,CUST_01774,Male,38,Electronics,Headphones,2,726.66,1453.32,South,UPI
7311,2023-10-22,CUST_00588,Male,62,Clothing,Hoodie,1,145.01,145.01,West,Credit Card
3348,2023-10-22,CUST_01805,Female,44,Home & Kitchen,Table Lamp,5,13.99,69.95,North,Debit Card
6829,2023-10-22,CUST_00331,Female,31,Food,Green Tea,2,21.77,43.54,West,UPI
1995,2023-10-22,CUST_01126,Male,43,Sports,Running Shoes,7,144.85,1013.95,South,Debit Card
5007,2023-10-22,CUST_00697,Male,31,Beauty,Perfume,5,45.1,225.5,West,Debit Card
1838,2023-10-23,CUST_01027,Male,49,Electronics,Smartphone,1,477.71,477.71,South,Cash
8941,2023-10-23,CUST_01253,Female,25,Sports,Cricket Bat,2,60.44,120.88,South,Debit Card
5879,2023-10-23,CUST_00388,Female,42,Food,Green Tea,1,31.87,31.87,East,Debit Card
4822,2023-10-23,CUST_00450,Female,53,Home & Kitchen,Cookware Set,3,183.32,549.96,West,Cash
9006,2023-10-23,CUST_01846,Male,18,Electronics,Headphones,3,112.42,337.26,East,Cash
1658,2023-10-23,CUST_00535,Male,41,Sports,Skipping Rope,5,165.4,827.0,West,UPI
8405,2023-10-23,CUST_01909,Female,29,Beauty,Lipstick,1,83.53,83.53,East,Credit Card
6188,2023-10-23,CUST_00339,Female,57,Food,Peanut Butter,2,38.29,76.58,South,Cash
5944,2023-10-23,CUST_01949,Female,68,Home & Kitchen,Pillow,1,237.26,237.26,East,UPI
8314,2023-10-23,CUST_00670,Male,32,Electronics,Headphones,4,407.69,1630.76,South,Credit Card
10490,2023-10-23,CUST_01138,Female,66,Home & Kitchen,Bedsheet,2,249.71,499.42,West,Debit Card
1139,2023-10-23,CUST_00352,Male,68,Electronics,USB Cable,2,274.98,549.96,North,Debit Card
10533,2023-10-23,CUST_01263,Male,70,Clothing,Hoodie,2,44.9,89.8,North,Credit Card
6582,2023-10-23,CUST_00110,Female,64,Food,Green Tea,3,25.9,77.7,East,Credit Card
5671,2023-10-23,CUST_00642,Male,35,Home & Kitchen,Pillow,2,209.88,419.76,East,UPI
9166,2023-10-23,CUST_00383,Male,23,Home & Kitchen,Cookware Set,2,120.09,240.18,West,UPI
9190,2023-10-24,CUST_00578,Female,48,Home & Kitchen,Table Lamp,7,240.93,1686.51,South,Debit Card
9901,2023-10-24,CUST_00812,Female,47,Beauty,Face Wash,1,21.2,21.2,North,Credit Card
10819,2023-10-24,CUST_01257,Female,56,Home & Kitchen,Table Lamp,2,101.76,203.52,North,Cash
9268,2023-10-24,CUST_01771,Female,35,Home & Kitchen,Knife Set,4,165.3,661.2,East,UPI
7278,2023-10-24,CUST_01894,Female,59,Home & Kitchen,Bedsheet,2,231.38,462.76,South,Credit Card
10781,2023-10-24,CUST_01500,Male,27,Electronics,USB Cable,3,132.08,396.24,South,Credit Card
3407,2023-10-24,CUST_01287,Male,35,Home & Kitchen,Pillow,1,92.13,92.13,East,Credit Card
1608,2023-10-24,CUST_01319,Male,60,Home & Kitchen,Bedsheet,1,222.51,222.51,East,Credit Card
8299,2023-10-24,CUST_00386,Male,61,Food,Dark Chocolate,2,12.37,24.74,West,Debit Card
5227,2023-10-24,CUST_00888,Male,42,Home & Kitchen,Blender,3,48.91,146.73,North,Credit Card
10033,2023-10-24,CUST_01614,Male,24,Home & Kitchen,Knife Set,2,148.43,296.86,South,Credit Card
8071,2023-10-24,CUST_01892,Male,39,Clothing,Shorts,3,82.99,248.97,South,Credit Card
3741,2023-10-25,CUST_00426,Male,19,Clothing,Jeans,3,144.67,434.01,North,UPI
10883,2023-10-25,CUST_00832,Male,36,Clothing,Jeans,5,79.62,398.1,West,Credit Card
7224,2023-10-25,CUST_01169,Male,37,Sports,Resistance Band,1,79.61,79.61,South,Cash
1024,2023-10-25,CUST_01555,Male,52,Electronics,Laptop,2,43.88,87.76,East,UPI
7557,2023-10-25,CUST_01886,Female,59,Clothing,Jeans,5,90.7,453.5,West,UPI
7218,2023-10-25,CUST_01647,Female,50,Beauty,Moisturizer,3,106.35,319.05,West,Debit Card
2486,2023-10-25,CUST_00212,Female,51,Food,Organic Honey,5,16.85,84.25,West,Debit Card
6107,2023-10-25,CUST_01481,Male,65,Food,Organic Honey,1,36.78,36.78,South,Credit Card
7603,2023-10-25,CUST_00412,Female,39,Home & Kitchen,Bedsheet,2,110.82,221.64,South,Credit Card
7837,2023-10-25,CUST_00323,Female,36,Beauty,Eye Shadow,1,15.57,15.57,East,Cash
6457,2023-10-25,CUST_00634,Female,67,Electronics,Smartphone,4,734.1,2936.4,East,Debit Card
8712,2023-10-25,CUST_01538,Male,51,Food,Dark Chocolate,1,11.88,11.88,South,UPI
7529,2023-10-25,CUST_01872,Female,40,Electronics,Smart Watch,1,319.33,319.33,West,Debit Card
2739,2023-10-26,CUST_01933,Female,67,Home & Kitchen,Wall Clock,1,29.93,29.93,West,Debit Card
4381,2023-10-26,CUST_01404,Male,49,Clothing,Jeans,1,65.33,65.33,North,UPI
10848,2023-10-26,CUST_00253,Female,55,Food,Peanut Butter,2,37.49,74.98,West,UPI
2908,2023-10-26,CUST_01086,Male,50,Clothing,Jeans,3,56.15,168.45,East,Credit Card
7308,2023-10-26,CUST_00568,Male,41,Food,Mixed Nuts,1,28.32,28.32,West,Cash
6240,2023-10-26,CUST_01520,Female,42,Sports,Yoga Mat,5,176.55,882.75,West,Debit Card
10236,2023-10-26,CUST_01460,Female,34,Food,Granola,4,22.88,91.52,West,UPI
2914,2023-10-26,CUST_01867,Female,48,Home & Kitchen,Storage Container,2,102.69,205.38,West,Debit Card
8426,2023-10-26,CUST_00532,Female,65,Food,Peanut Butter,1,35.35,35.35,West,Debit Card
1224,2023-10-26,CUST_01543,Male,36,Food,Protein Bar,5,4.87,24.35,South,Credit Card
2695,2023-10-26,CUST_01633,Male,39,Home & Kitchen,Bedsheet,3,96.8,290.4,West,Debit Card
10012,2023-10-26,CUST_00261,Female,36,Food,Green Tea,2,26.34,52.68,North,Credit Card
8464,2023-10-26,CUST_01692,Male,34,Home & Kitchen,Storage Container,1,114.61,114.61,West,UPI
8571,2023-10-26,CUST_01411,Male,40,Food,Protein Bar,1,23.05,23.05,South,UPI
10314,2023-10-26,CUST_00654,Male,60,Electronics,Tablet,1,787.26,787.26,South,Debit Card
3677,2023-10-26,CUST_01872,Female,40,Electronics,Power Bank,3,106.28,318.84,West,Cash
4615,2023-10-26,CUST_01340,Male,53,Home & Kitchen,Wall Clock,3,213.1,639.3,East,UPI
8462,2023-10-26,CUST_01990,Male,69,Home & Kitchen,Storage Container,4,151.31,605.24,West,Credit Card
1161,2023-10-26,CUST_01963,Female,53,Home & Kitchen,Storage Container,3,71.89,215.67,East,Debit Card
1626,2023-10-27,CUST_01409,Female,33,Clothing,T-Shirt,3,11.96,35.88,West,Debit Card
4309,2023-10-27,CUST_01084,Male,26,Home & Kitchen,Knife Set,3,28.86,86.58,North,UPI
5691,2023-10-27,CUST_01603,Female,62,Beauty,Hair Oil,6,118.52,711.12,East,Debit Card
2236,2023-10-27,CUST_00460,Female,53,Beauty,Perfume,3,76.65,229.95,South,Credit Card
8201,2023-10-27,CUST_00205,Male,22,Home & Kitchen,Knife Set,3,182.76,548.28,West,UPI
3652,2023-10-27,CUST_01204,Male,35,Clothing,Jeans,1,35.64,35.64,West,Credit Card
3338,2023-10-27,CUST_00551,Female,58,Electronics,Tablet,2,671.54,1343.08,North,Credit Card
3653,2023-10-27,CUST_01618,Female,29,Food,Granola,6,25.26,151.56,East,Debit Card
8521,2023-10-27,CUST_01668,Male,58,Beauty,Face Wash,2,26.12,52.24,West,Credit Card
10164,2023-10-27,CUST_01419,Female,57,Home & Kitchen,Storage Container,3,215.46,646.38,South,Debit Card
10318,2023-10-27,CUST_01060,Male,32,Clothing,Shorts,1,80.53,80.53,North,Credit Card
6958,2023-10-27,CUST_01072,Male,23,Electronics,USB Cable,4,249.33,997.32,North,UPI
4146,2023-10-27,CUST_01454,Male,53,Beauty,Moisturizer,4,40.25,161.0,North,Debit Card
3949,2023-10-27,CUST_01515,Female,46,Beauty,Foundation,1,7.22,7.22,South,Debit Card
9079,2023-10-27,CUST_00785,Male,49,Clothing,T-Shirt,1,77.22,77.22,West,Credit Card
5604,2023-10-28,CUST_01271,Male,34,Sports,Cricket Bat,4,136.07,544.28,East,Cash
1244,2023-10-28,CUST_00146,Male,30,Sports,Yoga Mat,3,49.45,148.35,South,UPI
4141,2023-10-28,CUST_00536,Male,33,Electronics,Tablet,1,799.6,799.6,West,Cash
1444,2023-10-28,CUST_00612,Male,52,Food,Green Tea,2,5.37,10.74,East,UPI
2348,2023-10-28,CUST_00103,Male,50,Home & Kitchen,Pillow,2,242.94,485.88,North,UPI
9655,2023-10-28,CUST_00918,Female,40,Electronics,USB Cable,6,793.58,4761.48,North,Cash
1623,2023-10-28,CUST_00235,Female,33,Electronics,Laptop,4,410.76,1643.04,North,Debit Card
7579,2023-10-28,CUST_00945,Male,26,Electronics,Bluetooth Speaker,2,183.4,366.8,North,Debit Card
7618,2023-10-28,CUST_00135,Male,22,Clothing,Shorts,3,116.4,349.2,South,Cash
3925,2023-10-28,CUST_00241,Male,26,Beauty,Foundation,4,113.65,454.6,West,UPI
4576,2023-10-28,CUST_00556,Female,53,Electronics,USB Cable,1,298.56,298.56,West,Cash
10075,2023-10-28,CUST_00508,Female,34,Food,Protein Bar,2,31.11,62.22,West,Credit Card
3387,2023-10-28,CUST_00211,Female,55,Sports,Dumbbells,3,44.38,133.14,East,Credit Card
6368,2023-10-28,CUST_00137,Male,28,Beauty,Lipstick,3,56.46,169.38,East,UPI
2841,2023-10-29,CUST_01770,Male,25,Clothing,Sneakers,4,93.56,374.24,East,Credit Card
7687,2023-10-29,CUST_01068,Female,34,Clothing,Dress,4,104.04,416.16,South,Cash
7497,2023-10-29,CUST_00910,Female,68,Beauty,Face Wash,1,31.15,31.15,East,Debit Card
4725,2023-10-29,CUST_00955,Female,42,Clothing,Shorts,1,32.64,32.64,West,Debit Card
1393,2023-10-29,CUST_01992,Male,47,Sports,Resistance Band,4,133.44,533.76,East,UPI
7164,2023-10-29,CUST_01087,Female,28,Food,Green Tea,3,30.87,92.61,West,Debit Card
4307,2023-10-29,CUST_00987,Male,29,Electronics,Smartphone,3,47.39,142.17,East,Credit Card
3840,2023-10-29,CUST_01745,Female,59,Home & Kitchen,Cookware Set,3,63.72,191.16,South,Credit Card
10878,2023-10-29,CUST_00628,Female,38,Electronics,Smart Watch,1,109.37,109.37,East,Debit Card
4599,2023-10-29,CUST_00792,Female,48,Clothing,Dress,2,40.53,81.06,North,Cash
2129,2023-10-29,CUST_00362,Female,70,Home & Kitchen,Cookware Set,5,108.34,541.7,North,UPI
5918,2023-10-29,CUST_01921,Male,65,Sports,Skipping Rope,5,30.02,150.1,North,UPI
3714,2023-10-29,CUST_01946,Male,50,Home & Kitchen,Table Lamp,2,14.72,29.44,North,UPI
6396,2023-10-29,CUST_01580,Female,59,Home & Kitchen,Pillow,3,106.92,320.76,North,UPI
8465,2023-10-30,CUST_01855,Female,33,Food,Dark Chocolate,2,20.96,41.92,North,UPI
2492,2023-10-30,CUST_00414,Female,27,Beauty,Moisturizer,2,38.19,76.38,West,Cash
9879,2023-10-30,CUST_00173,Female,50,Electronics,Bluetooth Speaker,2,392.55,785.1,North,Credit Card
9144,2023-10-30,CUST_01436,Male,54,Sports,Resistance Band,5,151.53,757.65,South,Credit Card
4454,2023-10-30,CUST_00989,Male,35,Food,Olive Oil,3,28.31,84.93,North,UPI
1443,2023-10-30,CUST_00399,Female,67,Food,Olive Oil,2,21.48,42.96,South,Cash
4026,2023-10-30,CUST_01597,Male,37,Beauty,Face Wash,3,108.48,325.44,North,UPI
9548,2023-10-30,CUST_01178,Male,29,Electronics,Headphones,4,479.62,1918.48,West,Credit Card
1871,2023-10-30,CUST_00900,Male,26,Sports,Football,2,178.64,357.28,East,UPI
4863,2023-10-30,CUST_01533,Male,25,Home & Kitchen,Table Lamp,2,183.09,366.18,South,Debit Card
10902,2023-10-30,CUST_01673,Male,37,Electronics,USB Cable,1,616.26,616.26,North,Cash
8366,2023-10-30,CUST_00706,Male,58,Food,Organic Honey,5,15.36,76.8,East,Debit Card
7219,2023-10-30,CUST_00341,Female,67,Beauty,Moisturizer,7,108.67,760.69,North,UPI
9134,2023-10-30,CUST_00541,Male,31,Food,Dark Chocolate,1,38.14,38.14,South,Debit Card
6904,2023-10-31,CUST_00579,Female,42,Electronics,Laptop,5,666.2,3331.0,North,Cash
5739,2023-10-31,CUST_01233,Male,20,Electronics,Headphones,2,498.57,997.14,West,UPI
6776,2023-10-31,CUST_00250,Male,47,Home & Kitchen,Pillow,1,100.6,100.6,South,UPI
7131,2023-10-31,CUST_00151,Male,50,Food,Protein Bar,2,32.96,65.92,East,UPI
10596,2023-10-31,CUST_00747,Female,70,Sports,Football,4,128.53,514.12,West,Debit Card
10384,2023-10-31,CUST_00613,Male,24,Home & Kitchen,Cookware Set,3,219.79,659.37,South,Credit Card
4977,2023-10-31,CUST_00806,Male,42,Sports,Cricket Bat,1,128.75,128.75,North,UPI
9987,2023-10-31,CUST_01020,Male,55,Sports,Running Shoes,4,70.93,283.72,East,Credit Card
1001,2023-10-31,CUST_00140,Female,53,Home & Kitchen,Knife Set,2,66.86,133.72,North,Credit Card
2769,2023-10-31,CUST_00174,Male,27,Electronics,USB Cable,2,615.44,1230.88,North,Debit Card
3490,2023-10-31,CUST_01706,Female,63,Beauty,Moisturizer,2,49.47,98.94,South,UPI
1283,2023-10-31,CUST_01371,Female,42,Home & Kitchen,Cookware Set,2,112.8,225.6,East,Credit Card
3391,2023-10-31,CUST_00927,Female,43,Home & Kitchen,Cookware Set,3,224.88,674.64,South,Cash
1466,2023-10-31,CUST_00243,Female,42,Food,Dark Chocolate,2,39.03,78.06,South,Credit Card
4613,2023-10-31,CUST_01489,Female,43,Electronics,USB Cable,1,403.93,403.93,West,Debit Card
4299,2023-10-31,CUST_00311,Female,27,Clothing,Formal Shirt,3,41.78,125.34,East,UPI
1349,2023-10-31,CUST_01980,Female,59,Home & Kitchen,Table Lamp,1,237.58,237.58,East,Credit Card
10505,2023-11-01,CUST_00503,Male,35,Clothing,Dress,3,57.26,171.78,North,UPI
7307,2023-11-01,CUST_01271,Male,34,Home & Kitchen,Wall Clock,1,67.62,67.62,East,Debit Card
1449,2023-11-01,CUST_00587,Female,23,Sports,Dumbbells,2,125.1,250.2,West,Debit Card
9165,2023-11-01,CUST_01590,Male,57,Beauty,Perfume,3,70.64,211.92,North,Cash
3625,2023-11-01,CUST_00180,Male,21,Electronics,Tablet,1,252.67,252.67,South,UPI
9195,2023-11-01,CUST_01884,Female,50,Home & Kitchen,Knife Set,3,179.67,539.01,South,Credit Card
9204,2023-11-01,CUST_00667,Female,19,Food,Dark Chocolate,5,33.29,166.45,East,Cash
5823,2023-11-01,CUST_00737,Female,21,Electronics,Smartphone,2,771.45,1542.9,West,Cash
1740,2023-11-01,CUST_01861,Female,42,Electronics,Power Bank,1,247.18,247.18,West,Cash
5786,2023-11-01,CUST_01208,Female,47,Home & Kitchen,Cookware Set,3,137.46,412.38,North,UPI
1640,2023-11-01,CUST_00899,Male,21,Food,Dark Chocolate,1,20.45,20.45,East,Credit Card
5610,2023-11-01,CUST_01388,Male,60,Clothing,Jeans,1,28.55,28.55,South,UPI
8006,2023-11-01,CUST_01789,Male,67,Clothing,Sneakers,3,110.42,331.26,South,UPI
6206,2023-11-01,CUST_01329,Female,23,Clothing,Jacket,5,95.66,478.3,North,UPI
1517,2023-11-01,CUST_01087,Female,28,Beauty,Eye Shadow,3,116.46,349.38,West,Credit Card
7083,2023-11-01,CUST_01225,Female,66,Home & Kitchen,Cookware Set,7,211.22,1478.54,West,UPI
6136,2023-11-01,CUST_00541,Male,31,Beauty,Sunscreen,2,45.42,90.84,South,Credit Card
5251,2023-11-01,CUST_01625,Male,23,Beauty,Moisturizer,2,51.85,103.7,North,UPI
8768,2023-11-01,CUST_01901,Male,20,Home & Kitchen,Bedsheet,2,162.46,324.92,North,Credit Card
5837,2023-11-01,CUST_00310,Female,22,Beauty,Face Wash,4,54.32,217.28,East,UPI
7112,2023-11-01,CUST_01818,Male,45,Electronics,Laptop,2,698.0,1396.0,West,UPI
10645,2023-11-01,CUST_01079,Female,70,Home & Kitchen,Pillow,6,154.01,924.06,East,Credit Card
4678,2023-11-02,CUST_01112,Male,40,Electronics,Power Bank,3,424.37,1273.11,North,Credit Card
7235,2023-11-02,CUST_01630,Female,44,Clothing,Sneakers,1,78.74,78.74,South,UPI
6036,2023-11-02,CUST_00648,Female,54,Electronics,Bluetooth Speaker,1,222.58,222.58,North,Credit Card
9215,2023-11-02,CUST_00287,Male,26,Sports,Yoga Mat,2,58.53,117.06,South,Credit Card
8173,2023-11-02,CUST_00255,Female,38,Food,Dark Chocolate,2,19.77,39.54,North,Credit Card
4902,2023-11-02,CUST_00584,Male,38,Clothing,Jacket,3,50.6,151.8,South,Debit Card
10100,2023-11-02,CUST_01370,Male,21,Electronics,Bluetooth Speaker,4,237.56,950.24,West,Debit Card
10395,2023-11-02,CUST_00118,Female,19,Sports,Dumbbells,2,48.83,97.66,South,UPI
6805,2023-11-02,CUST_00788,Male,53,Electronics,USB Cable,1,402.81,402.81,North,Debit Card
10565,2023-11-02,CUST_00283,Male,26,Home & Kitchen,Storage Container,2,195.41,390.82,South,Debit Card
7703,2023-11-02,CUST_01301,Female,51,Beauty,Foundation,1,72.32,72.32,North,UPI
8188,2023-11-02,CUST_01193,Female,56,Home & Kitchen,Blender,4,151.97,607.88,West,Debit Card
2499,2023-11-02,CUST_00515,Male,37,Sports,Cricket Bat,1,187.87,187.87,South,Debit Card
7917,2023-11-02,CUST_00348,Male,57,Beauty,Face Wash,4,69.93,279.72,North,Cash
10444,2023-11-02,CUST_01892,Male,39,Home & Kitchen,Pillow,3,143.4,430.2,South,Cash
9410,2023-11-02,CUST_01495,Female,44,Sports,Dumbbells,2,15.02,30.04,East,UPI
1910,2023-11-02,CUST_00737,Female,21,Clothing,Jacket,4,133.78,535.12,West,Debit Card
3684,2023-11-02,CUST_01105,Male,20,Electronics,Headphones,3,790.15,2370.45,East,Credit Card
2671,2023-11-03,CUST_00491,Female,38,Clothing,Jeans,4,22.65,90.6,North,Debit Card
8945,2023-11-03,CUST_00868,Female,53,Home & Kitchen,Knife Set,2,89.36,178.72,North,Credit Card
4831,2023-11-03,CUST_01114,Female,24,Beauty,Hair Oil,1,112.35,112.35,East,Debit Card
3090,2023-11-03,CUST_01680,Male,53,Home & Kitchen,Bedsheet,2,245.32,490.64,East,UPI
2505,2023-11-03,CUST_00130,Male,44,Beauty,Perfume,2,38.84,77.68,West,UPI
5335,2023-11-03,CUST_01579,Male,62,Beauty,Sunscreen,1,82.66,82.66,South,Debit Card
10274,2023-11-03,CUST_01949,Female,68,Home & Kitchen,Wall Clock,3,174.7,524.1,East,Credit Card
3971,2023-11-03,CUST_01734,Female,62,Food,Dark Chocolate,4,13.31,53.24,East,UPI
10575,2023-11-03,CUST_00681,Female,29,Electronics,Tablet,1,701.07,701.07,North,Debit Card
5852,2023-11-03,CUST_01820,Male,47,Clothing,T-Shirt,6,35.33,211.98,West,UPI
3200,2023-11-03,CUST_00363,Female,70,Sports,Yoga Mat,3,162.47,487.41,North,Credit Card
5164,2023-11-03,CUST_01446,Male,69,Food,Green Tea,1,14.51,14.51,North,UPI
8822,2023-11-03,CUST_00261,Female,36,Electronics,Headphones,6,660.86,3965.16,North,Debit Card
1522,2023-11-03,CUST_00305,Female,64,Sports,Skipping Rope,2,19.95,39.9,East,UPI
10457,2023-11-03,CUST_01474,Male,62,Beauty,Eye Shadow,2,61.14,122.28,West,Debit Card
7305,2023-11-04,CUST_01229,Male,70,Home & Kitchen,Pillow,5,139.41,697.05,East,UPI
5377,2023-11-04,CUST_00914,Male,65,Beauty,Moisturizer,3,95.2,285.6,South,Credit Card
5655,2023-11-04,CUST_01587,Male,30,Clothing,Jacket,4,120.87,483.48,West,UPI
5409,2023-11-04,CUST_00681,Female,29,Electronics,Power Bank,1,121.01,121.01,North,UPI
8029,2023-11-04,CUST_00278,Male,34,Food,Green Tea,3,23.91,71.73,West,Cash
8466,2023-11-04,CUST_00458,Female,45,Home & Kitchen,Bedsheet,2,92.98,185.96,North,Credit Card
2820,2023-11-04,CUST_00747,Female,70,Clothing,T-Shirt,3,65.48,196.44,West,Debit Card
10689,2023-11-04,CUST_01215,Female,37,Electronics,Power Bank,4,254.24,1016.96,East,UPI
9458,2023-11-04,CUST_00707,Female,59,Food,Peanut Butter,2,37.78,75.56,West,UPI
8839,2023-11-04,CUST_00940,Female,61,Food,Green Tea,1,20.33,20.33,West,Debit Card
6756,2023-11-04,CUST_00909,Female,61,Food,Olive Oil,5,13.77,68.85,South,UPI
1956,2023-11-04,CUST_01189,Female,51,Food,Mixed Nuts,4,28.68,114.72,South,UPI
10026,2023-11-04,CUST_00329,Female,41,Clothing,Formal Shirt,7,43.31,303.17,West,Cash
7894,2023-11-04,CUST_00778,Female,56,Food,Peanut Butter,3,34.52,103.56,South,Credit Card
7488,2023-11-04,CUST_00267,Male,57,Home & Kitchen,Cookware Set,5,230.3,1151.5,East,Debit Card
4358,2023-11-04,CUST_00762,Female,46,Beauty,Hair Oil,2,36.32,72.64,North,Cash
8046,2023-11-04,CUST_00367,Female,18,Beauty,Sunscreen,3,57.67,173.01,North,UPI
5871,2023-11-04,CUST_01493,Male,25,Clothing,Formal Shirt,2,122.81,245.62,East,Cash
3336,2023-11-04,CUST_00597,Male,44,Home & Kitchen,Bedsheet,2,12.01,24.02,North,Credit Card
8209,2023-11-04,CUST_01998,Female,53,Food,Dark Chocolate,7,16.38,114.66,South,UPI
5339,2023-11-04,CUST_01405,Male,66,Home & Kitchen,Blender,1,99.79,99.79,East,Cash
2964,2023-11-04,CUST_00816,Female,40,Electronics,Smart Watch,2,657.01,1314.02,North,Credit Card
3975,2023-11-05,CUST_01922,Female,22,Clothing,Shorts,4,107.88,431.52,East,Cash
1252,2023-11-05,CUST_01820,Male,47,Home & Kitchen,Storage Container,1,98.53,98.53,West,UPI
6552,2023-11-05,CUST_00727,Female,20,Clothing,T-Shirt,1,58.41,58.41,East,UPI
3437,2023-11-05,CUST_01411,Male,40,Clothing,Shorts,3,45.17,135.51,South,UPI
10229,2023-11-05,CUST_01957,Female,38,Electronics,Smart Watch,4,601.06,2404.24,West,UPI
4518,2023-11-05,CUST_01534,Female,27,Electronics,Tablet,1,717.15,717.15,North,Debit Card
1747,2023-11-05,CUST_01683,Male,59,Beauty,Moisturizer,7,97.64,683.48,North,Cash
2077,2023-11-05,CUST_00194,Female,39,Clothing,Jacket,1,38.63,38.63,East,Debit Card
10630,2023-11-05,CUST_00777,Female,42,Home & Kitchen,Wall Clock,3,95.67,287.01,West,UPI
4834,2023-11-05,CUST_00538,Male,68,Food,Mixed Nuts,1,32.05,32.05,North,Debit Card
3417,2023-11-05,CUST_01031,Male,24,Clothing,Jeans,1,54.69,54.69,East,UPI
6371,2023-11-05,CUST_00296,Female,31,Sports,Cricket Bat,1,25.76,25.76,East,UPI
7417,2023-11-05,CUST_01892,Male,39,Electronics,Laptop,3,348.11,1044.33,South,Credit Card
3272,2023-11-05,CUST_00283,Male,26,Food,Mixed Nuts,1,4.04,4.04,South,Debit Card
7593,2023-11-05,CUST_01080,Female,69,Food,Protein Bar,3,5.2,15.6,West,Cash
9158,2023-11-05,CUST_00321,Male,46,Home & Kitchen,Storage Container,1,152.37,152.37,North,Credit Card
6199,2023-11-06,CUST_00581,Male,37,Electronics,Power Bank,3,188.89,566.67,South,UPI
10625,2023-11-06,CUST_01215,Female,37,Beauty,Face Wash,4,92.99,371.96,East,UPI
6251,2023-11-06,CUST_00617,Male,37,Beauty,Perfume,1,107.78,107.78,South,UPI
1178,2023-11-06,CUST_01512,Female,22,Beauty,Foundation,2,78.54,157.08,West,Credit Card
5264,2023-11-06,CUST_01459,Female,45,Home & Kitchen,Table Lamp,4,199.41,797.64,West,Credit Card
9735,2023-11-06,CUST_01010,Female,39,Beauty,Eye Shadow,2,46.88,93.76,North,Credit Card
9572,2023-11-06,CUST_00048,Female,51,Electronics,USB Cable,1,73.37,73.37,West,Credit Card
1366,2023-11-06,CUST_00476,Female,32,Home & Kitchen,Cookware Set,4,101.65,406.6,West,Debit Card
3494,2023-11-06,CUST_01797,Female,67,Home & Kitchen,Pillow,2,86.47,172.94,South,Debit Card
8878,2023-11-06,CUST_01173,Male,67,Home & Kitchen,Bedsheet,6,187.67,1126.02,South,Credit Card
10953,2023-11-06,CUST_01820,Male,47,Clothing,Jacket,1,121.87,121.87,West,Debit Card
6416,2023-11-06,CUST_00030,Male,32,Food,Peanut Butter,1,27.37,27.37,North,UPI
7569,2023-11-06,CUST_01827,Male,40,Electronics,Power Bank,3,383.24,1149.72,West,UPI
8268,2023-11-06,CUST_00023,Female,21,Food,Green Tea,3,39.62,118.86,North,Credit Card
10335,2023-11-06,CUST_00025,Female,54,Home & Kitchen,Pillow,4,155.05,620.2,West,UPI
5372,2023-11-06,CUST_00659,Male,54,Sports,Dumbbells,6,190.74,1144.44,South,Credit Card
5895,2023-11-06,CUST_00893,Female,43,Food,Dark Chocolate,2,22.8,45.6,West,Debit Card
3630,2023-11-06,CUST_00109,Male,38,Food,Mixed Nuts,1,38.37,38.37,North,Debit Card
4688,2023-11-06,CUST_00658,Male,33,Home & Kitchen,Blender,1,116.36,116.36,South,Cash
1361,2023-11-07,CUST_01524,Female,18,Food,Green Tea,2,15.4,30.8,East,UPI
1407,2023-11-07,CUST_00883,Male,25,Clothing,Shorts,3,18.4,55.2,East,UPI
3751,2023-11-07,CUST_01480,Male,20,Clothing,Sneakers,3,137.81,413.43,South,UPI
6308,2023-11-07,CUST_00470,Female,23,Electronics,Laptop,2,232.15,464.3,South,Cash
10673,2023-11-07,CUST_01194,Male,19,Electronics,Smartphone,1,545.19,545.19,South,Cash
5166,2023-11-07,CUST_01383,Female,43,Food,Olive Oil,1,19.75,19.75,West,Credit Card
9549,2023-11-07,CUST_01514,Male,43,Beauty,Perfume,2,76.52,153.04,North,Cash
9103,2023-11-07,CUST_00146,Male,30,Beauty,Lipstick,4,75.98,303.92,South,Debit Card
6935,2023-11-07,CUST_01089,Female,53,Food,Peanut Butter,5,22.77,113.85,West,Credit Card
9724,2023-11-07,CUST_00296,Female,31,Food,Olive Oil,3,18.38,55.14,East,Debit Card
3436,2023-11-07,CUST_01135,Female,23,Clothing,Hoodie,2,121.09,242.18,North,UPI
9376,2023-11-07,CUST_00452,Male,40,Food,Organic Honey,2,36.95,73.9,South,Cash
6181,2023-11-07,CUST_00514,Male,43,Clothing,T-Shirt,2,83.91,167.82,South,Debit Card
10623,2023-11-07,CUST_00639,Female,65,Food,Peanut Butter,1,28.7,28.7,North,Credit Card
1061,2023-11-07,CUST_00405,Male,33,Electronics,Tablet,3,236.42,709.26,East,UPI
1964,2023-11-07,CUST_01252,Female,26,Clothing,Formal Shirt,1,76.21,76.21,North,Debit Card
3420,2023-11-07,CUST_01298,Female,67,Beauty,Sunscreen,3,32.08,96.24,North,UPI
4293,2023-11-07,CUST_00857,Female,64,Electronics,Smart Watch,4,543.04,2172.16,East,Credit Card
4287,2023-11-07,CUST_01191,Male,42,Electronics,Power Bank,1,684.0,684.0,North,Debit Card
2489,2023-11-07,CUST_00876,Female,43,Food,Olive Oil,2,34.14,68.28,East,Debit Card
7292,2023-11-07,CUST_00290,Female,64,Food,Dark Chocolate,3,15.28,45.84,South,Debit Card
9939,2023-11-07,CUST_00755,Male,47,Clothing,Shorts,4,86.11,344.44,East,Credit Card
4436,2023-11-07,CUST_01718,Female,62,Beauty,Moisturizer,2,116.2,232.4,East,Credit Card
10906,2023-11-08,CUST_01541,Male,46,Home & Kitchen,Table Lamp,4,227.03,908.12,West,UPI
7230,2023-11-08,CUST_00969,Male,20,Beauty,Perfume,5,20.49,102.45,South,Debit Card
9942,2023-11-08,CUST_01750,Female,39,Home & Kitchen,Storage Container,2,195.83,391.66,South,UPI
9829,2023-11-08,CUST_00861,Female,21,Electronics,Headphones,1,61.9,61.9,South,Cash
2919,2023-11-08,CUST_00467,Male,53,Food,Olive Oil,3,31.66,94.98,West,UPI
9737,2023-11-08,CUST_01794,Male,48,Home & Kitchen,Cookware Set,7,150.84,1055.88,North,Credit Card
2382,2023-11-08,CUST_00581,Male,37,Home & Kitchen,Bedsheet,3,115.69,347.07,South,Debit Card
2582,2023-11-08,CUST_01091,Female,27,Clothing,Jacket,1,39.41,39.41,South,Debit Card
6458,2023-11-08,CUST_01177,Female,18,Electronics,Smartphone,3,652.49,1957.47,East,Debit Card
8423,2023-11-08,CUST_01690,Female,40,Electronics,Power Bank,4,439.51,1758.04,North,UPI
4235,2023-11-08,CUST_00927,Female,43,Home & Kitchen,Bedsheet,1,201.84,201.84,South,Debit Card
8763,2023-11-08,CUST_01723,Male,66,Beauty,Lipstick,1,81.75,81.75,North,UPI
1228,2023-11-09,CUST_01192,Female,64,Beauty,Perfume,1,36.36,36.36,West,Debit Card
5846,2023-11-09,CUST_00826,Male,28,Clothing,Dress,6,76.96,461.76,South,Debit Card
4200,2023-11-09,CUST_00778,Female,56,Home & Kitchen,Bedsheet,1,212.84,212.84,South,Debit Card
5587,2023-11-09,CUST_01818,Male,45,Food,Protein Bar,2,35.56,71.12,West,Credit Card
5749,2023-11-09,CUST_00514,Male,43,Food,Organic Honey,2,4.34,8.68,South,Debit Card
1737,2023-11-09,CUST_00815,Male,30,Beauty,Hair Oil,3,50.2,150.6,West,UPI
4259,2023-11-09,CUST_01743,Male,60,Home & Kitchen,Cookware Set,3,150.17,450.51,East,Credit Card
9571,2023-11-09,CUST_01457,Female,43,Clothing,Hoodie,2,41.08,82.16,North,UPI
5686,2023-11-09,CUST_00953,Female,65,Home & Kitchen,Cookware Set,2,172.47,344.94,East,Credit Card
5824,2023-11-09,CUST_01149,Male,60,Food,Organic Honey,2,3.52,7.04,East,Cash
3930,2023-11-09,CUST_01971,Male,52,Home & Kitchen,Bedsheet,2,163.67,327.34,South,Debit Card
1567,2023-11-09,CUST_00662,Female,35,Clothing,Dress,3,38.95,116.85,West,Cash
10125,2023-11-09,CUST_01095,Male,43,Home & Kitchen,Storage Container,2,52.4,104.8,East,Cash
10782,2023-11-09,CUST_01725,Male,59,Beauty,Face Wash,1,59.17,59.17,West,Debit Card
7867,2023-11-09,CUST_00163,Male,53,Food,Peanut Butter,2,31.75,63.5,West,Cash
5280,2023-11-09,CUST_01306,Female,66,Clothing,Dress,2,84.42,168.84,North,Credit Card
10064,2023-11-09,CUST_01190,Male,37,Home & Kitchen,Knife Set,3,207.48,622.44,South,Credit Card
4944,2023-11-09,CUST_00026,Female,51,Electronics,Smart Watch,6,703.84,4223.04,South,Credit Card
5012,2023-11-09,CUST_01029,Male,56,Electronics,Laptop,3,380.19,1140.57,South,Cash
4680,2023-11-09,CUST_00339,Female,57,Food,Protein Bar,5,36.05,180.25,South,Credit Card
3841,2023-11-09,CUST_01475,Male,37,Beauty,Face Wash,3,44.87,134.61,South,Debit Card
5426,2023-11-09,CUST_01418,Female,51,Home & Kitchen,Table Lamp,3,128.45,385.35,East,Credit Card
6001,2023-11-09,CUST_01450,Female,70,Home & Kitchen,Cookware Set,5,182.26,911.3,South,Cash
4962,2023-11-09,CUST_01364,Male,20,Clothing,Jeans,6,111.93,671.58,East,Credit Card
10693,2023-11-09,CUST_01806,Female,66,Home & Kitchen,Knife Set,5,87.09,435.45,South,Cash
2267,2023-11-09,CUST_00514,Male,43,Clothing,Dress,2,118.19,236.38,South,Debit Card
6399,2023-11-10,CUST_00588,Male,62,Food,Granola,4,37.47,149.88,West,UPI
4871,2023-11-10,CUST_00355,Male,37,Beauty,Foundation,2,118.47,236.94,North,Debit Card
3672,2023-11-10,CUST_01673,Male,37,Home & Kitchen,Wall Clock,2,240.07,480.14,North,Debit Card
8540,2023-11-10,CUST_00377,Male,38,Home & Kitchen,Pillow,1,109.15,109.15,South,UPI
6215,2023-11-10,CUST_01647,Female,50,Electronics,Power Bank,2,263.03,526.06,West,UPI
8582,2023-11-10,CUST_00515,Male,37,Home & Kitchen,Bedsheet,2,80.81,161.62,South,Credit Card
4998,2023-11-10,CUST_00548,Male,31,Beauty,Perfume,2,110.13,220.26,North,UPI
3467,2023-11-10,CUST_00030,Male,32,Electronics,USB Cable,1,619.31,619.31,North,UPI
2461,2023-11-10,CUST_01242,Male,68,Home & Kitchen,Bedsheet,4,158.09,632.36,North,UPI
7054,2023-11-10,CUST_00728,Female,46,Clothing,T-Shirt,3,24.26,72.78,East,UPI
9192,2023-11-10,CUST_01661,Male,63,Home & Kitchen,Wall Clock,1,114.66,114.66,East,UPI
9931,2023-11-10,CUST_00365,Male,57,Food,Organic Honey,7,27.16,190.12,West,Credit Card
8042,2023-11-10,CUST_01060,Male,32,Home & Kitchen,Storage Container,4,91.85,367.4,North,Cash
4916,2023-11-10,CUST_00733,Female,32,Food,Organic Honey,1,34.96,34.96,West,Cash
5951,2023-11-10,CUST_01015,Male,56,Sports,Cricket Bat,1,63.91,63.91,West,Credit Card
8888,2023-11-10,CUST_01866,Female,70,Food,Organic Honey,5,36.36,181.8,North,Credit Card
2770,2023-11-10,CUST_01621,Female,51,Home & Kitchen,Wall Clock,3,192.57,577.71,East,Debit Card
3318,2023-11-10,CUST_01006,Female,51,Food,Green Tea,6,37.96,227.76,West,UPI
8909,2023-11-10,CUST_00384,Male,27,Electronics,Laptop,1,237.85,237.85,East,Credit Card
10520,2023-11-10,CUST_00532,Female,65,Food,Organic Honey,1,21.64,21.64,West,UPI
10047,2023-11-11,CUST_00755,Male,47,Electronics,Smartphone,4,556.76,2227.04,East,Cash
8342,2023-11-11,CUST_00607,Female,61,Food,Olive Oil,3,21.56,64.68,East,Debit Card
1894,2023-11-11,CUST_00019,Male,34,Food,Peanut Butter,4,38.78,155.12,West,UPI
9373,2023-11-11,CUST_00058,Female,60,Home & Kitchen,Blender,5,79.59,397.95,East,Credit Card
1774,2023-11-11,CUST_00625,Female,67,Beauty,Face Wash,5,62.36,311.8,East,Cash
9315,2023-11-11,CUST_01390,Female,22,Electronics,Smartphone,4,772.71,3090.84,South,Cash
2107,2023-11-11,CUST_01313,Female,46,Home & Kitchen,Knife Set,1,47.96,47.96,West,Debit Card
9137,2023-11-11,CUST_01716,Female,25,Sports,Skipping Rope,3,191.26,573.78,North,Credit Card
5466,2023-11-11,CUST_00701,Male,49,Home & Kitchen,Storage Container,1,166.79,166.79,North,UPI
2659,2023-11-11,CUST_01191,Male,42,Sports,Yoga Mat,4,128.02,512.08,North,Cash
10999,2023-11-11,CUST_00860,Male,40,Home & Kitchen,Table Lamp,5,204.31,1021.55,South,UPI
3994,2023-11-11,CUST_00058,Female,60,Beauty,Lipstick,2,10.36,20.72,East,Debit Card
1573,2023-11-11,CUST_01671,Female,56,Food,Organic Honey,3,33.96,101.88,West,Credit Card
10594,2023-11-11,CUST_00310,Female,22,Electronics,Laptop,4,556.35,2225.4,East,Debit Card
8614,2023-11-11,CUST_01513,Male,39,Home & Kitchen,Storage Container,6,127.08,762.48,North,Debit Card
2487,2023-11-11,CUST_00616,Female,49,Electronics,Smartphone,1,633.48,633.48,South,UPI
5295,2023-11-11,CUST_01441,Male,27,Clothing,Shorts,3,86.67,260.01,North,UPI
8492,2023-11-11,CUST_00162,Female,58,Food,Granola,4,18.09,72.36,South,Debit Card
2291,2023-11-11,CUST_00362,Female,70,Food,Granola,2,8.59,17.18,North,Cash
5027,2023-11-11,CUST_00599,Male,63,Food,Organic Honey,3,11.48,34.44,South,UPI
5242,2023-11-11,CUST_01800,Male,37,Home & Kitchen,Pillow,1,72.07,72.07,East,UPI
7414,2023-11-11,CUST_00796,Female,43,Home & Kitchen,Knife Set,1,118.94,118.94,South,Credit Card
3306,2023-11-11,CUST_01205,Male,47,Beauty,Eye Shadow,5,15.31,76.55,North,Credit Card
3100,2023-11-11,CUST_01164,Male,23,Clothing,Formal Shirt,6,113.24,679.44,North,Cash
10600,2023-11-12,CUST_01843,Male,39,Home & Kitchen,Blender,5,67.52,337.6,West,Credit Card
10779,2023-11-12,CUST_01077,Male,63,Home & Kitchen,Cookware Set,1,243.37,243.37,West,UPI
9056,2023-11-12,CUST_00142,Female,49,Home & Kitchen,Cookware Set,2,133.73,267.46,East,Credit Card
4970,2023-11-12,CUST_00022,Male,52,Beauty,Foundation,2,99.12,198.24,East,UPI
10675,2023-11-12,CUST_00970,Female,41,Food,Green Tea,1,32.81,32.81,North,Credit Card
7793,2023-11-12,CUST_00361,Female,18,Clothing,Jeans,3,28.48,85.44,North,Debit Card
1818,2023-11-12,CUST_01442,Male,55,Clothing,Jacket,1,59.37,59.37,East,Cash
2506,2023-11-12,CUST_01833,Male,65,Home & Kitchen,Blender,1,160.6,160.6,West,Cash
1824,2023-11-12,CUST_01344,Male,61,Food,Organic Honey,2,30.54,61.08,North,UPI
2693,2023-11-12,CUST_00314,Female,43,Home & Kitchen,Knife Set,3,37.74,113.22,North,Credit Card
9769,2023-11-12,CUST_00465,Female,39,Beauty,Face Wash,5,12.69,63.45,East,Credit Card
5374,2023-11-12,CUST_00436,Female,28,Electronics,Smart Watch,5,85.04,425.2,East,Cash
9279,2023-11-12,CUST_00460,Female,53,Clothing,Shorts,5,24.94,124.7,South,UPI
10087,2023-11-12,CUST_00020,Male,63,Home & Kitchen,Knife Set,4,111.86,447.44,South,Credit Card
2637,2023-11-12,CUST_00377,Male,38,Electronics,Smartphone,5,78.74,393.7,South,Debit Card
3725,2023-11-12,CUST_00548,Male,31,Home & Kitchen,Storage Container,1,115.32,115.32,North,Credit Card
4049,2023-11-12,CUST_00417,Female,67,Sports,Football,1,71.89,71.89,South,Credit Card
5444,2023-11-12,CUST_01316,Female,49,Electronics,Smart Watch,4,507.29,2029.16,West,Credit Card
3835,2023-11-12,CUST_00304,Female,44,Sports,Dumbbells,2,88.54,177.08,East,Credit Card
4652,2023-11-12,CUST_00099,Female,40,Electronics,Tablet,3,302.13,906.39,North,Debit Card
8475,2023-11-12,CUST_01278,Male,39,Electronics,Bluetooth Speaker,5,590.92,2954.6,West,Credit Card
2227,2023-11-12,CUST_00053,Male,32,Clothing,Hoodie,1,42.61,42.61,East,UPI
4093,2023-11-12,CUST_01454,Male,53,Beauty,Moisturizer,4,20.97,83.88,North,Debit Card
1345,2023-11-12,CUST_00567,Female,56,Home & Kitchen,Table Lamp,2,19.39,38.78,South,UPI
1678,2023-11-12,CUST_00662,Female,35,Home & Kitchen,Cookware Set,3,88.54,265.62,West,Cash
9545,2023-11-12,CUST_01939,Male,34,Electronics,Laptop,1,150.74,150.74,East,Credit Card
8890,2023-11-13,CUST_01681,Male,36,Beauty,Sunscreen,1,118.13,118.13,West,Credit Card
7962,2023-11-13,CUST_00489,Female,67,Home & Kitchen,Pillow,2,74.94,149.88,East,Credit Card
4922,2023-11-13,CUST_01604,Female,53,Home & Kitchen,Table Lamp,1,56.14,56.14,South,Credit Card
6961,2023-11-13,CUST_01252,Female,26,Electronics,Laptop,3,427.9,1283.7,North,Debit Card
7255,2023-11-13,CUST_01460,Female,34,Food,Olive Oil,4,22.03,88.12,West,Credit Card
7213,2023-11-13,CUST_00930,Female,57,Food,Mixed Nuts,3,12.16,36.48,East,Credit Card
5545,2023-11-13,CUST_00249,Female,21,Sports,Resistance Band,6,86.94,521.64,East,Cash
1788,2023-11-13,CUST_01936,Male,18,Clothing,Dress,1,70.56,70.56,South,Credit Card
4781,2023-11-13,CUST_01584,Male,39,Home & Kitchen,Knife Set,4,138.01,552.04,West,Debit Card
6225,2023-11-13,CUST_01783,Female,24,Beauty,Face Wash,1,90.41,90.41,West,Debit Card
5277,2023-11-13,CUST_01322,Male,59,Electronics,Bluetooth Speaker,2,334.04,668.08,North,Credit Card
1865,2023-11-13,CUST_00844,Female,44,Home & Kitchen,Bedsheet,3,80.3,240.9,East,UPI
5260,2023-11-13,CUST_01361,Female,70,Home & Kitchen,Table Lamp,2,235.13,470.26,South,UPI
4890,2023-11-14,CUST_01303,Female,38,Home & Kitchen,Knife Set,5,234.14,1170.7,East,Debit Card
9812,2023-11-14,CUST_01264,Female,35,Electronics,Smart Watch,4,132.09,528.36,East,UPI
10571,2023-11-14,CUST_00022,Male,52,Food,Mixed Nuts,3,11.5,34.5,East,Debit Card
10424,2023-11-14,CUST_01477,Female,18,Beauty,Face Wash,1,23.25,23.25,East,Credit Card
8378,2023-11-14,CUST_01884,Female,50,Home & Kitchen,Knife Set,5,31.24,156.2,South,Debit Card
7927,2023-11-14,CUST_01140,Female,25,Electronics,Tablet,1,145.44,145.44,North,Cash
3460,2023-11-14,CUST_00576,Male,30,Home & Kitchen,Pillow,1,233.7,233.7,North,Credit Card
10214,2023-11-14,CUST_01347,Female,40,Food,Peanut Butter,6,9.99,59.94,West,Debit Card
9159,2023-11-14,CUST_00489,Female,67,Beauty,Moisturizer,1,37.31,37.31,East,Credit Card
10227,2023-11-14,CUST_00596,Female,45,Beauty,Sunscreen,2,103.64,207.28,West,Credit Card
5461,2023-11-14,CUST_01710,Male,55,Food,Olive Oil,3,12.43,37.29,West,UPI
9593,2023-11-14,CUST_01936,Male,18,Home & Kitchen,Pillow,2,26.23,52.46,South,Debit Card
5148,2023-11-14,CUST_00505,Female,27,Electronics,Bluetooth Speaker,3,45.54,136.62,South,Cash
4859,2023-11-14,CUST_00152,Male,70,Food,Protein Bar,2,21.26,42.52,North,Debit Card
4480,2023-11-14,CUST_01764,Female,60,Home & Kitchen,Storage Container,2,239.66,479.32,South,Cash
5181,2023-11-14,CUST_00175,Male,53,Beauty,Foundation,1,107.24,107.24,South,Credit Card
3565,2023-11-14,CUST_01940,Male,26,Sports,Skipping Rope,1,92.16,92.16,East,Credit Card
7202,2023-11-14,CUST_00945,Male,26,Sports,Dumbbells,2,180.56,361.12,North,Credit Card
7209,2023-11-14,CUST_01892,Male,39,Home & Kitchen,Storage Container,1,27.53,27.53,South,Credit Card
2892,2023-11-14,CUST_01298,Female,67,Home & Kitchen,Pillow,2,57.85,115.7,North,UPI
2678,2023-11-14,CUST_01347,Female,40,Home & Kitchen,Knife Set,3,46.7,140.1,West,Credit Card
4749,2023-11-14,CUST_00450,Female,53,Food,Dark Chocolate,3,16.16,48.48,West,Debit Card
5953,2023-11-14,CUST_01627,Female,43,Home & Kitchen,Pillow,2,194.42,388.84,North,UPI
10160,2023-11-14,CUST_01690,Female,40,Sports,Cricket Bat,2,24.12,48.24,North,Credit Card
2058,2023-11-14,CUST_01871,Male,45,Home & Kitchen,Storage Container,4,10.24,40.96,East,UPI
8485,2023-11-15,CUST_01137,Female,32,Electronics,Laptop,3,438.57,1315.71,South,Debit Card
10141,2023-11-15,CUST_01629,Male,19,Electronics,Tablet,4,352.34,1409.36,East,Cash
6782,2023-11-15,CUST_01656,Male,45,Clothing,T-Shirt,2,73.34,146.68,West,Cash
8458,2023-11-15,CUST_01157,Male,55,Electronics,Headphones,1,364.56,364.56,North,UPI
1556,2023-11-15,CUST_01298,Female,67,Beauty,Foundation,3,29.06,87.18,North,Credit Card
2474,2023-11-15,CUST_01016,Female,69,Food,Organic Honey,3,24.38,73.14,South,Credit Card
8539,2023-11-15,CUST_00297,Male,41,Home & Kitchen,Blender,5,21.0,105.0,West,Credit Card
6323,2023-11-15,CUST_01144,Female,22,Clothing,T-Shirt,3,48.9,146.7,East,UPI
4018,2023-11-15,CUST_01718,Female,62,Home & Kitchen,Pillow,2,92.91,185.82,East,Credit Card
2588,2023-11-15,CUST_01053,Female,40,Clothing,Jacket,2,41.85,83.7,North,Cash
8404,2023-11-15,CUST_00737,Female,21,Beauty,Hair Oil,1,6.52,6.52,West,Debit Card
10289,2023-11-15,CUST_00617,Male,37,Electronics,Laptop,5,720.13,3600.65,South,UPI
3571,2023-11-15,CUST_01003,Male,49,Home & Kitchen,Bedsheet,1,27.7,27.7,North,UPI
4044,2023-11-15,CUST_01880,Male,25,Electronics,USB Cable,1,266.84,266.84,South,UPI
3690,2023-11-15,CUST_01540,Female,57,Beauty,Foundation,1,7.83,7.83,West,Cash
5772,2023-11-15,CUST_00856,Female,20,Beauty,Face Wash,2,16.7,33.4,North,Credit Card
9727,2023-11-15,CUST_00498,Female,61,Sports,Football,5,141.51,707.55,East,Credit Card
9796,2023-11-15,CUST_00679,Female,62,Home & Kitchen,Cookware Set,7,234.69,1642.83,West,UPI
5599,2023-11-15,CUST_00908,Female,60,Beauty,Perfume,2,41.62,83.24,South,Credit Card
7830,2023-11-15,CUST_00507,Male,41,Beauty,Perfume,2,5.08,10.16,North,Cash
7061,2023-11-15,CUST_01380,Male,31,Clothing,Jacket,3,62.99,188.97,East,Debit Card
6356,2023-11-16,CUST_00864,Male,40,Electronics,Power Bank,6,364.2,2185.2,East,Cash
5319,2023-11-16,CUST_01941,Male,35,Home & Kitchen,Cookware Set,1,50.43,50.43,West,Credit Card
8208,2023-11-16,CUST_01307,Female,47,Clothing,Dress,1,16.22,16.22,West,Credit Card
7622,2023-11-16,CUST_00339,Female,57,Beauty,Lipstick,5,68.08,340.4,South,UPI
4585,2023-11-16,CUST_01635,Female,39,Food,Organic Honey,3,13.93,41.79,South,Debit Card
2468,2023-11-16,CUST_00733,Female,32,Beauty,Eye Shadow,1,82.42,82.42,West,Cash
10406,2023-11-16,CUST_00228,Male,36,Beauty,Eye Shadow,2,55.38,110.76,East,Cash
6145,2023-11-16,CUST_01445,Male,50,Sports,Football,2,16.12,32.24,West,Cash
10846,2023-11-16,CUST_00582,Female,70,Beauty,Eye Shadow,3,115.73,347.19,West,Cash
7458,2023-11-16,CUST_00119,Male,41,Electronics,Bluetooth Speaker,2,435.87,871.74,North,UPI
6855,2023-11-16,CUST_00385,Female,51,Home & Kitchen,Blender,2,82.36,164.72,East,Credit Card
6911,2023-11-16,CUST_01594,Male,31,Home & Kitchen,Cookware Set,1,90.15,90.15,South,UPI
3549,2023-11-16,CUST_01499,Male,54,Beauty,Moisturizer,3,10.6,31.8,North,Cash
9026,2023-11-16,CUST_01478,Male,68,Food,Granola,3,11.94,35.82,East,UPI
9555,2023-11-16,CUST_01821,Male,46,Home & Kitchen,Knife Set,2,89.73,179.46,West,Cash
6698,2023-11-16,CUST_01534,Female,27,Sports,Yoga Mat,2,126.69,253.38,North,Cash
5118,2023-11-16,CUST_00519,Male,26,Food,Mixed Nuts,2,23.18,46.36,North,Debit Card
6963,2023-11-16,CUST_01477,Female,18,Clothing,Shorts,6,38.54,231.24,East,UPI
10148,2023-11-16,CUST_00776,Female,48,Clothing,T-Shirt,4,115.5,462.0,East,Debit Card
10588,2023-11-16,CUST_00639,Female,65,Electronics,Bluetooth Speaker,1,478.66,478.66,North,Debit Card
1317,2023-11-17,CUST_01016,Female,69,Beauty,Perfume,4,115.32,461.28,South,Credit Card
3500,2023-11-17,CUST_00394,Male,26,Sports,Resistance Band,2,126.73,253.46,West,Debit Card
6476,2023-11-17,CUST_01406,Male,32,Home & Kitchen,Table Lamp,3,203.02,609.06,West,UPI
4844,2023-11-17,CUST_01387,Male,44,Electronics,Power Bank,5,324.47,1622.35,West,Debit Card
10149,2023-11-17,CUST_01505,Male,70,Home & Kitchen,Table Lamp,1,198.69,198.69,West,Credit Card
1874,2023-11-17,CUST_00465,Female,39,Electronics,Smart Watch,2,55.16,110.32,East,Credit Card
9606,2023-11-17,CUST_00438,Male,35,Home & Kitchen,Table Lamp,4,90.14,360.56,East,UPI
10182,2023-11-17,CUST_01709,Female,65,Food,Dark Chocolate,3,11.34,34.02,East,Cash
7167,2023-11-17,CUST_01502,Male,69,Home & Kitchen,Blender,1,179.02,179.02,East,Debit Card
3548,2023-11-17,CUST_00594,Female,35,Home & Kitchen,Storage Container,2,241.55,483.1,West,UPI
8552,2023-11-17,CUST_01556,Male,27,Sports,Skipping Rope,1,114.6,114.6,West,Debit Card
5008,2023-11-17,CUST_00228,Male,36,Home & Kitchen,Bedsheet,4,118.65,474.6,East,Credit Card
9634,2023-11-17,CUST_00150,Male,25,Beauty,Hair Oil,6,98.16,588.96,West,UPI
5675,2023-11-17,CUST_00132,Female,65,Electronics,Power Bank,2,633.63,1267.26,South,Debit Card
7750,2023-11-17,CUST_00520,Female,53,Food,Organic Honey,3,34.17,102.51,North,UPI
4087,2023-11-17,CUST_01243,Female,37,Electronics,USB Cable,3,212.64,637.92,South,Debit Card
9202,2023-11-17,CUST_01612,Female,59,Electronics,Smartphone,1,348.93,348.93,East,Debit Card
2128,2023-11-17,CUST_01662,Male,36,Home & Kitchen,Bedsheet,3,148.96,446.88,North,Debit Card
9115,2023-11-17,CUST_01822,Male,64,Beauty,Face Wash,1,115.45,115.45,West,Debit Card
5516,2023-11-17,CUST_01124,Female,19,Clothing,Dress,2,138.66,277.32,East,Credit Card
8113,2023-11-17,CUST_01478,Male,68,Food,Protein Bar,5,17.94,89.7,East,UPI
7328,2023-11-17,CUST_01165,Female,21,Electronics,Headphones,3,63.03,189.09,East,Credit Card
3888,2023-11-18,CUST_00142,Female,49,Electronics,Laptop,3,341.23,1023.69,East,Debit Card
6941,2023-11-18,CUST_00056,Male,57,Beauty,Lipstick,1,61.11,61.11,West,Credit Card
1107,2023-11-18,CUST_00521,Female,51,Food,Peanut Butter,4,14.52,58.08,East,Debit Card
7646,2023-11-18,CUST_00693,Female,24,Sports,Yoga Mat,6,127.51,765.06,North,Credit Card
6234,2023-11-18,CUST_00531,Female,45,Home & Kitchen,Wall Clock,1,163.13,163.13,South,UPI
7137,2023-11-18,CUST_01880,Male,25,Beauty,Perfume,3,51.59,154.77,South,Cash
2962,2023-11-18,CUST_00794,Male,61,Sports,Dumbbells,7,44.52,311.64,East,Credit Card
2230,2023-11-18,CUST_01830,Female,32,Clothing,Hoodie,1,62.51,62.51,North,Credit Card
9832,2023-11-18,CUST_00084,Male,19,Beauty,Lipstick,4,76.46,305.84,East,Debit Card
5445,2023-11-18,CUST_01233,Male,20,Clothing,T-Shirt,5,105.15,525.75,West,Credit Card
6838,2023-11-18,CUST_00835,Male,49,Electronics,USB Cable,2,611.3,1222.6,North,Cash
10146,2023-11-18,CUST_01053,Female,40,Sports,Cricket Bat,1,71.4,71.4,North,Cash
1914,2023-11-18,CUST_01129,Female,51,Electronics,Tablet,3,710.72,2132.16,West,Cash
5045,2023-11-18,CUST_00536,Male,33,Electronics,Tablet,1,406.65,406.65,West,Credit Card
6424,2023-11-18,CUST_01728,Male,65,Electronics,Tablet,4,152.86,611.44,West,Debit Card
2558,2023-11-18,CUST_01504,Female,24,Beauty,Sunscreen,4,70.03,280.12,East,Credit Card
6454,2023-11-18,CUST_01641,Female,38,Home & Kitchen,Knife Set,2,93.76,187.52,South,Debit Card
4411,2023-11-18,CUST_00988,Female,55,Beauty,Face Wash,1,10.74,10.74,East,UPI
5577,2023-11-18,CUST_01005,Male,19,Beauty,Perfume,3,93.87,281.61,East,Credit Card
8162,2023-11-18,CUST_00097,Male,28,Clothing,Sneakers,1,31.56,31.56,West,UPI
9024,2023-11-18,CUST_01649,Male,64,Food,Organic Honey,1,33.02,33.02,South,Debit Card
4748,2023-11-18,CUST_00690,Female,44,Food,Dark Chocolate,2,4.05,8.1,South,Credit Card
1675,2023-11-18,CUST_00912,Male,47,Home & Kitchen,Wall Clock,4,157.63,630.52,South,Cash
10378,2023-11-18,CUST_01186,Female,47,Clothing,Sneakers,1,48.86,48.86,East,Credit Card
8125,2023-11-18,CUST_00107,Male,66,Clothing,Shorts,1,65.06,65.06,East,Cash
8920,2023-11-18,CUST_01238,Male,33,Beauty,Sunscreen,3,23.52,70.56,East,UPI
8182,2023-11-18,CUST_00517,Male,44,Electronics,USB Cable,1,688.03,688.03,East,UPI
3016,2023-11-18,CUST_00364,Female,57,Beauty,Perfume,1,55.26,55.26,North,Credit Card
7493,2023-11-18,CUST_01997,Female,60,Home & Kitchen,Knife Set,4,96.95,387.8,East,Debit Card
10831,2023-11-18,CUST_00423,Male,69,Beauty,Moisturizer,3,52.06,156.18,South,Cash
8857,2023-11-18,CUST_00023,Female,21,Electronics,Tablet,4,418.57,1674.28,North,Debit Card
3320,2023-11-18,CUST_01644,Female,56,Electronics,Bluetooth Speaker,1,720.21,720.21,East,Credit Card
5415,2023-11-18,CUST_00406,Female,67,Food,Protein Bar,2,35.31,70.62,South,Debit Card
7586,2023-11-18,CUST_00499,Female,59,Food,Granola,3,30.97,92.91,West,Credit Card
4170,2023-11-18,CUST_01609,Male,35,Home & Kitchen,Knife Set,6,211.6,1269.6,West,Debit Card
3403,2023-11-18,CUST_00793,Female,70,Electronics,Tablet,3,775.62,2326.86,North,Credit Card
3058,2023-11-19,CUST_00776,Female,48,Beauty,Moisturizer,1,114.43,114.43,East,UPI
1714,2023-11-19,CUST_00165,Male,25,Sports,Football,2,136.05,272.1,South,UPI
5245,2023-11-19,CUST_00908,Female,60,Home & Kitchen,Knife Set,3,223.15,669.45,South,Cash
5021,2023-11-19,CUST_01543,Male,36,Electronics,Smartphone,2,648.5,1297.0,South,Credit Card
9255,2023-11-19,CUST_01529,Male,29,Sports,Cricket Bat,5,100.51,502.55,South,Credit Card
9662,2023-11-19,CUST_00011,Female,25,Sports,Resistance Band,1,27.67,27.67,East,Credit Card
7920,2023-11-19,CUST_01302,Male,68,Home & Kitchen,Bedsheet,5,232.44,1162.2,South,UPI
9774,2023-11-19,CUST_00048,Female,51,Beauty,Face Wash,1,78.29,78.29,West,Credit Card
8823,2023-11-19,CUST_01393,Female,44,Home & Kitchen,Storage Container,2,121.05,242.1,West,Credit Card
7631,2023-11-19,CUST_00367,Female,18,Beauty,Lipstick,3,10.9,32.7,North,Credit Card
4248,2023-11-19,CUST_01181,Female,21,Beauty,Hair Oil,4,56.54,226.16,North,Credit Card
9652,2023-11-19,CUST_00493,Male,23,Clothing,Shorts,1,92.87,92.87,East,Debit Card
8912,2023-11-19,CUST_01749,Female,31,Home & Kitchen,Wall Clock,3,117.69,353.07,North,Credit Card
1392,2023-11-19,CUST_01578,Male,68,Home & Kitchen,Bedsheet,7,124.3,870.1,South,Credit Card
4867,2023-11-19,CUST_01880,Male,25,Home & Kitchen,Blender,3,17.37,52.11,South,Debit Card
9244,2023-11-19,CUST_01892,Male,39,Clothing,Sneakers,2,52.73,105.46,South,Debit Card
2920,2023-11-19,CUST_01901,Male,20,Clothing,Formal Shirt,2,19.41,38.82,North,Cash
8832,2023-11-20,CUST_00687,Female,35,Home & Kitchen,Pillow,3,87.97,263.91,North,Debit Card
9554,2023-11-20,CUST_01395,Female,48,Home & Kitchen,Pillow,4,83.76,335.04,West,UPI
7392,2023-11-20,CUST_00678,Male,31,Food,Green Tea,3,22.28,66.84,North,Credit Card
8697,2023-11-20,CUST_01595,Male,44,Clothing,Formal Shirt,1,64.38,64.38,East,Credit Card
9072,2023-11-20,CUST_01992,Male,47,Beauty,Face Wash,3,8.96,26.88,East,Debit Card
5263,2023-11-20,CUST_00575,Female,64,Food,Olive Oil,1,26.3,26.3,South,Credit Card
2535,2023-11-20,CUST_01170,Female,55,Home & Kitchen,Knife Set,2,30.97,61.94,South,Credit Card
9807,2023-11-20,CUST_00514,Male,43,Home & Kitchen,Blender,1,94.36,94.36,South,Debit Card
1527,2023-11-20,CUST_01018,Male,51,Electronics,USB Cable,3,662.34,1987.02,South,Debit Card
9440,2023-11-20,CUST_00025,Female,54,Electronics,Power Bank,4,711.69,2846.76,West,Cash
8507,2023-11-20,CUST_00342,Female,31,Electronics,Power Bank,5,650.25,3251.25,South,Credit Card
1846,2023-11-20,CUST_00071,Male,55,Clothing,Jeans,3,43.89,131.67,West,Cash
10799,2023-11-20,CUST_00634,Female,67,Food,Olive Oil,5,33.92,169.6,East,UPI
5838,2023-11-20,CUST_00635,Male,54,Beauty,Face Wash,2,113.47,226.94,North,Credit Card
5353,2023-11-20,CUST_01189,Female,51,Food,Dark Chocolate,3,39.76,119.28,South,Cash
7716,2023-11-20,CUST_01418,Female,51,Beauty,Sunscreen,1,95.77,95.77,East,Debit Card
3688,2023-11-20,CUST_00354,Male,54,Sports,Running Shoes,2,81.14,162.28,North,Credit Card
2740,2023-11-20,CUST_00320,Male,65,Clothing,Dress,1,125.8,125.8,North,Credit Card
7974,2023-11-20,CUST_00721,Male,32,Home & Kitchen,Cookware Set,3,224.87,674.61,West,UPI
9444,2023-11-21,CUST_00323,Female,36,Electronics,Laptop,1,629.17,629.17,East,Debit Card
5459,2023-11-21,CUST_00527,Female,21,Clothing,Sneakers,2,33.59,67.18,South,Debit Card
4241,2023-11-21,CUST_00187,Female,35,Food,Green Tea,3,29.46,88.38,North,Cash
6875,2023-11-21,CUST_00200,Male,44,Electronics,Tablet,1,495.34,495.34,South,Debit Card
10127,2023-11-21,CUST_00349,Male,21,Food,Green Tea,4,31.23,124.92,East,Debit Card
3656,2023-11-21,CUST_01776,Female,63,Home & Kitchen,Cookware Set,2,150.99,301.98,South,Debit Card
3904,2023-11-21,CUST_01468,Male,20,Clothing,Dress,4,136.6,546.4,South,Credit Card
7911,2023-11-21,CUST_01460,Female,34,Clothing,Jeans,3,81.28,243.84,West,Credit Card
7847,2023-11-21,CUST_00890,Male,50,Electronics,Tablet,1,194.84,194.84,West,UPI
2745,2023-11-21,CUST_00125,Female,52,Food,Organic Honey,6,12.16,72.96,West,UPI
8424,2023-11-21,CUST_01836,Male,58,Home & Kitchen,Blender,3,112.28,336.84,North,Debit Card
5705,2023-11-21,CUST_00667,Female,19,Electronics,Smartphone,4,700.95,2803.8,East,Cash
5417,2023-11-21,CUST_01749,Female,31,Food,Granola,1,4.76,4.76,North,Debit Card
6810,2023-11-21,CUST_01370,Male,21,Home & Kitchen,Pillow,3,176.02,528.06,West,Cash
8110,2023-11-21,CUST_00819,Male,30,Electronics,Smartphone,7,408.42,2858.94,North,Cash
3025,2023-11-22,CUST_00604,Female,22,Clothing,T-Shirt,3,45.07,135.21,South,Debit Card
9601,2023-11-22,CUST_00248,Female,32,Beauty,Perfume,1,95.86,95.86,South,Credit Card
9611,2023-11-22,CUST_01000,Male,52,Home & Kitchen,Table Lamp,3,53.5,160.5,South,Debit Card
2083,2023-11-22,CUST_00528,Male,41,Food,Dark Chocolate,1,18.38,18.38,South,UPI
6841,2023-11-22,CUST_01168,Female,54,Home & Kitchen,Pillow,2,108.98,217.96,East,Cash
4940,2023-11-22,CUST_00129,Female,58,Food,Peanut Butter,1,11.04,11.04,East,Credit Card
3124,2023-11-22,CUST_01340,Male,53,Home & Kitchen,Wall Clock,1,89.68,89.68,East,UPI
6259,2023-11-22,CUST_01328,Male,51,Electronics,Smart Watch,1,257.92,257.92,South,UPI
5724,2023-11-22,CUST_01564,Female,62,Home & Kitchen,Storage Container,1,66.31,66.31,South,UPI
1131,2023-11-22,CUST_00041,Female,35,Home & Kitchen,Bedsheet,2,216.84,433.68,West,Debit Card
7656,2023-11-22,CUST_00529,Male,48,Home & Kitchen,Bedsheet,2,128.14,256.28,South,Debit Card
1512,2023-11-22,CUST_00560,Male,68,Beauty,Sunscreen,4,32.68,130.72,West,Debit Card
9309,2023-11-22,CUST_01484,Male,24,Electronics,Smart Watch,2,592.07,1184.14,South,Debit Card
4564,2023-11-22,CUST_00515,Male,37,Clothing,Hoodie,1,143.45,143.45,South,Credit Card
1836,2023-11-22,CUST_01269,Male,37,Sports,Football,1,95.89,95.89,South,Debit Card
9867,2023-11-22,CUST_01644,Female,56,Home & Kitchen,Blender,5,249.26,1246.3,East,Cash
5477,2023-11-22,CUST_01454,Male,53,Home & Kitchen,Table Lamp,3,225.72,677.16,North,UPI
10535,2023-11-22,CUST_00316,Male,70,Beauty,Moisturizer,5,68.3,341.5,South,UPI
8587,2023-11-22,CUST_01037,Female,55,Beauty,Perfume,3,40.11,120.33,South,Debit Card
5785,2023-11-22,CUST_01763,Female,22,Clothing,Jacket,1,91.02,91.02,West,Debit Card
2064,2023-11-22,CUST_00381,Female,56,Food,Granola,2,21.96,43.92,West,UPI
9742,2023-11-22,CUST_01108,Female,19,Home & Kitchen,Table Lamp,1,111.24,111.24,South,UPI
3340,2023-11-22,CUST_00781,Male,35,Sports,Water Bottle,4,65.84,263.36,West,Debit Card
7091,2023-11-22,CUST_01395,Female,48,Electronics,Headphones,1,528.96,528.96,West,Credit Card
4851,2023-11-22,CUST_01069,Female,27,Sports,Water Bottle,1,125.0,125.0,East,Debit Card
1955,2023-11-22,CUST_01623,Male,38,Beauty,Eye Shadow,1,60.22,60.22,South,Cash
5711,2023-11-22,CUST_00202,Female,47,Food,Organic Honey,3,29.18,87.54,North,Debit Card
4937,2023-11-22,CUST_00530,Male,46,Home & Kitchen,Blender,2,117.84,235.68,East,Credit Card
6914,2023-11-22,CUST_01656,Male,45,Electronics,Laptop,3,323.94,971.82,West,Debit Card
4032,2023-11-22,CUST_01844,Male,18,Clothing,Jeans,2,149.12,298.24,South,Cash
7021,2023-11-22,CUST_00669,Female,39,Food,Green Tea,4,21.94,87.76,East,Credit Card
10281,2023-11-22,CUST_00605,Male,66,Home & Kitchen,Knife Set,6,154.9,929.4,East,Credit Card
7345,2023-11-22,CUST_01334,Male,62,Home & Kitchen,Pillow,3,199.23,597.69,South,UPI
4958,2023-11-23,CUST_01715,Male,46,Clothing,Dress,3,109.54,328.62,South,UPI
6232,2023-11-23,CUST_01297,Female,20,Clothing,Jacket,1,12.35,12.35,North,UPI
3874,2023-11-23,CUST_00224,Male,36,Home & Kitchen,Knife Set,5,76.27,381.35,South,Credit Card
8487,2023-11-23,CUST_00979,Male,64,Food,Protein Bar,1,4.62,4.62,West,Credit Card
8969,2023-11-23,CUST_00303,Female,69,Food,Protein Bar,2,26.81,53.62,West,Debit Card
5451,2023-11-23,CUST_01631,Female,30,Food,Protein Bar,6,4.19,25.14,West,Credit Card
10363,2023-11-23,CUST_01335,Male,40,Electronics,Tablet,3,485.1,1455.3,East,UPI
1329,2023-11-23,CUST_00961,Female,32,Electronics,Laptop,2,451.75,903.5,South,Credit Card
7570,2023-11-23,CUST_00958,Female,58,Clothing,Hoodie,3,21.36,64.08,East,Credit Card
4263,2023-11-23,CUST_00088,Female,48,Beauty,Lipstick,2,102.16,204.32,North,Credit Card
5500,2023-11-23,CUST_01998,Female,53,Electronics,Power Bank,2,779.03,1558.06,South,Cash
9163,2023-11-23,CUST_01147,Male,53,Beauty,Moisturizer,1,66.35,66.35,East,Debit Card
2225,2023-11-23,CUST_01492,Male,36,Beauty,Foundation,1,88.28,88.28,West,Debit Card
4876,2023-11-23,CUST_01605,Male,35,Home & Kitchen,Cookware Set,1,205.16,205.16,North,Credit Card
6242,2023-11-23,CUST_00939,Male,38,Beauty,Lipstick,2,11.55,23.1,West,Debit Card
3319,2023-11-24,CUST_01747,Male,54,Food,Dark Chocolate,2,26.15,52.3,West,Cash
4047,2023-11-24,CUST_00630,Male,59,Home & Kitchen,Storage Container,5,10.48,52.4,East,UPI
6615,2023-11-24,CUST_00304,Female,44,Beauty,Face Wash,4,53.1,212.4,East,UPI
6864,2023-11-24,CUST_01515,Female,46,Home & Kitchen,Pillow,1,181.73,181.73,South,Credit Card
2958,2023-11-24,CUST_01822,Male,64,Beauty,Hair Oil,3,42.07,126.21,West,Debit Card
5706,2023-11-24,CUST_00288,Male,67,Food,Granola,1,16.27,16.27,East,Credit Card
1905,2023-11-24,CUST_00374,Female,46,Clothing,Shorts,2,118.82,237.64,East,UPI
2065,2023-11-24,CUST_00179,Female,52,Sports,Dumbbells,3,185.82,557.46,South,Cash
10073,2023-11-24,CUST_01927,Male,66,Home & Kitchen,Blender,1,139.02,139.02,East,Cash
7900,2023-11-24,CUST_00638,Female,63,Home & Kitchen,Wall Clock,1,19.3,19.3,South,UPI
9278,2023-11-24,CUST_01169,Male,37,Clothing,Dress,1,16.1,16.1,South,UPI
10881,2023-11-24,CUST_01915,Female,22,Beauty,Sunscreen,2,112.3,224.6,North,Cash
10774,2023-11-24,CUST_01151,Female,53,Beauty,Lipstick,3,19.17,57.51,South,UPI
6722,2023-11-24,CUST_00829,Female,35,Food,Protein Bar,3,32.09,96.27,West,Credit Card
3362,2023-11-24,CUST_00676,Female,58,Beauty,Face Wash,1,68.14,68.14,West,Debit Card
3203,2023-11-24,CUST_00536,Male,33,Clothing,Sneakers,3,60.55,181.65,West,UPI
6099,2023-11-24,CUST_00310,Female,22,Electronics,Power Bank,3,134.07,402.21,East,Cash
8856,2023-11-24,CUST_00806,Male,42,Sports,Yoga Mat,1,181.82,181.82,North,UPI
3919,2023-11-24,CUST_00884,Male,64,Home & Kitchen,Wall Clock,2,204.26,408.52,West,Cash
2358,2023-11-24,CUST_01404,Male,49,Food,Granola,3,31.25,93.75,North,Cash
8411,2023-11-25,CUST_01388,Male,60,Home & Kitchen,Knife Set,6,144.87,869.22,South,Debit Card
7489,2023-11-25,CUST_00525,Male,68,Electronics,USB Cable,3,651.72,1955.16,West,Credit Card
9522,2023-11-25,CUST_00225,Male,64,Home & Kitchen,Blender,1,234.65,234.65,South,UPI
1805,2023-11-25,CUST_00256,Male,35,Electronics,Headphones,1,145.59,145.59,North,Credit Card
8390,2023-11-25,CUST_00279,Female,59,Beauty,Face Wash,4,97.56,390.24,West,UPI
9501,2023-11-25,CUST_01942,Male,18,Beauty,Lipstick,4,70.68,282.72,West,Debit Card
4352,2023-11-25,CUST_00839,Female,64,Beauty,Foundation,2,65.58,131.16,South,Credit Card
7416,2023-11-25,CUST_01949,Female,68,Home & Kitchen,Cookware Set,3,21.89,65.67,East,Credit Card
9380,2023-11-25,CUST_01167,Male,45,Beauty,Foundation,1,87.37,87.37,North,Credit Card
4490,2023-11-25,CUST_00918,Female,40,Food,Organic Honey,1,10.49,10.49,North,Debit Card
5931,2023-11-25,CUST_01685,Male,64,Food,Granola,1,13.26,13.26,North,UPI
2566,2023-11-25,CUST_00967,Male,20,Beauty,Lipstick,2,57.75,115.5,South,Debit Card
8230,2023-11-25,CUST_00002,Male,31,Food,Protein Bar,1,5.95,5.95,East,Debit Card
8728,2023-11-25,CUST_01040,Male,18,Home & Kitchen,Knife Set,2,183.6,367.2,West,Credit Card
1453,2023-11-25,CUST_01582,Male,59,Beauty,Eye Shadow,4,14.51,58.04,East,Cash
6171,2023-11-26,CUST_00197,Male,69,Home & Kitchen,Bedsheet,3,183.24,549.72,West,Cash
5102,2023-11-26,CUST_00746,Female,32,Home & Kitchen,Cookware Set,5,75.02,375.1,North,UPI
2734,2023-11-26,CUST_00571,Female,61,Food,Granola,2,7.45,14.9,East,UPI
2346,2023-11-26,CUST_01163,Female,57,Home & Kitchen,Blender,1,27.14,27.14,West,Debit Card
7808,2023-11-26,CUST_01575,Female,53,Beauty,Moisturizer,2,7.95,15.9,North,UPI
4980,2023-11-26,CUST_01059,Female,18,Electronics,Laptop,5,346.02,1730.1,South,UPI
8754,2023-11-26,CUST_01316,Female,49,Clothing,Formal Shirt,1,113.64,113.64,West,UPI
9524,2023-11-26,CUST_01401,Male,58,Clothing,Hoodie,1,145.74,145.74,East,Credit Card
5537,2023-11-26,CUST_00661,Male,52,Home & Kitchen,Table Lamp,2,61.03,122.06,North,Debit Card
3899,2023-11-26,CUST_01911,Female,55,Food,Protein Bar,1,33.64,33.64,North,Debit Card
9642,2023-11-26,CUST_01496,Female,51,Home & Kitchen,Table Lamp,3,190.34,571.02,West,Debit Card
1925,2023-11-26,CUST_01966,Female,39,Electronics,Laptop,6,210.98,1265.88,North,UPI
8719,2023-11-26,CUST_01688,Male,18,Home & Kitchen,Knife Set,4,249.26,997.04,North,UPI
10030,2023-11-26,CUST_00205,Male,22,Sports,Football,2,187.01,374.02,West,Cash
1692,2023-11-26,CUST_00717,Male,58,Home & Kitchen,Storage Container,3,14.49,43.47,West,Debit Card
2211,2023-11-26,CUST_00896,Male,18,Beauty,Sunscreen,4,119.69,478.76,North,Credit Card
9714,2023-11-26,CUST_01844,Male,18,Beauty,Lipstick,7,77.16,540.12,South,Credit Card
7043,2023-11-27,CUST_00840,Female,21,Electronics,Smartphone,7,170.94,1196.58,North,Credit Card
5595,2023-11-27,CUST_00132,Female,65,Home & Kitchen,Table Lamp,3,238.53,715.59,South,Credit Card
9691,2023-11-27,CUST_01568,Female,43,Food,Granola,2,28.37,56.74,South,Debit Card
10498,2023-11-27,CUST_00956,Female,56,Home & Kitchen,Table Lamp,3,121.12,363.36,East,Credit Card
7724,2023-11-27,CUST_01240,Male,20,Electronics,Tablet,1,231.92,231.92,South,Credit Card
10867,2023-11-27,CUST_01214,Female,42,Home & Kitchen,Knife Set,3,211.8,635.4,North,Credit Card
1126,2023-11-27,CUST_01912,Male,26,Electronics,Smartphone,2,369.83,739.66,East,UPI
3130,2023-11-27,CUST_00983,Male,43,Electronics,Headphones,1,620.27,620.27,East,Credit Card
6299,2023-11-27,CUST_01679,Female,56,Home & Kitchen,Bedsheet,1,231.82,231.82,West,Debit Card
10695,2023-11-27,CUST_01381,Male,26,Beauty,Face Wash,2,89.97,179.94,West,Credit Card
6587,2023-11-27,CUST_01296,Female,65,Home & Kitchen,Pillow,5,21.95,109.75,North,UPI
3829,2023-11-27,CUST_01846,Male,18,Electronics,Bluetooth Speaker,1,39.53,39.53,East,Credit Card
2589,2023-11-27,CUST_00021,Female,60,Food,Olive Oil,1,21.1,21.1,East,Cash
4154,2023-11-27,CUST_01526,Female,47,Home & Kitchen,Knife Set,3,235.4,706.2,East,Credit Card
7933,2023-11-27,CUST_01687,Male,67,Beauty,Perfume,5,48.27,241.35,West,Credit Card
2076,2023-11-27,CUST_01400,Male,55,Food,Organic Honey,7,20.52,143.64,West,Credit Card
5046,2023-11-27,CUST_00735,Male,25,Beauty,Lipstick,2,60.4,120.8,North,Credit Card
5970,2023-11-27,CUST_00528,Male,41,Home & Kitchen,Cookware Set,1,193.82,193.82,South,Cash
4894,2023-11-27,CUST_00434,Female,21,Clothing,Shorts,1,16.32,16.32,North,Cash
1098,2023-11-27,CUST_00228,Male,36,Home & Kitchen,Cookware Set,1,239.89,239.89,East,Credit Card
1247,2023-11-27,CUST_00721,Male,32,Beauty,Perfume,3,9.02,27.06,West,Cash
10324,2023-11-27,CUST_01322,Male,59,Food,Peanut Butter,3,12.83,38.49,North,UPI
8793,2023-11-28,CUST_01052,Female,70,Food,Green Tea,4,21.45,85.8,West,Cash
6080,2023-11-28,CUST_00130,Male,44,Clothing,Jeans,2,98.51,197.02,West,UPI
9975,2023-11-28,CUST_00684,Female,57,Clothing,Jacket,5,117.61,588.05,North,Credit Card
2256,2023-11-28,CUST_01361,Female,70,Food,Dark Chocolate,6,28.73,172.38,South,Cash
6010,2023-11-28,CUST_00342,Female,31,Food,Peanut Butter,1,8.18,8.18,South,Credit Card
5526,2023-11-28,CUST_01602,Male,55,Food,Organic Honey,2,14.49,28.98,South,Credit Card
3258,2023-11-28,CUST_00426,Male,19,Electronics,Bluetooth Speaker,1,63.24,63.24,North,UPI
10181,2023-11-28,CUST_01758,Female,18,Food,Granola,1,12.93,12.93,West,UPI
1398,2023-11-28,CUST_00132,Female,65,Home & Kitchen,Blender,1,180.43,180.43,South,Debit Card
3393,2023-11-28,CUST_01324,Female,64,Home & Kitchen,Bedsheet,2,190.21,380.42,North,Debit Card
8275,2023-11-28,CUST_00350,Male,22,Clothing,Shorts,1,87.92,87.92,South,Debit Card
4759,2023-11-28,CUST_00249,Female,21,Home & Kitchen,Storage Container,4,18.38,73.52,East,Debit Card
7453,2023-11-28,CUST_01778,Female,52,Food,Dark Chocolate,1,12.82,12.82,North,Credit Card
7987,2023-11-28,CUST_00123,Female,24,Home & Kitchen,Table Lamp,5,125.99,629.95,West,Credit Card
2978,2023-11-28,CUST_00121,Female,47,Clothing,Hoodie,2,119.43,238.86,South,Debit Card
8302,2023-11-28,CUST_00819,Male,30,Home & Kitchen,Knife Set,1,241.78,241.78,North,Debit Card
4648,2023-11-28,CUST_00692,Male,41,Beauty,Sunscreen,1,45.63,45.63,West,Debit Card
4242,2023-11-28,CUST_00371,Female,65,Beauty,Moisturizer,2,112.27,224.54,South,UPI
5077,2023-11-28,CUST_00524,Male,63,Home & Kitchen,Table Lamp,2,185.96,371.92,East,Credit Card
6758,2023-11-28,CUST_00058,Female,60,Beauty,Moisturizer,1,106.59,106.59,East,Credit Card
3374,2023-11-28,CUST_01930,Female,39,Food,Dark Chocolate,3,13.38,40.14,North,Debit Card
5735,2023-11-28,CUST_00203,Female,55,Food,Peanut Butter,1,24.74,24.74,North,UPI
7775,2023-11-28,CUST_01094,Female,49,Electronics,Smartphone,1,109.63,109.63,South,Credit Card
2223,2023-11-29,CUST_00183,Male,60,Home & Kitchen,Cookware Set,4,95.89,383.56,North,Credit Card
9334,2023-11-29,CUST_01801,Male,52,Sports,Water Bottle,3,95.69,287.07,East,Credit Card
8381,2023-11-29,CUST_00610,Female,33,Electronics,Tablet,1,433.74,433.74,West,Debit Card
4807,2023-11-29,CUST_01914,Female,47,Food,Peanut Butter,2,37.02,74.04,South,UPI
1655,2023-11-29,CUST_00214,Male,63,Clothing,T-Shirt,2,149.48,298.96,North,Credit Card
9743,2023-11-29,CUST_00581,Male,37,Clothing,Sneakers,4,124.3,497.2,South,Credit Card
6373,2023-11-29,CUST_01475,Male,37,Electronics,Headphones,3,725.02,2175.06,South,Debit Card
6834,2023-11-29,CUST_01857,Male,35,Beauty,Face Wash,1,20.64,20.64,East,UPI
3384,2023-11-29,CUST_01268,Female,49,Sports,Skipping Rope,7,19.72,138.04,East,Debit Card
7288,2023-11-29,CUST_00209,Male,56,Electronics,Smartphone,1,515.73,515.73,South,Cash
4037,2023-11-29,CUST_00146,Male,30,Electronics,Headphones,1,629.15,629.15,South,UPI
2842,2023-11-29,CUST_01073,Male,18,Beauty,Moisturizer,4,111.47,445.88,East,Credit Card
8814,2023-11-29,CUST_01462,Female,53,Home & Kitchen,Knife Set,3,192.58,577.74,North,Credit Card
4901,2023-11-29,CUST_00479,Female,56,Home & Kitchen,Wall Clock,2,20.38,40.76,South,Credit Card
8072,2023-11-29,CUST_00522,Male,57,Home & Kitchen,Storage Container,1,205.49,205.49,North,UPI
10429,2023-11-29,CUST_00223,Female,57,Home & Kitchen,Blender,4,76.97,307.88,North,Debit Card
1019,2023-11-29,CUST_00687,Female,35,Clothing,Jeans,1,35.56,35.56,North,Credit Card
2702,2023-11-29,CUST_00890,Male,50,Food,Granola,4,9.75,39.0,West,UPI
2397,2023-11-29,CUST_01587,Male,30,Beauty,Foundation,5,92.35,461.75,West,Cash
4382,2023-11-29,CUST_01008,Female,49,Food,Olive Oil,4,35.53,142.12,West,Debit Card
10920,2023-11-30,CUST_00653,Male,59,Electronics,Smart Watch,4,275.6,1102.4,South,Debit Card
4100,2023-11-30,CUST_01046,Female,23,Home & Kitchen,Table Lamp,1,103.33,103.33,North,UPI
1344,2023-11-30,CUST_00870,Male,40,Food,Mixed Nuts,1,35.53,35.53,East,UPI
5942,2023-11-30,CUST_01163,Female,57,Beauty,Lipstick,2,37.87,75.74,West,UPI
4104,2023-11-30,CUST_01639,Female,44,Home & Kitchen,Wall Clock,3,144.89,434.67,North,UPI
4106,2023-11-30,CUST_00838,Male,18,Beauty,Moisturizer,4,43.04,172.16,West,Debit Card
8083,2023-11-30,CUST_00405,Male,33,Electronics,Laptop,1,185.48,185.48,East,Credit Card
3260,2023-11-30,CUST_01887,Male,50,Electronics,USB Cable,3,551.19,1653.57,West,Debit Card
4768,2023-11-30,CUST_00304,Female,44,Home & Kitchen,Table Lamp,5,22.23,111.15,East,Credit Card
6305,2023-11-30,CUST_00046,Female,34,Electronics,Power Bank,5,267.94,1339.7,North,Credit Card
6208,2023-11-30,CUST_01749,Female,31,Clothing,Dress,2,18.54,37.08,North,Credit Card
10091,2023-11-30,CUST_00082,Female,32,Home & Kitchen,Table Lamp,1,205.05,205.05,South,Cash
4022,2023-11-30,CUST_01466,Male,45,Food,Olive Oil,1,27.71,27.71,South,UPI
3776,2023-11-30,CUST_01546,Female,33,Home & Kitchen,Cookware Set,4,112.28,449.12,North,Debit Card
8240,2023-11-30,CUST_01566,Female,18,Electronics,Smartphone,4,132.61,530.44,South,UPI
4301,2023-11-30,CUST_00649,Male,21,Electronics,Headphones,2,462.01,924.02,West,UPI
5299,2023-11-30,CUST_01529,Male,29,Clothing,Formal Shirt,2,67.05,134.1,South,Credit Card
3623,2023-11-30,CUST_00632,Female,32,Sports,Yoga Mat,6,82.72,496.32,East,Credit Card
9661,2023-11-30,CUST_01743,Male,60,Beauty,Sunscreen,4,21.3,85.2,East,Cash
2950,2023-11-30,CUST_00917,Male,51,Electronics,Tablet,1,380.26,380.26,South,Cash
3649,2023-11-30,CUST_00507,Male,41,Clothing,Formal Shirt,1,18.98,18.98,North,Debit Card
7805,2023-11-30,CUST_01354,Male,18,Clothing,Sneakers,1,79.02,79.02,East,UPI
1988,2023-12-01,CUST_00497,Male,47,Food,Protein Bar,1,12.85,12.85,West,Cash
5719,2023-12-01,CUST_00320,Male,65,Beauty,Lipstick,4,91.5,366.0,North,UPI
6055,2023-12-01,CUST_01125,Female,27,Electronics,USB Cable,3,771.66,2314.98,North,Credit Card
9071,2023-12-01,CUST_00521,Female,51,Beauty,Perfume,6,84.48,506.88,East,UPI
2480,2023-12-01,CUST_00246,Male,26,Sports,Water Bottle,1,65.05,65.05,West,UPI
7425,2023-12-01,CUST_01787,Female,51,Beauty,Sunscreen,3,114.65,343.95,East,Debit Card
7876,2023-12-01,CUST_00567,Female,56,Home & Kitchen,Blender,6,244.8,1468.8,South,UPI
1916,2023-12-01,CUST_00657,Male,66,Food,Olive Oil,3,7.25,21.75,South,Debit Card
7976,2023-12-01,CUST_00386,Male,61,Food,Dark Chocolate,6,27.45,164.7,West,Debit Card
3865,2023-12-01,CUST_00481,Female,48,Clothing,T-Shirt,3,67.84,203.52,East,Cash
6022,2023-12-01,CUST_01595,Male,44,Home & Kitchen,Blender,3,228.34,685.02,East,Cash
9169,2023-12-01,CUST_00016,Female,50,Electronics,Bluetooth Speaker,2,295.52,591.04,South,Credit Card
10004,2023-12-01,CUST_01688,Male,18,Electronics,Laptop,5,69.31,346.55,North,Debit Card
6529,2023-12-01,CUST_00781,Male,35,Home & Kitchen,Wall Clock,1,16.35,16.35,West,UPI
3981,2023-12-02,CUST_01206,Female,58,Beauty,Moisturizer,5,78.97,394.85,West,Credit Card
10639,2023-12-02,CUST_00815,Male,30,Electronics,Power Bank,1,741.54,741.54,West,Debit Card
9467,2023-12-02,CUST_01062,Male,34,Electronics,Laptop,1,56.84,56.84,East,UPI
7718,2023-12-02,CUST_01052,Female,70,Beauty,Hair Oil,4,64.33,257.32,West,Debit Card
6057,2023-12-02,CUST_00531,Female,45,Beauty,Sunscreen,1,84.02,84.02,South,Debit Card
3795,2023-12-02,CUST_00767,Female,33,Home & Kitchen,Cookware Set,2,61.3,122.6,East,Cash
2989,2023-12-02,CUST_01067,Male,21,Home & Kitchen,Storage Container,2,17.56,35.12,South,Credit Card
8620,2023-12-02,CUST_00905,Female,38,Home & Kitchen,Pillow,4,237.54,950.16,West,Debit Card
2778,2023-12-02,CUST_01033,Male,50,Food,Mixed Nuts,2,22.85,45.7,East,Credit Card
6627,2023-12-02,CUST_00416,Male,49,Home & Kitchen,Table Lamp,3,217.78,653.34,South,Cash
8985,2023-12-02,CUST_01975,Male,32,Home & Kitchen,Storage Container,1,102.9,102.9,South,UPI
10692,2023-12-02,CUST_00699,Male,30,Home & Kitchen,Blender,1,103.64,103.64,East,Credit Card
8643,2023-12-02,CUST_01018,Male,51,Food,Mixed Nuts,2,11.58,23.16,South,Credit Card
9372,2023-12-02,CUST_00227,Female,43,Home & Kitchen,Blender,4,36.33,145.32,North,Debit Card
8452,2023-12-02,CUST_00371,Female,65,Home & Kitchen,Wall Clock,1,203.28,203.28,South,Debit Card
2353,2023-12-02,CUST_01742,Male,65,Electronics,Bluetooth Speaker,3,586.18,1758.54,East,Credit Card
6759,2023-12-02,CUST_01167,Male,45,Food,Dark Chocolate,3,8.29,24.87,North,UPI
1568,2023-12-02,CUST_01537,Male,40,Home & Kitchen,Blender,3,78.38,235.14,West,Cash
6096,2023-12-02,CUST_00722,Female,39,Electronics,Bluetooth Speaker,4,216.93,867.72,West,Debit Card
4666,2023-12-02,CUST_00081,Male,47,Home & Kitchen,Cookware Set,1,89.85,89.85,East,UPI
9795,2023-12-02,CUST_01763,Female,22,Sports,Yoga Mat,1,53.31,53.31,West,Credit Card
2705,2023-12-03,CUST_00823,Male,69,Home & Kitchen,Table Lamp,1,226.21,226.21,South,Debit Card
3445,2023-12-03,CUST_01138,Female,66,Clothing,Dress,2,146.6,293.2,West,Credit Card
6329,2023-12-03,CUST_00210,Male,56,Home & Kitchen,Blender,2,16.76,33.52,North,UPI
1864,2023-12-03,CUST_01494,Male,23,Electronics,Power Bank,3,274.84,824.52,East,Debit Card
1739,2023-12-03,CUST_00661,Male,52,Home & Kitchen,Wall Clock,6,228.33,1369.98,North,Cash
9099,2023-12-03,CUST_01150,Female,29,Home & Kitchen,Bedsheet,1,10.35,10.35,East,UPI
6580,2023-12-03,CUST_00912,Male,47,Food,Dark Chocolate,4,25.49,101.96,South,Credit Card
5695,2023-12-03,CUST_01315,Female,54,Clothing,Dress,5,50.12,250.6,North,Credit Card
4530,2023-12-03,CUST_00688,Female,32,Electronics,USB Cable,1,614.22,614.22,East,Debit Card
8483,2023-12-03,CUST_01281,Male,59,Beauty,Eye Shadow,1,66.08,66.08,South,Credit Card
9849,2023-12-03,CUST_00149,Male,57,Food,Organic Honey,2,27.83,55.66,East,Credit Card
4209,2023-12-03,CUST_00369,Female,65,Beauty,Hair Oil,1,88.95,88.95,South,Debit Card
9647,2023-12-03,CUST_00071,Male,55,Beauty,Moisturizer,1,100.0,100.0,West,UPI
10950,2023-12-03,CUST_00671,Female,37,Clothing,Formal Shirt,4,104.64,418.56,North,UPI
7399,2023-12-03,CUST_01172,Female,53,Sports,Water Bottle,2,195.75,391.5,South,Cash
3117,2023-12-03,CUST_00621,Female,30,Beauty,Foundation,2,51.95,103.9,West,Cash
3508,2023-12-03,CUST_01690,Female,40,Sports,Running Shoes,2,175.17,350.34,North,Credit Card
8628,2023-12-03,CUST_00116,Male,48,Home & Kitchen,Cookware Set,1,35.55,35.55,North,Debit Card
2947,2023-12-03,CUST_01783,Female,24,Clothing,Dress,2,71.68,143.36,West,Credit Card
1311,2023-12-03,CUST_01724,Male,56,Beauty,Perfume,3,107.14,321.42,North,Credit Card
8842,2023-12-03,CUST_01046,Female,23,Home & Kitchen,Storage Container,3,217.46,652.38,North,Debit Card
5333,2023-12-03,CUST_01010,Female,39,Clothing,Dress,1,28.41,28.41,North,Debit Card
2843,2023-12-03,CUST_00419,Male,27,Food,Protein Bar,4,33.2,132.8,North,Debit Card
1040,2023-12-03,CUST_00552,Male,60,Electronics,USB Cable,3,205.39,616.17,West,Credit Card
10536,2023-12-03,CUST_01691,Female,20,Home & Kitchen,Table Lamp,7,143.99,1007.93,South,UPI
8894,2023-12-04,CUST_01561,Female,30,Electronics,Laptop,1,261.35,261.35,South,Debit Card
4434,2023-12-04,CUST_00194,Female,39,Electronics,Bluetooth Speaker,1,87.89,87.89,East,Debit Card
9324,2023-12-04,CUST_01119,Male,50,Home & Kitchen,Table Lamp,3,181.35,544.05,West,Debit Card
8149,2023-12-04,CUST_00700,Male,56,Beauty,Eye Shadow,3,83.33,249.99,West,Cash
4155,2023-12-04,CUST_00345,Female,18,Home & Kitchen,Knife Set,3,160.08,480.24,South,Credit Card
7550,2023-12-04,CUST_00298,Male,24,Clothing,Jeans,1,138.73,138.73,South,Credit Card
4719,2023-12-04,CUST_01788,Female,60,Home & Kitchen,Storage Container,1,65.21,65.21,South,Credit Card
7662,2023-12-04,CUST_01361,Female,70,Food,Mixed Nuts,1,30.17,30.17,South,UPI
5266,2023-12-04,CUST_00772,Male,23,Beauty,Hair Oil,2,73.9,147.8,West,Debit Card
7302,2023-12-04,CUST_00234,Male,68,Home & Kitchen,Knife Set,4,207.43,829.72,West,Credit Card
6866,2023-12-04,CUST_01917,Female,59,Beauty,Perfume,2,31.25,62.5,East,Credit Card
8232,2023-12-04,CUST_01050,Female,60,Electronics,Smart Watch,3,515.34,1546.02,West,UPI
10333,2023-12-04,CUST_00620,Male,70,Clothing,Jeans,1,50.41,50.41,East,UPI
9454,2023-12-04,CUST_00010,Male,25,Clothing,Shorts,4,100.1,400.4,East,Credit Card
10202,2023-12-04,CUST_00028,Female,34,Beauty,Face Wash,2,104.84,209.68,North,UPI
4996,2023-12-04,CUST_00579,Female,42,Sports,Football,1,104.11,104.11,North,Credit Card
1427,2023-12-04,CUST_01528,Female,42,Electronics,Smartphone,2,502.59,1005.18,North,Credit Card
5341,2023-12-04,CUST_00431,Male,24,Home & Kitchen,Knife Set,6,13.68,82.08,North,Credit Card
9287,2023-12-04,CUST_00464,Female,55,Home & Kitchen,Cookware Set,1,117.91,117.91,East,Credit Card
5368,2023-12-04,CUST_01542,Female,48,Home & Kitchen,Bedsheet,4,130.61,522.44,North,Credit Card
5199,2023-12-04,CUST_01478,Male,68,Food,Peanut Butter,3,20.36,61.08,East,Debit Card
8319,2023-12-04,CUST_01439,Male,61,Home & Kitchen,Table Lamp,1,63.2,63.2,South,Credit Card
10621,2023-12-04,CUST_00818,Male,31,Home & Kitchen,Bedsheet,3,14.41,43.23,South,Cash
9882,2023-12-04,CUST_00271,Female,33,Beauty,Moisturizer,1,8.31,8.31,West,Debit Card
5752,2023-12-05,CUST_00088,Female,48,Home & Kitchen,Knife Set,2,187.19,374.38,North,Credit Card
9527,2023-12-05,CUST_00381,Female,56,Sports,Running Shoes,2,16.93,33.86,West,Debit Card
10975,2023-12-05,CUST_01771,Female,35,Home & Kitchen,Knife Set,3,38.35,115.05,East,UPI
4161,2023-12-05,CUST_01979,Female,36,Beauty,Foundation,2,63.28,126.56,East,UPI
10927,2023-12-05,CUST_00455,Male,28,Clothing,Sneakers,2,138.72,277.44,East,Debit Card
3457,2023-12-05,CUST_00017,Male,60,Beauty,Hair Oil,1,74.33,74.33,North,Cash
9473,2023-12-05,CUST_01585,Male,24,Food,Dark Chocolate,1,10.71,10.71,East,Debit Card
9092,2023-12-05,CUST_00830,Female,30,Clothing,Jeans,1,75.72,75.72,South,Debit Card
2444,2023-12-05,CUST_01369,Female,32,Food,Mixed Nuts,2,22.18,44.36,South,Credit Card
9919,2023-12-05,CUST_00264,Female,53,Home & Kitchen,Table Lamp,4,243.66,974.64,West,Cash
3264,2023-12-05,CUST_00650,Male,44,Sports,Football,2,161.07,322.14,West,Credit Card
8260,2023-12-05,CUST_01693,Female,32,Beauty,Moisturizer,5,84.74,423.7,South,UPI
5173,2023-12-05,CUST_01743,Male,60,Electronics,Headphones,3,470.09,1410.27,East,Cash
5934,2023-12-05,CUST_00544,Female,37,Home & Kitchen,Wall Clock,4,234.13,936.52,North,Cash
6217,2023-12-05,CUST_01002,Male,34,Electronics,Smart Watch,5,71.17,355.85,West,Credit Card
6408,2023-12-05,CUST_00164,Female,33,Food,Protein Bar,3,21.5,64.5,West,Cash
7306,2023-12-05,CUST_00989,Male,35,Beauty,Hair Oil,4,113.23,452.92,North,UPI
6425,2023-12-05,CUST_01498,Female,32,Electronics,Tablet,7,571.27,3998.89,East,Credit Card
4733,2023-12-06,CUST_00707,Female,59,Home & Kitchen,Table Lamp,3,201.56,604.68,West,Credit Card
2660,2023-12-06,CUST_00141,Male,39,Electronics,Smartphone,1,164.59,164.59,South,Debit Card
3379,2023-12-06,CUST_00083,Female,28,Electronics,Tablet,1,655.71,655.71,West,Cash
6822,2023-12-06,CUST_01548,Male,40,Home & Kitchen,Pillow,2,114.1,228.2,West,Credit Card
8480,2023-12-06,CUST_01023,Male,59,Home & Kitchen,Pillow,2,239.12,478.24,South,Debit Card
8035,2023-12-06,CUST_00817,Female,53,Home & Kitchen,Blender,1,96.12,96.12,East,Debit Card
6483,2023-12-06,CUST_01867,Female,48,Electronics,Smart Watch,2,781.09,1562.18,West,Credit Card
6907,2023-12-06,CUST_01216,Female,26,Clothing,Sneakers,6,93.31,559.86,North,Cash
2000,2023-12-06,CUST_00518,Female,30,Sports,Running Shoes,5,32.87,164.35,East,Credit Card
6387,2023-12-06,CUST_01624,Male,22,Home & Kitchen,Blender,1,77.66,77.66,North,Debit Card
8412,2023-12-06,CUST_01483,Female,57,Clothing,T-Shirt,2,103.56,207.12,East,UPI
6175,2023-12-06,CUST_01284,Male,25,Beauty,Hair Oil,1,83.57,83.57,South,Cash
2377,2023-12-06,CUST_01693,Female,32,Sports,Water Bottle,1,108.15,108.15,South,Debit Card
3196,2023-12-06,CUST_00343,Male,53,Food,Dark Chocolate,1,27.7,27.7,West,UPI
2208,2023-12-06,CUST_01661,Male,63,Home & Kitchen,Pillow,2,147.67,295.34,East,UPI
3779,2023-12-06,CUST_01449,Female,55,Sports,Resistance Band,3,195.0,585.0,South,Credit Card
7953,2023-12-06,CUST_01030,Female,26,Sports,Resistance Band,3,165.87,497.61,West,Credit Card
5976,2023-12-06,CUST_00859,Male,34,Sports,Cricket Bat,3,77.15,231.45,West,Cash
10451,2023-12-07,CUST_00395,Female,42,Electronics,Power Bank,6,471.06,2826.36,West,Credit Card
9411,2023-12-07,CUST_00278,Male,34,Electronics,Tablet,2,370.58,741.16,West,Credit Card
9069,2023-12-07,CUST_01348,Male,62,Clothing,Jacket,1,133.39,133.39,East,Credit Card
6697,2023-12-07,CUST_01863,Female,44,Home & Kitchen,Bedsheet,2,179.3,358.6,South,Credit Card
2490,2023-12-07,CUST_00175,Male,53,Food,Granola,1,36.83,36.83,South,Credit Card
9367,2023-12-07,CUST_01611,Male,30,Beauty,Face Wash,1,49.38,49.38,West,Cash
6101,2023-12-07,CUST_00362,Female,70,Home & Kitchen,Bedsheet,2,114.26,228.52,North,Credit Card
9646,2023-12-07,CUST_00281,Female,56,Food,Green Tea,2,21.68,43.36,South,Credit Card
6609,2023-12-07,CUST_00234,Male,68,Food,Dark Chocolate,2,7.58,15.16,West,Credit Card
3764,2023-12-07,CUST_01339,Male,34,Sports,Skipping Rope,1,70.04,70.04,North,Debit Card
7848,2023-12-07,CUST_00910,Female,68,Beauty,Perfume,1,47.09,47.09,East,Debit Card
8714,2023-12-07,CUST_01883,Female,70,Clothing,Hoodie,1,107.71,107.71,East,Credit Card
9656,2023-12-07,CUST_00225,Male,64,Food,Protein Bar,2,30.08,60.16,South,Credit Card
8038,2023-12-07,CUST_01660,Female,18,Clothing,Dress,1,113.16,113.16,West,UPI
9569,2023-12-07,CUST_00128,Female,36,Home & Kitchen,Knife Set,1,105.77,105.77,North,Cash
9012,2023-12-07,CUST_01241,Male,21,Sports,Yoga Mat,2,111.93,223.86,South,Debit Card
8616,2023-12-07,CUST_00522,Male,57,Home & Kitchen,Wall Clock,1,198.8,198.8,North,Cash
4670,2023-12-07,CUST_01157,Male,55,Clothing,Jeans,2,130.98,261.96,North,Debit Card
2915,2023-12-07,CUST_00446,Female,37,Electronics,Laptop,1,470.13,470.13,East,Credit Card
6879,2023-12-07,CUST_01251,Male,26,Home & Kitchen,Knife Set,1,173.92,173.92,South,Debit Card
7081,2023-12-07,CUST_00861,Female,21,Sports,Running Shoes,1,27.77,27.77,South,Credit Card
3513,2023-12-07,CUST_00679,Female,62,Home & Kitchen,Wall Clock,2,248.67,497.34,West,UPI
1636,2023-12-07,CUST_01666,Female,35,Electronics,Smartphone,4,199.6,798.4,West,UPI
1416,2023-12-07,CUST_00680,Female,26,Beauty,Moisturizer,4,117.61,470.44,East,Debit Card
9437,2023-12-08,CUST_01196,Male,55,Home & Kitchen,Knife Set,4,162.53,650.12,North,Cash
3159,2023-12-08,CUST_00973,Female,47,Clothing,Dress,2,49.16,98.32,West,Debit Card
8556,2023-12-08,CUST_00916,Female,65,Food,Granola,3,6.55,19.65,East,Credit Card
9398,2023-12-08,CUST_01551,Male,67,Home & Kitchen,Storage Container,4,240.73,962.92,West,Debit Card
1539,2023-12-08,CUST_00509,Female,39,Electronics,Power Bank,6,237.41,1424.46,East,Credit Card
2737,2023-12-08,CUST_00309,Female,36,Clothing,Sneakers,5,103.83,519.15,North,Credit Card
6890,2023-12-08,CUST_00453,Female,19,Sports,Cricket Bat,2,152.67,305.34,East,Cash
8641,2023-12-08,CUST_00179,Female,52,Electronics,Tablet,1,780.38,780.38,South,Debit Card
7756,2023-12-08,CUST_01709,Female,65,Home & Kitchen,Bedsheet,1,232.39,232.39,East,Debit Card
10686,2023-12-08,CUST_01999,Male,62,Clothing,Formal Shirt,2,28.23,56.46,North,Credit Card
1809,2023-12-08,CUST_01814,Male,65,Clothing,Sneakers,3,70.18,210.54,East,Debit Card
10991,2023-12-08,CUST_00999,Female,68,Sports,Resistance Band,3,149.58,448.74,North,Debit Card
4091,2023-12-08,CUST_00486,Male,27,Sports,Yoga Mat,2,127.65,255.3,North,UPI
3007,2023-12-08,CUST_01645,Male,32,Home & Kitchen,Cookware Set,1,152.27,152.27,South,Cash
5955,2023-12-08,CUST_01866,Female,70,Home & Kitchen,Bedsheet,2,241.57,483.14,North,Credit Card
3584,2023-12-08,CUST_00283,Male,26,Clothing,Shorts,3,105.59,316.77,South,Cash
9045,2023-12-08,CUST_00004,Male,34,Food,Dark Chocolate,2,33.28,66.56,East,Debit Card
4281,2023-12-08,CUST_00441,Male,33,Electronics,Laptop,1,327.23,327.23,South,Credit Card
2212,2023-12-08,CUST_01845,Female,60,Clothing,Dress,1,128.06,128.06,North,Credit Card
6349,2023-12-08,CUST_00007,Female,51,Home & Kitchen,Knife Set,6,61.49,368.94,East,Credit Card
10708,2023-12-08,CUST_01285,Male,36,Clothing,Jacket,1,29.58,29.58,North,Debit Card
7640,2023-12-08,CUST_00176,Female,38,Clothing,Shorts,1,145.8,145.8,West,UPI
4988,2023-12-08,CUST_00863,Male,53,Clothing,Dress,1,27.69,27.69,East,Debit Card
10248,2023-12-08,CUST_00948,Female,25,Clothing,Hoodie,4,126.78,507.12,South,Credit Card
2630,2023-12-08,CUST_00604,Female,22,Clothing,Dress,1,18.6,18.6,South,UPI
3078,2023-12-08,CUST_01618,Female,29,Sports,Yoga Mat,2,184.39,368.78,East,UPI
9963,2023-12-08,CUST_00485,Female,67,Electronics,Power Bank,3,223.46,670.38,North,UPI
6713,2023-12-09,CUST_01049,Female,54,Food,Organic Honey,2,31.68,63.36,West,Debit Card
1832,2023-12-09,CUST_00625,Female,67,Home & Kitchen,Cookware Set,2,42.47,84.94,East,Credit Card
1830,2023-12-09,CUST_00040,Female,31,Food,Dark Chocolate,3,36.77,110.31,South,Cash
9605,2023-12-09,CUST_01022,Female,51,Electronics,Headphones,2,153.86,307.72,East,Credit Card
9364,2023-12-09,CUST_00177,Female,23,Electronics,Headphones,3,606.74,1820.22,North,Credit Card
10915,2023-12-09,CUST_01831,Male,24,Sports,Football,3,157.55,472.65,East,UPI
8825,2023-12-09,CUST_01352,Female,26,Sports,Running Shoes,3,55.27,165.81,West,Cash
9232,2023-12-09,CUST_00354,Male,54,Beauty,Foundation,1,51.38,51.38,North,Debit Card
5258,2023-12-09,CUST_00744,Female,56,Home & Kitchen,Wall Clock,2,200.46,400.92,North,Cash
6316,2023-12-09,CUST_00037,Female,64,Home & Kitchen,Storage Container,3,193.6,580.8,North,Cash
2419,2023-12-09,CUST_01352,Female,26,Sports,Dumbbells,2,153.84,307.68,West,Cash
9521,2023-12-09,CUST_00027,Male,65,Clothing,Hoodie,1,33.95,33.95,South,UPI
7778,2023-12-09,CUST_01965,Male,32,Home & Kitchen,Pillow,2,225.63,451.26,North,Credit Card
8988,2023-12-09,CUST_01094,Female,49,Clothing,Hoodie,2,121.23,242.46,South,Credit Card
7290,2023-12-09,CUST_00592,Female,20,Electronics,Headphones,1,268.82,268.82,East,Debit Card
1862,2023-12-09,CUST_01775,Male,54,Food,Green Tea,2,38.35,76.7,West,UPI
9414,2023-12-09,CUST_00273,Male,25,Home & Kitchen,Storage Container,5,157.17,785.85,West,Debit Card
2315,2023-12-09,CUST_01883,Female,70,Home & Kitchen,Pillow,1,127.62,127.62,East,UPI
2570,2023-12-09,CUST_01483,Female,57,Home & Kitchen,Pillow,1,100.9,100.9,East,UPI
6861,2023-12-10,CUST_00258,Female,69,Beauty,Eye Shadow,2,118.47,236.94,North,UPI
3410,2023-12-10,CUST_01884,Female,50,Home & Kitchen,Table Lamp,1,148.86,148.86,South,UPI
5244,2023-12-10,CUST_00909,Female,61,Clothing,T-Shirt,1,131.89,131.89,South,Credit Card
10234,2023-12-10,CUST_00720,Female,66,Food,Organic Honey,5,22.42,112.1,East,Debit Card
8347,2023-12-10,CUST_00235,Female,33,Home & Kitchen,Bedsheet,1,117.97,117.97,North,Credit Card
1483,2023-12-10,CUST_01433,Male,61,Food,Mixed Nuts,1,12.47,12.47,North,Credit Card
10261,2023-12-10,CUST_01703,Female,29,Sports,Football,3,134.79,404.37,East,Debit Card
8362,2023-12-10,CUST_01484,Male,24,Electronics,Smartphone,4,183.32,733.28,South,Debit Card
7591,2023-12-10,CUST_00505,Female,27,Clothing,Hoodie,2,90.53,181.06,South,Cash
9734,2023-12-10,CUST_01160,Female,67,Electronics,Bluetooth Speaker,3,423.43,1270.29,North,Debit Card
4587,2023-12-10,CUST_00692,Male,41,Clothing,Dress,3,60.39,181.17,West,Credit Card
2761,2023-12-10,CUST_01682,Female,42,Clothing,Jacket,1,113.46,113.46,West,Credit Card
7365,2023-12-10,CUST_01091,Female,27,Electronics,Headphones,1,670.04,670.04,South,Cash
8781,2023-12-10,CUST_01468,Male,20,Food,Mixed Nuts,2,17.7,35.4,South,Debit Card
2264,2023-12-10,CUST_01202,Male,64,Home & Kitchen,Table Lamp,1,163.77,163.77,South,UPI
2390,2023-12-10,CUST_01608,Female,54,Food,Mixed Nuts,2,15.86,31.72,North,UPI
7015,2023-12-10,CUST_00749,Male,36,Sports,Dumbbells,5,160.94,804.7,North,Debit Card
6740,2023-12-10,CUST_01788,Female,60,Sports,Football,1,114.37,114.37,South,Cash
8998,2023-12-10,CUST_01692,Male,34,Home & Kitchen,Pillow,6,20.55,123.3,West,UPI
9405,2023-12-10,CUST_00407,Female,48,Electronics,Bluetooth Speaker,5,652.38,3261.9,South,Credit Card
4451,2023-12-10,CUST_01433,Male,61,Home & Kitchen,Knife Set,7,214.1,1498.7,North,Cash
4150,2023-12-10,CUST_01980,Female,59,Home & Kitchen,Knife Set,3,146.47,439.41,East,UPI
10671,2023-12-10,CUST_00609,Female,56,Home & Kitchen,Storage Container,3,170.75,512.25,East,UPI
4467,2023-12-10,CUST_00661,Male,52,Home & Kitchen,Wall Clock,1,81.36,81.36,North,UPI
2431,2023-12-10,CUST_00457,Male,45,Food,Granola,5,26.91,134.55,North,Cash
10035,2023-12-10,CUST_00580,Male,33,Food,Olive Oil,2,31.62,63.24,South,Credit Card
1025,2023-12-11,CUST_01717,Female,36,Food,Dark Chocolate,4,34.12,136.48,East,Cash
9519,2023-12-11,CUST_01155,Male,46,Home & Kitchen,Table Lamp,4,17.27,69.08,North,Debit Card
1491,2023-12-11,CUST_00171,Male,24,Sports,Dumbbells,3,174.86,524.58,South,Credit Card
8836,2023-12-11,CUST_01612,Female,59,Food,Green Tea,2,4.5,9.0,East,Cash
8211,2023-12-11,CUST_00724,Male,56,Clothing,Jacket,2,146.09,292.18,East,UPI
9019,2023-12-11,CUST_01893,Female,35,Beauty,Face Wash,2,8.15,16.3,North,Debit Card
6117,2023-12-11,CUST_00199,Female,43,Food,Peanut Butter,2,18.27,36.54,East,UPI
3337,2023-12-11,CUST_01558,Female,49,Beauty,Hair Oil,1,62.68,62.68,North,UPI
6249,2023-12-11,CUST_00590,Male,27,Clothing,Dress,5,123.23,616.15,East,Credit Card
10045,2023-12-11,CUST_01279,Female,44,Clothing,Dress,5,39.1,195.5,South,Credit Card
9638,2023-12-11,CUST_01787,Female,51,Food,Green Tea,2,34.34,68.68,East,UPI
8882,2023-12-11,CUST_01500,Male,27,Sports,Yoga Mat,2,157.0,314.0,South,Cash
3064,2023-12-12,CUST_00547,Female,40,Home & Kitchen,Storage Container,2,194.42,388.84,West,Cash
6993,2023-12-12,CUST_01181,Female,21,Clothing,Shorts,1,15.17,15.17,North,Credit Card
7731,2023-12-12,CUST_01688,Male,18,Electronics,Tablet,2,195.48,390.96,North,UPI
3724,2023-12-12,CUST_00248,Female,32,Beauty,Sunscreen,1,18.87,18.87,South,UPI
3051,2023-12-12,CUST_01405,Male,66,Home & Kitchen,Storage Container,1,217.33,217.33,East,UPI
6585,2023-12-12,CUST_01135,Female,23,Electronics,Bluetooth Speaker,3,657.59,1972.77,North,Cash
3650,2023-12-12,CUST_00723,Male,50,Home & Kitchen,Blender,1,47.32,47.32,South,Debit Card
2771,2023-12-12,CUST_00907,Female,24,Clothing,Formal Shirt,3,62.74,188.22,South,Cash
7358,2023-12-12,CUST_01054,Female,49,Electronics,USB Cable,1,587.35,587.35,East,UPI
3147,2023-12-12,CUST_01303,Female,38,Electronics,Headphones,1,253.69,253.69,East,Cash
6398,2023-12-12,CUST_00417,Female,67,Food,Protein Bar,1,7.92,7.92,South,Debit Card
5712,2023-12-12,CUST_00724,Male,56,Electronics,Headphones,3,508.32,1524.96,East,UPI
2983,2023-12-12,CUST_00651,Male,40,Beauty,Sunscreen,5,54.2,271.0,East,Credit Card
7385,2023-12-12,CUST_01190,Male,37,Sports,Water Bottle,1,113.31,113.31,South,Credit Card
8168,2023-12-12,CUST_01920,Female,36,Electronics,Smartphone,1,69.67,69.67,South,Debit Card
4124,2023-12-12,CUST_00240,Male,58,Home & Kitchen,Table Lamp,4,35.71,142.84,East,Debit Card
3424,2023-12-12,CUST_00739,Female,43,Sports,Resistance Band,2,14.41,28.82,North,Credit Card
3774,2023-12-12,CUST_01212,Female,49,Home & Kitchen,Bedsheet,2,213.45,426.9,South,Debit Card
7705,2023-12-12,CUST_01467,Female,65,Home & Kitchen,Cookware Set,1,103.79,103.79,North,UPI
6524,2023-12-12,CUST_00687,Female,35,Electronics,Smart Watch,2,257.21,514.42,North,Cash
6610,2023-12-12,CUST_01147,Male,53,Home & Kitchen,Table Lamp,5,224.17,1120.85,East,Debit Card
7086,2023-12-12,CUST_01651,Male,29,Electronics,USB Cable,4,439.0,1756.0,West,Cash
4812,2023-12-12,CUST_01994,Female,62,Electronics,USB Cable,3,89.18,267.54,West,UPI
1581,2023-12-12,CUST_00792,Female,48,Beauty,Eye Shadow,3,68.88,206.64,North,Credit Card
4633,2023-12-12,CUST_00828,Male,38,Beauty,Eye Shadow,2,66.33,132.66,East,Debit Card
5555,2023-12-12,CUST_01045,Female,58,Home & Kitchen,Knife Set,3,102.96,308.88,East,Debit Card
4560,2023-12-12,CUST_00003,Male,48,Home & Kitchen,Table Lamp,2,71.81,143.62,South,Credit Card
4565,2023-12-12,CUST_01663,Female,54,Home & Kitchen,Pillow,3,27.25,81.75,South,UPI
4835,2023-12-12,CUST_00693,Female,24,Food,Protein Bar,1,5.91,5.91,North,UPI
1363,2023-12-12,CUST_01535,Male,36,Home & Kitchen,Cookware Set,1,177.13,177.13,North,Credit Card
2886,2023-12-13,CUST_01305,Male,63,Food,Dark Chocolate,2,35.97,71.94,North,UPI
3197,2023-12-13,CUST_00137,Male,28,Clothing,Jeans,4,54.3,217.2,East,Debit Card
7539,2023-12-13,CUST_01168,Female,54,Home & Kitchen,Pillow,3,124.79,374.37,East,Cash
5759,2023-12-13,CUST_01619,Male,45,Clothing,Sneakers,4,23.31,93.24,West,Credit Card
10526,2023-12-13,CUST_01840,Female,27,Clothing,Sneakers,4,148.08,592.32,West,Cash
7891,2023-12-13,CUST_00147,Male,35,Electronics,Smartphone,2,577.4,1154.8,North,Cash
2858,2023-12-13,CUST_00107,Male,66,Home & Kitchen,Bedsheet,3,164.08,492.24,East,Debit Card
2783,2023-12-13,CUST_01175,Female,48,Sports,Water Bottle,3,30.92,92.76,South,Debit Card
2714,2023-12-13,CUST_00643,Female,33,Sports,Football,1,93.87,93.87,South,Cash
10398,2023-12-13,CUST_00501,Male,61,Home & Kitchen,Table Lamp,3,25.29,75.87,North,Debit Card
10818,2023-12-13,CUST_01973,Male,58,Food,Protein Bar,3,11.09,33.27,East,Cash
10340,2023-12-13,CUST_01162,Male,65,Food,Peanut Butter,2,9.52,19.04,East,UPI
6441,2023-12-13,CUST_00265,Male,63,Clothing,Sneakers,5,36.69,183.45,South,Debit Card
8432,2023-12-13,CUST_01651,Male,29,Food,Protein Bar,3,14.89,44.67,West,Debit Card
6285,2023-12-13,CUST_00956,Female,56,Beauty,Perfume,5,112.28,561.4,East,Credit Card
10114,2023-12-13,CUST_00626,Male,37,Home & Kitchen,Knife Set,1,45.93,45.93,North,Debit Card
3954,2023-12-13,CUST_01351,Female,27,Food,Green Tea,3,19.62,58.86,North,Cash
1606,2023-12-13,CUST_01750,Female,39,Beauty,Perfume,2,69.06,138.12,South,Credit Card
8158,2023-12-13,CUST_01114,Female,24,Home & Kitchen,Storage Container,4,56.76,227.04,East,Cash
7339,2023-12-13,CUST_00756,Male,46,Electronics,Power Bank,5,599.85,2999.25,South,Credit Card
8132,2023-12-13,CUST_00067,Female,30,Electronics,Power Bank,1,464.15,464.15,North,Debit Card
5663,2023-12-13,CUST_01788,Female,60,Home & Kitchen,Wall Clock,1,209.46,209.46,South,UPI
7074,2023-12-13,CUST_01828,Male,49,Electronics,Smartphone,1,363.06,363.06,East,Cash
6895,2023-12-14,CUST_00705,Male,69,Home & Kitchen,Wall Clock,2,149.52,299.04,East,Cash
10722,2023-12-14,CUST_00153,Male,33,Clothing,Jacket,1,132.18,132.18,North,Cash
3083,2023-12-14,CUST_01889,Female,50,Home & Kitchen,Knife Set,7,54.69,382.83,South,UPI
3057,2023-12-14,CUST_01795,Female,47,Sports,Dumbbells,1,152.64,152.64,North,Debit Card
3033,2023-12-14,CUST_00157,Female,30,Clothing,T-Shirt,1,71.49,71.49,West,UPI
1627,2023-12-14,CUST_00837,Female,18,Electronics,Laptop,3,363.8,1091.4,North,Credit Card
2342,2023-12-14,CUST_01704,Male,19,Beauty,Sunscreen,2,81.41,162.82,West,UPI
9336,2023-12-14,CUST_01377,Female,67,Clothing,Sneakers,2,106.42,212.84,West,UPI
1741,2023-12-14,CUST_01172,Female,53,Beauty,Moisturizer,2,53.99,107.98,South,UPI
9585,2023-12-14,CUST_00237,Female,51,Home & Kitchen,Knife Set,5,75.92,379.6,North,UPI
7251,2023-12-14,CUST_01596,Female,34,Home & Kitchen,Cookware Set,3,193.7,581.1,East,Cash
1789,2023-12-14,CUST_00888,Male,42,Electronics,Smartphone,2,25.3,50.6,North,UPI
1495,2023-12-14,CUST_01441,Male,27,Beauty,Eye Shadow,5,14.65,73.25,North,Credit Card
9339,2023-12-14,CUST_00394,Male,26,Clothing,T-Shirt,5,71.55,357.75,West,Debit Card
9941,2023-12-14,CUST_00924,Female,30,Home & Kitchen,Pillow,5,65.51,327.55,South,Debit Card
8745,2023-12-14,CUST_01818,Male,45,Clothing,T-Shirt,3,60.84,182.52,West,Credit Card
10389,2023-12-14,CUST_00282,Female,68,Electronics,Tablet,1,782.48,782.48,North,Debit Card
10506,2023-12-14,CUST_01028,Male,38,Food,Peanut Butter,4,8.01,32.04,East,Credit Card
2498,2023-12-14,CUST_00665,Male,41,Home & Kitchen,Table Lamp,6,121.89,731.34,North,UPI
3485,2023-12-14,CUST_01319,Male,60,Food,Granola,3,25.23,75.69,East,Credit Card
4310,2023-12-15,CUST_00843,Male,52,Electronics,Laptop,4,364.37,1457.48,North,Debit Card
3694,2023-12-15,CUST_01854,Female,42,Food,Peanut Butter,7,8.47,59.29,West,Debit Card
5096,2023-12-15,CUST_01645,Male,32,Sports,Water Bottle,3,72.4,217.2,South,UPI
6510,2023-12-15,CUST_00192,Male,68,Food,Peanut Butter,2,32.42,64.84,East,UPI
4788,2023-12-15,CUST_00461,Male,68,Beauty,Face Wash,3,5.18,15.54,North,UPI
1287,2023-12-15,CUST_01452,Male,39,Electronics,Laptop,5,332.86,1664.3,South,Cash
10496,2023-12-15,CUST_00045,Female,50,Electronics,Smartphone,4,793.42,3173.68,East,Credit Card
9330,2023-12-15,CUST_00341,Female,67,Food,Olive Oil,1,10.94,10.94,North,UPI
7804,2023-12-15,CUST_01320,Female,20,Electronics,Power Bank,1,69.21,69.21,North,Credit Card
7884,2023-12-15,CUST_00278,Male,34,Food,Dark Chocolate,2,25.39,50.78,West,UPI
4508,2023-12-15,CUST_00102,Female,55,Food,Organic Honey,1,13.89,13.89,North,Cash
5927,2023-12-15,CUST_00969,Male,20,Home & Kitchen,Wall Clock,2,51.27,102.54,South,Debit Card
2621,2023-12-15,CUST_01723,Male,66,Electronics,Smartphone,2,151.72,303.44,North,UPI
10471,2023-12-15,CUST_00169,Male,22,Electronics,Laptop,3,334.47,1003.41,South,UPI
7422,2023-12-15,CUST_00627,Female,25,Sports,Yoga Mat,3,88.43,265.29,West,UPI
8844,2023-12-15,CUST_01464,Female,47,Home & Kitchen,Cookware Set,3,175.88,527.64,West,Debit Card
8554,2023-12-15,CUST_01415,Male,38,Food,Olive Oil,1,26.98,26.98,North,UPI
7362,2023-12-15,CUST_00681,Female,29,Electronics,Smart Watch,1,583.07,583.07,North,Credit Card
10066,2023-12-15,CUST_01575,Female,53,Beauty,Moisturizer,1,72.2,72.2,North,Credit Card
10776,2023-12-15,CUST_01777,Male,42,Clothing,Sneakers,1,76.12,76.12,North,Debit Card
10122,2023-12-16,CUST_01849,Female,48,Home & Kitchen,Pillow,2,35.5,71.0,East,Debit Card
4285,2023-12-16,CUST_00156,Female,38,Food,Dark Chocolate,2,4.04,8.08,South,Credit Card
4643,2023-12-16,CUST_00374,Female,46,Food,Mixed Nuts,1,11.37,11.37,East,Cash
4644,2023-12-16,CUST_00120,Female,51,Clothing,Formal Shirt,4,43.8,175.2,West,Credit Card
7329,2023-12-16,CUST_00261,Female,36,Food,Peanut Butter,1,13.77,13.77,North,Debit Card
7141,2023-12-16,CUST_01148,Male,68,Clothing,Formal Shirt,3,88.65,265.95,South,Debit Card
2086,2023-12-16,CUST_00247,Female,62,Beauty,Hair Oil,1,114.43,114.43,South,UPI
4827,2023-12-16,CUST_00504,Male,50,Home & Kitchen,Blender,7,74.3,520.1,North,Cash
6540,2023-12-16,CUST_01932,Female,67,Beauty,Eye Shadow,1,19.99,19.99,East,Debit Card
9344,2023-12-16,CUST_00619,Male,70,Beauty,Hair Oil,6,118.57,711.42,North,Credit Card
9349,2023-12-16,CUST_01479,Female,66,Electronics,USB Cable,2,355.3,710.6,North,UPI
10415,2023-12-16,CUST_01976,Male,48,Home & Kitchen,Knife Set,6,28.58,171.48,East,UPI
5229,2023-12-16,CUST_01032,Male,67,Electronics,Laptop,1,242.89,242.89,South,Credit Card
5043,2023-12-16,CUST_01824,Male,53,Food,Green Tea,1,28.38,28.38,South,Debit Card
6297,2023-12-16,CUST_00693,Female,24,Electronics,Bluetooth Speaker,3,754.97,2264.91,North,Credit Card
7795,2023-12-16,CUST_01477,Female,18,Beauty,Sunscreen,1,103.32,103.32,East,UPI
1526,2023-12-17,CUST_00201,Male,55,Food,Dark Chocolate,1,27.87,27.87,East,UPI
6588,2023-12-17,CUST_00499,Female,59,Food,Mixed Nuts,2,4.27,8.54,West,Debit Card
4522,2023-12-17,CUST_01951,Male,19,Electronics,Tablet,2,276.92,553.84,South,Credit Card
6164,2023-12-17,CUST_00757,Female,31,Electronics,Power Bank,2,24.31,48.62,East,UPI
3757,2023-12-17,CUST_01615,Female,29,Clothing,Formal Shirt,1,122.12,122.12,North,Debit Card
8964,2023-12-17,CUST_00308,Male,35,Clothing,Formal Shirt,1,62.81,62.81,South,Debit Card
1458,2023-12-17,CUST_00426,Male,19,Clothing,Jacket,1,104.24,104.24,North,Credit Card
3226,2023-12-17,CUST_00216,Female,68,Beauty,Eye Shadow,7,89.52,626.64,North,Credit Card
10082,2023-12-17,CUST_01658,Female,48,Home & Kitchen,Table Lamp,3,21.34,64.02,West,Debit Card
10517,2023-12-17,CUST_00732,Female,57,Food,Olive Oil,2,35.26,70.52,East,Debit Card
10733,2023-12-17,CUST_01523,Male,66,Home & Kitchen,Knife Set,1,12.11,12.11,West,UPI
6268,2023-12-17,CUST_00953,Female,65,Food,Organic Honey,2,29.78,59.56,East,Cash
7364,2023-12-17,CUST_00781,Male,35,Food,Dark Chocolate,1,11.36,11.36,West,Cash
9493,2023-12-17,CUST_01349,Male,69,Home & Kitchen,Blender,3,38.19,114.57,East,Cash
10544,2023-12-17,CUST_01658,Female,48,Electronics,Tablet,1,158.11,158.11,West,UPI
5882,2023-12-17,CUST_01796,Female,62,Beauty,Foundation,2,52.41,104.82,North,Credit Card
8425,2023-12-17,CUST_00587,Female,23,Beauty,Perfume,3,72.95,218.85,West,Debit Card
5512,2023-12-18,CUST_00508,Female,34,Food,Dark Chocolate,1,18.27,18.27,West,Credit Card
6275,2023-12-18,CUST_00400,Female,26,Home & Kitchen,Pillow,1,131.81,131.81,East,Credit Card
8348,2023-12-18,CUST_01077,Male,63,Electronics,Headphones,3,588.39,1765.17,West,UPI
7970,2023-12-18,CUST_01570,Male,33,Sports,Football,3,31.62,94.86,South,Cash
10993,2023-12-18,CUST_00551,Female,58,Clothing,Dress,4,39.63,158.52,North,Credit Card
9786,2023-12-18,CUST_00840,Female,21,Electronics,Power Bank,2,786.55,1573.1,North,Cash
7057,2023-12-18,CUST_01560,Male,27,Sports,Water Bottle,3,124.55,373.65,South,Debit Card
7988,2023-12-18,CUST_01654,Female,42,Clothing,Jeans,1,69.67,69.67,East,Credit Card
9539,2023-12-18,CUST_01478,Male,68,Food,Granola,4,29.69,118.76,East,UPI
9586,2023-12-18,CUST_00755,Male,47,Electronics,Smartphone,4,579.83,2319.32,East,Debit Card
5482,2023-12-18,CUST_00619,Male,70,Electronics,Smartphone,4,19.79,79.16,North,Credit Card
3165,2023-12-18,CUST_01000,Male,52,Food,Granola,1,7.03,7.03,South,Credit Card
3661,2023-12-18,CUST_01689,Male,60,Food,Organic Honey,2,23.07,46.14,West,UPI
1858,2023-12-18,CUST_00835,Male,49,Home & Kitchen,Table Lamp,3,107.31,321.93,North,UPI
3145,2023-12-18,CUST_00122,Male,60,Home & Kitchen,Wall Clock,1,183.16,183.16,North,Debit Card
7587,2023-12-18,CUST_00915,Female,61,Sports,Cricket Bat,3,99.09,297.27,East,Credit Card
9852,2023-12-18,CUST_00107,Male,66,Home & Kitchen,Storage Container,1,95.11,95.11,East,Credit Card
9699,2023-12-18,CUST_00352,Male,68,Beauty,Sunscreen,6,78.93,473.58,North,UPI
1090,2023-12-18,CUST_01549,Male,35,Home & Kitchen,Knife Set,6,81.72,490.32,South,Cash
1713,2023-12-18,CUST_01780,Female,64,Home & Kitchen,Knife Set,1,203.89,203.89,East,Debit Card
10549,2023-12-18,CUST_00458,Female,45,Home & Kitchen,Blender,2,163.91,327.82,North,Cash
4736,2023-12-18,CUST_01468,Male,20,Food,Mixed Nuts,4,32.26,129.04,South,Credit Card
2238,2023-12-19,CUST_00528,Male,41,Beauty,Lipstick,1,52.96,52.96,South,Debit Card
9017,2023-12-19,CUST_00512,Female,44,Clothing,Shorts,3,29.36,88.08,North,UPI
8236,2023-12-19,CUST_00839,Female,64,Home & Kitchen,Cookware Set,1,18.52,18.52,South,Cash
10937,2023-12-19,CUST_00507,Male,41,Clothing,Shorts,5,18.66,93.3,North,UPI
4345,2023-12-19,CUST_00784,Female,62,Sports,Water Bottle,4,26.17,104.68,South,Cash
2026,2023-12-19,CUST_01438,Female,37,Home & Kitchen,Table Lamp,1,166.04,166.04,South,Debit Card
4267,2023-12-19,CUST_01124,Female,19,Clothing,Hoodie,3,93.92,281.76,East,Debit Card
1339,2023-12-19,CUST_00188,Female,69,Electronics,Smartphone,7,123.27,862.89,South,Credit Card
3283,2023-12-19,CUST_01996,Female,53,Food,Protein Bar,6,28.0,168.0,East,Debit Card
6222,2023-12-19,CUST_01881,Female,66,Beauty,Moisturizer,4,42.72,170.88,West,Cash
7952,2023-12-19,CUST_01880,Male,25,Electronics,Tablet,1,215.22,215.22,South,Credit Card
1596,2023-12-19,CUST_00569,Male,65,Home & Kitchen,Blender,2,89.31,178.62,South,Cash
1342,2023-12-19,CUST_01700,Male,37,Electronics,Bluetooth Speaker,1,272.93,272.93,South,Credit Card
6002,2023-12-19,CUST_01318,Male,24,Home & Kitchen,Knife Set,2,105.65,211.3,North,Debit Card
6159,2023-12-19,CUST_01501,Male,59,Home & Kitchen,Wall Clock,2,199.06,398.12,South,Cash
3732,2023-12-19,CUST_01070,Male,31,Food,Peanut Butter,2,27.52,55.04,West,Cash
2406,2023-12-20,CUST_00278,Male,34,Food,Organic Honey,1,22.9,22.9,West,Cash
3574,2023-12-20,CUST_01000,Male,52,Food,Protein Bar,4,21.49,85.96,South,Debit Card
10231,2023-12-20,CUST_01373,Male,27,Beauty,Face Wash,4,26.56,106.24,North,Cash
3469,2023-12-20,CUST_00122,Male,60,Food,Protein Bar,1,12.97,12.97,North,UPI
3876,2023-12-20,CUST_00987,Male,29,Clothing,Shorts,2,122.97,245.94,East,UPI
7503,2023-12-20,CUST_01742,Male,65,Electronics,Tablet,2,223.3,446.6,East,Credit Card
5653,2023-12-20,CUST_00586,Male,67,Beauty,Sunscreen,1,111.6,111.6,South,UPI
6832,2023-12-20,CUST_01228,Male,44,Food,Protein Bar,1,30.13,30.13,West,UPI
10204,2023-12-20,CUST_00420,Male,36,Clothing,Jacket,1,48.71,48.71,North,UPI
10827,2023-12-20,CUST_01942,Male,18,Clothing,Formal Shirt,7,42.71,298.97,West,UPI
10116,2023-12-20,CUST_01241,Male,21,Sports,Cricket Bat,3,70.55,211.65,South,UPI
6250,2023-12-20,CUST_00001,Male,53,Home & Kitchen,Pillow,3,200.74,602.22,South,Debit Card
6067,2023-12-20,CUST_01887,Male,50,Home & Kitchen,Blender,3,139.37,418.11,West,Credit Card
5971,2023-12-20,CUST_01903,Male,20,Food,Green Tea,1,29.46,29.46,West,UPI
4843,2023-12-20,CUST_01856,Male,28,Beauty,Perfume,1,18.82,18.82,West,UPI
10445,2023-12-20,CUST_01029,Male,56,Home & Kitchen,Knife Set,2,69.42,138.84,South,Debit Card
6495,2023-12-20,CUST_01282,Female,26,Clothing,Hoodie,2,94.11,188.22,South,Debit Card
8940,2023-12-20,CUST_01999,Male,62,Food,Peanut Butter,2,16.13,32.26,North,Debit Card
7936,2023-12-20,CUST_01443,Male,48,Home & Kitchen,Table Lamp,5,168.49,842.45,East,UPI
8176,2023-12-20,CUST_01889,Female,50,Clothing,Jacket,5,126.41,632.05,South,Credit Card
5433,2023-12-20,CUST_01884,Female,50,Food,Organic Honey,2,26.67,53.34,South,UPI
1970,2023-12-20,CUST_01008,Female,49,Electronics,Headphones,1,162.8,162.8,West,Cash
2768,2023-12-20,CUST_00493,Male,23,Electronics,USB Cable,1,706.51,706.51,East,Debit Card
8659,2023-12-21,CUST_00990,Male,68,Home & Kitchen,Table Lamp,4,46.65,186.6,East,Debit Card
3518,2023-12-21,CUST_00612,Male,52,Beauty,Eye Shadow,7,18.72,131.04,East,Cash
5274,2023-12-21,CUST_01297,Female,20,Electronics,Bluetooth Speaker,1,648.97,648.97,North,Cash
5093,2023-12-21,CUST_01281,Male,59,Home & Kitchen,Bedsheet,1,175.75,175.75,South,Credit Card
9800,2023-12-21,CUST_00962,Female,26,Beauty,Perfume,2,5.18,10.36,North,UPI
5307,2023-12-21,CUST_00987,Male,29,Beauty,Eye Shadow,1,74.06,74.06,East,Cash
7815,2023-12-21,CUST_01070,Male,31,Electronics,Power Bank,1,180.28,180.28,West,Debit Card
9994,2023-12-21,CUST_00400,Female,26,Sports,Skipping Rope,1,185.42,185.42,East,Cash
6596,2023-12-21,CUST_01537,Male,40,Home & Kitchen,Pillow,6,236.12,1416.72,West,Credit Card
4820,2023-12-21,CUST_01619,Male,45,Clothing,Jacket,3,94.45,283.35,West,Cash
7745,2023-12-21,CUST_00561,Female,32,Food,Olive Oil,1,12.55,12.55,North,Cash
3809,2023-12-21,CUST_00113,Female,44,Home & Kitchen,Wall Clock,1,117.9,117.9,East,UPI
9311,2023-12-21,CUST_01291,Female,32,Electronics,Laptop,2,119.84,239.68,East,Cash
5206,2023-12-21,CUST_01136,Female,64,Sports,Water Bottle,5,23.29,116.45,East,Debit Card
6307,2023-12-21,CUST_00618,Male,69,Home & Kitchen,Cookware Set,1,90.65,90.65,South,Cash
6885,2023-12-22,CUST_00179,Female,52,Home & Kitchen,Pillow,4,102.57,410.28,South,UPI
2502,2023-12-22,CUST_00355,Male,37,Sports,Skipping Rope,1,17.54,17.54,North,Debit Card
2268,2023-12-22,CUST_00590,Male,27,Home & Kitchen,Knife Set,1,43.53,43.53,East,Debit Card
9059,2023-12-22,CUST_00356,Male,25,Electronics,Laptop,1,262.77,262.77,West,Debit Card
6256,2023-12-22,CUST_01787,Female,51,Beauty,Moisturizer,4,16.79,67.16,East,Credit Card
8461,2023-12-22,CUST_01283,Male,32,Electronics,Headphones,1,599.63,599.63,South,Credit Card
2059,2023-12-22,CUST_00775,Female,47,Clothing,Jeans,1,86.83,86.83,East,UPI
2275,2023-12-22,CUST_01514,Male,43,Home & Kitchen,Storage Container,2,52.87,105.74,North,Credit Card
2139,2023-12-22,CUST_01110,Female,47,Sports,Running Shoes,1,25.71,25.71,East,Cash
8365,2023-12-22,CUST_00173,Female,50,Clothing,Hoodie,2,134.71,269.42,North,Credit Card
10856,2023-12-23,CUST_01004,Male,35,Home & Kitchen,Storage Container,3,179.13,537.39,North,Debit Card
6118,2023-12-23,CUST_00818,Male,31,Home & Kitchen,Storage Container,2,77.1,154.2,South,UPI
5324,2023-12-23,CUST_01129,Female,51,Sports,Football,2,147.33,294.66,West,UPI
8684,2023-12-23,CUST_00127,Male,47,Food,Dark Chocolate,6,27.05,162.3,West,Credit Card
9803,2023-12-23,CUST_01235,Female,48,Electronics,Smartphone,5,179.08,895.4,North,UPI
2252,2023-12-23,CUST_00547,Female,40,Clothing,Jacket,4,58.15,232.6,West,Cash
4828,2023-12-23,CUST_01833,Male,65,Home & Kitchen,Storage Container,1,19.02,19.02,West,Credit Card
1700,2023-12-23,CUST_01537,Male,40,Electronics,Laptop,3,125.31,375.93,West,UPI
9067,2023-12-23,CUST_00476,Female,32,Home & Kitchen,Cookware Set,4,120.77,483.08,West,Debit Card
3831,2023-12-23,CUST_01955,Male,27,Electronics,USB Cable,2,637.56,1275.12,East,Cash
7821,2023-12-23,CUST_01602,Male,55,Home & Kitchen,Pillow,3,214.26,642.78,South,Credit Card
3289,2023-12-23,CUST_01723,Male,66,Home & Kitchen,Bedsheet,2,46.47,92.94,North,Debit Card
7782,2023-12-23,CUST_00534,Female,29,Electronics,Tablet,1,723.86,723.86,North,UPI
9164,2023-12-23,CUST_01932,Female,67,Home & Kitchen,Storage Container,1,42.98,42.98,East,Credit Card
10715,2023-12-23,CUST_00861,Female,21,Clothing,Dress,1,134.88,134.88,South,Credit Card
8126,2023-12-23,CUST_01304,Male,44,Home & Kitchen,Table Lamp,2,22.29,44.58,West,Credit Card
2928,2023-12-23,CUST_01963,Female,53,Food,Granola,4,34.52,138.08,East,Credit Card
9855,2023-12-23,CUST_00444,Male,52,Food,Protein Bar,2,6.36,12.72,East,Credit Card
7482,2023-12-23,CUST_00900,Male,26,Electronics,USB Cable,6,637.43,3824.58,East,Credit Card
5965,2023-12-23,CUST_00911,Female,39,Food,Protein Bar,2,10.53,21.06,East,UPI
8323,2023-12-23,CUST_00551,Female,58,Food,Green Tea,1,26.12,26.12,North,UPI
2746,2023-12-23,CUST_01976,Male,48,Clothing,Dress,1,44.98,44.98,East,UPI
10139,2023-12-23,CUST_01837,Male,57,Beauty,Eye Shadow,3,106.67,320.01,East,Debit Card
9916,2023-12-24,CUST_01702,Female,68,Food,Mixed Nuts,6,13.61,81.66,East,Debit Card
5476,2023-12-24,CUST_00415,Female,35,Electronics,Smartphone,1,164.08,164.08,East,Debit Card
1624,2023-12-24,CUST_00056,Male,57,Food,Green Tea,3,12.98,38.94,West,Debit Card
5902,2023-12-24,CUST_00664,Female,36,Clothing,Jacket,1,89.45,89.45,South,Credit Card
6079,2023-12-24,CUST_01350,Male,31,Electronics,Headphones,1,667.4,667.4,South,Credit Card
4052,2023-12-24,CUST_01664,Male,70,Food,Organic Honey,1,7.91,7.91,East,Cash
6965,2023-12-24,CUST_00882,Female,52,Clothing,Jeans,1,138.04,138.04,South,UPI
4581,2023-12-24,CUST_01084,Male,26,Clothing,Jacket,3,81.95,245.85,North,Credit Card
3487,2023-12-24,CUST_00230,Female,46,Beauty,Lipstick,4,114.96,459.84,East,UPI
4906,2023-12-24,CUST_01001,Female,22,Home & Kitchen,Cookware Set,1,100.86,100.86,North,Credit Card
7448,2023-12-24,CUST_00835,Male,49,Electronics,Smart Watch,1,249.67,249.67,North,Cash
4317,2023-12-24,CUST_00260,Male,38,Electronics,Power Bank,4,98.5,394.0,East,Credit Card
3052,2023-12-24,CUST_00314,Female,43,Home & Kitchen,Wall Clock,1,18.19,18.19,North,Cash
10641,2023-12-24,CUST_00563,Female,59,Beauty,Perfume,4,46.43,185.72,West,UPI
2984,2023-12-24,CUST_00072,Male,25,Beauty,Moisturizer,3,74.67,224.01,West,Credit Card
5761,2023-12-24,CUST_00140,Female,53,Food,Dark Chocolate,3,11.45,34.35,North,Cash
7910,2023-12-24,CUST_01699,Female,34,Clothing,Sneakers,3,106.09,318.27,South,Debit Card
8054,2023-12-24,CUST_00438,Male,35,Electronics,Tablet,1,271.41,271.41,East,Credit Card
3730,2023-12-24,CUST_01165,Female,21,Electronics,USB Cable,3,297.91,893.73,East,UPI
8084,2023-12-24,CUST_00870,Male,40,Home & Kitchen,Pillow,2,180.76,361.52,East,Debit Card
8171,2023-12-24,CUST_01317,Male,36,Electronics,Smart Watch,2,101.95,203.9,West,UPI
10963,2023-12-24,CUST_00299,Male,39,Home & Kitchen,Table Lamp,2,147.74,295.48,South,Debit Card
8269,2023-12-24,CUST_01859,Female,41,Home & Kitchen,Table Lamp,5,178.33,891.65,North,UPI
5376,2023-12-24,CUST_00376,Female,63,Sports,Dumbbells,1,12.26,12.26,North,Debit Card
4548,2023-12-24,CUST_01958,Male,55,Food,Granola,6,19.4,116.4,North,Debit Card
6375,2023-12-24,CUST_01820,Male,47,Beauty,Moisturizer,5,33.45,167.25,West,Credit Card
2546,2023-12-24,CUST_01384,Female,69,Food,Granola,5,9.33,46.65,North,Debit Card
8192,2023-12-25,CUST_00753,Female,48,Home & Kitchen,Knife Set,6,20.98,125.88,East,Cash
7303,2023-12-25,CUST_01653,Female,28,Home & Kitchen,Pillow,2,31.79,63.58,North,UPI
10023,2023-12-25,CUST_01414,Male,46,Clothing,Formal Shirt,1,95.66,95.66,South,Debit Card
6999,2023-12-25,CUST_00892,Female,46,Home & Kitchen,Pillow,3,17.25,51.75,South,Credit Card
6886,2023-12-25,CUST_01581,Female,43,Home & Kitchen,Storage Container,2,73.06,146.12,North,Debit Card
10977,2023-12-25,CUST_01766,Female,39,Home & Kitchen,Pillow,5,229.63,1148.15,North,UPI
7623,2023-12-25,CUST_01675,Male,25,Beauty,Face Wash,2,104.04,208.08,East,Cash
2525,2023-12-25,CUST_00167,Male,37,Clothing,Dress,1,84.13,84.13,East,Cash
3413,2023-12-25,CUST_01157,Male,55,Electronics,Power Bank,1,33.23,33.23,North,Cash
3364,2023-12-25,CUST_01866,Female,70,Home & Kitchen,Bedsheet,6,93.49,560.94,North,Credit Card
6073,2023-12-25,CUST_01762,Male,32,Clothing,Jeans,1,112.77,112.77,East,Credit Card
4636,2023-12-25,CUST_00588,Male,62,Food,Protein Bar,1,9.24,9.24,West,Credit Card
7067,2023-12-25,CUST_00186,Female,22,Beauty,Hair Oil,7,112.89,790.23,East,Debit Card
8415,2023-12-25,CUST_00218,Male,63,Food,Protein Bar,2,23.59,47.18,North,UPI
6124,2023-12-25,CUST_01113,Female,35,Food,Green Tea,1,27.29,27.29,South,Credit Card
9080,2023-12-25,CUST_01631,Female,30,Sports,Skipping Rope,2,107.0,214.0,West,Cash
8135,2023-12-25,CUST_01351,Female,27,Electronics,Smartphone,7,243.96,1707.72,North,Credit Card
6282,2023-12-25,CUST_00841,Male,60,Beauty,Face Wash,1,119.59,119.59,North,UPI
2355,2023-12-25,CUST_01509,Male,68,Clothing,T-Shirt,3,58.35,175.05,North,UPI
4278,2023-12-25,CUST_00631,Female,35,Home & Kitchen,Bedsheet,1,46.23,46.23,East,Credit Card
9173,2023-12-25,CUST_00738,Female,37,Electronics,Smartphone,5,390.03,1950.15,West,Debit Card
5613,2023-12-25,CUST_00408,Female,31,Food,Granola,3,30.23,90.69,North,Debit Card
9565,2023-12-25,CUST_00855,Female,53,Beauty,Moisturizer,2,10.21,20.42,South,Cash
9338,2023-12-25,CUST_01563,Male,37,Food,Dark Chocolate,2,25.68,51.36,North,UPI
8050,2023-12-26,CUST_00154,Female,56,Food,Granola,1,14.05,14.05,South,Cash
2205,2023-12-26,CUST_00826,Male,28,Electronics,Power Bank,3,626.62,1879.86,South,Credit Card
10399,2023-12-26,CUST_00727,Female,20,Electronics,Power Bank,1,597.77,597.77,East,Debit Card
5497,2023-12-26,CUST_01995,Female,56,Clothing,Jacket,3,107.31,321.93,North,Credit Card
8298,2023-12-26,CUST_00114,Female,46,Beauty,Hair Oil,3,28.28,84.84,East,Cash
3273,2023-12-26,CUST_01245,Male,47,Electronics,Tablet,6,107.6,645.6,West,UPI
7148,2023-12-26,CUST_00170,Female,57,Beauty,Face Wash,4,81.28,325.12,South,Cash
3546,2023-12-26,CUST_01954,Female,40,Food,Green Tea,1,35.59,35.59,North,Credit Card
10464,2023-12-26,CUST_01945,Female,30,Electronics,Laptop,1,270.43,270.43,West,Credit Card
2764,2023-12-26,CUST_01581,Female,43,Sports,Resistance Band,4,172.29,689.16,North,UPI
5935,2023-12-26,CUST_00745,Female,31,Beauty,Face Wash,1,37.68,37.68,West,Cash
4647,2023-12-26,CUST_00286,Male,25,Beauty,Moisturizer,1,13.37,13.37,North,UPI
3010,2023-12-26,CUST_00793,Female,70,Electronics,Headphones,1,491.91,491.91,North,Credit Card
10093,2023-12-26,CUST_01961,Male,50,Home & Kitchen,Table Lamp,1,100.9,100.9,East,Debit Card
2758,2023-12-26,CUST_00079,Female,42,Home & Kitchen,Knife Set,1,195.76,195.76,South,Cash
6880,2023-12-26,CUST_01820,Male,47,Clothing,Jeans,1,52.43,52.43,West,UPI
4479,2023-12-26,CUST_00594,Female,35,Electronics,Headphones,3,162.61,487.83,West,Debit Card
8631,2023-12-26,CUST_00229,Female,36,Clothing,Hoodie,3,86.55,259.65,North,Credit Card
1922,2023-12-26,CUST_01472,Female,19,Clothing,Sneakers,3,104.83,314.49,North,Debit Card
2688,2023-12-26,CUST_01782,Male,48,Home & Kitchen,Storage Container,4,229.54,918.16,North,Cash
3459,2023-12-26,CUST_01992,Male,47,Clothing,Jeans,4,115.43,461.72,East,Credit Card
2433,2023-12-26,CUST_00159,Male,42,Food,Green Tea,1,22.25,22.25,South,Debit Card
4558,2023-12-26,CUST_01293,Male,66,Food,Granola,5,18.24,91.2,West,Credit Card
7166,2023-12-26,CUST_01161,Female,27,Food,Mixed Nuts,4,26.33,105.32,North,UPI
10247,2023-12-27,CUST_00460,Female,53,Sports,Cricket Bat,3,73.27,219.81,South,Debit Card
4166,2023-12-27,CUST_00106,Female,70,Beauty,Foundation,3,39.96,119.88,North,Credit Card
4595,2023-12-27,CUST_01163,Female,57,Beauty,Face Wash,1,82.63,82.63,West,Credit Card
4578,2023-12-27,CUST_00248,Female,32,Food,Olive Oil,4,30.7,122.8,South,Credit Card
8898,2023-12-27,CUST_01449,Female,55,Clothing,Jacket,1,58.65,58.65,South,Credit Card
8895,2023-12-27,CUST_00183,Male,60,Beauty,Moisturizer,1,29.52,29.52,North,Debit Card
6419,2023-12-27,CUST_00228,Male,36,Food,Protein Bar,3,14.28,42.84,East,Credit Card
8786,2023-12-27,CUST_01241,Male,21,Beauty,Sunscreen,1,84.17,84.17,South,Debit Card
8055,2023-12-27,CUST_00692,Male,41,Home & Kitchen,Blender,3,39.64,118.92,West,Debit Card
1154,2023-12-27,CUST_00149,Male,57,Beauty,Foundation,1,61.69,61.69,East,Cash
5416,2023-12-27,CUST_00782,Female,28,Electronics,Smart Watch,3,326.1,978.3,South,Cash
7058,2023-12-27,CUST_00656,Male,31,Home & Kitchen,Table Lamp,6,207.26,1243.56,West,UPI
8344,2023-12-27,CUST_00129,Female,58,Home & Kitchen,Bedsheet,4,178.14,712.56,East,Debit Card
2010,2023-12-27,CUST_00480,Female,45,Food,Organic Honey,1,35.64,35.64,North,UPI
6047,2023-12-27,CUST_01619,Male,45,Clothing,Sneakers,1,13.99,13.99,West,Debit Card
3689,2023-12-28,CUST_01319,Male,60,Food,Protein Bar,3,12.07,36.21,East,UPI
1234,2023-12-28,CUST_01565,Female,30,Clothing,Formal Shirt,2,105.11,210.22,West,Cash
1456,2023-12-28,CUST_00026,Female,51,Food,Protein Bar,2,8.55,17.1,South,Credit Card
2258,2023-12-28,CUST_01261,Male,41,Clothing,T-Shirt,2,14.07,28.14,South,Credit Card
4995,2023-12-28,CUST_01617,Female,57,Electronics,USB Cable,1,446.47,446.47,East,Credit Card
9386,2023-12-28,CUST_00978,Female,20,Electronics,Bluetooth Speaker,1,664.12,664.12,North,Debit Card
3496,2023-12-28,CUST_00791,Male,21,Clothing,Jeans,2,78.76,157.52,North,Debit Card
1583,2023-12-28,CUST_01693,Female,32,Electronics,Smartphone,4,146.75,587.0,South,Debit Card
9760,2023-12-28,CUST_01275,Female,63,Sports,Cricket Bat,4,28.22,112.88,North,Credit Card
10245,2023-12-28,CUST_00818,Male,31,Beauty,Eye Shadow,1,20.34,20.34,South,Cash
1579,2023-12-28,CUST_00109,Male,38,Food,Green Tea,3,12.37,37.11,North,Credit Card
8367,2023-12-28,CUST_01017,Female,36,Clothing,Hoodie,1,45.05,45.05,North,UPI
8910,2023-12-28,CUST_01664,Male,70,Home & Kitchen,Wall Clock,3,132.56,397.68,East,UPI
2374,2023-12-28,CUST_00621,Female,30,Beauty,Eye Shadow,2,28.01,56.02,West,UPI
4765,2023-12-28,CUST_01198,Male,54,Home & Kitchen,Wall Clock,5,153.58,767.9,North,Debit Card
6504,2023-12-28,CUST_00115,Male,53,Electronics,Tablet,1,547.49,547.49,East,UPI
1341,2023-12-28,CUST_00839,Female,64,Beauty,Moisturizer,2,115.05,230.1,South,Cash
7486,2023-12-28,CUST_00259,Female,18,Electronics,Bluetooth Speaker,2,396.69,793.38,South,Credit Card
10753,2023-12-28,CUST_01684,Male,22,Clothing,Jacket,2,109.55,219.1,North,Credit Card
7056,2023-12-28,CUST_01215,Female,37,Home & Kitchen,Wall Clock,2,19.54,39.08,East,Cash
8294,2023-12-28,CUST_00243,Female,42,Home & Kitchen,Storage Container,3,39.46,118.38,South,Credit Card
10965,2023-12-28,CUST_00739,Female,43,Home & Kitchen,Cookware Set,4,224.6,898.4,North,UPI
7895,2023-12-28,CUST_01257,Female,56,Food,Mixed Nuts,6,25.6,153.6,North,Debit Card
7063,2023-12-28,CUST_01470,Male,31,Home & Kitchen,Bedsheet,1,180.11,180.11,South,Credit Card
7107,2023-12-28,CUST_00661,Male,52,Beauty,Moisturizer,5,108.75,543.75,North,UPI
4580,2023-12-28,CUST_00148,Female,65,Sports,Football,2,192.17,384.34,North,UPI
6893,2023-12-28,CUST_00718,Female,68,Beauty,Lipstick,3,48.6,145.8,North,Debit Card
5789,2023-12-28,CUST_00034,Female,23,Electronics,USB Cable,2,452.87,905.74,South,Credit Card
3629,2023-12-29,CUST_01877,Male,44,Food,Organic Honey,4,28.01,112.04,South,Debit Card
7643,2023-12-29,CUST_00528,Male,41,Home & Kitchen,Bedsheet,2,211.83,423.66,South,UPI
10497,2023-12-29,CUST_00827,Female,70,Beauty,Perfume,1,23.92,23.92,North,Debit Card
9320,2023-12-29,CUST_00513,Male,21,Electronics,USB Cable,6,42.25,253.5,West,Credit Card
7545,2023-12-29,CUST_01079,Female,70,Home & Kitchen,Wall Clock,7,188.21,1317.47,East,UPI
2138,2023-12-29,CUST_01240,Male,20,Clothing,Shorts,1,57.28,57.28,South,Cash
10608,2023-12-29,CUST_01339,Male,34,Home & Kitchen,Bedsheet,5,164.46,822.3,North,Cash
6682,2023-12-29,CUST_01845,Female,60,Clothing,Jacket,4,149.01,596.04,North,Cash
9894,2023-12-29,CUST_00606,Female,47,Home & Kitchen,Pillow,3,194.07,582.21,East,UPI
9108,2023-12-29,CUST_00369,Female,65,Clothing,Dress,2,83.72,167.44,South,Debit Card
10825,2023-12-29,CUST_01819,Female,62,Beauty,Face Wash,4,18.38,73.52,South,Debit Card
3313,2023-12-29,CUST_01310,Female,50,Home & Kitchen,Cookware Set,1,162.84,162.84,West,Credit Card
3149,2023-12-29,CUST_01174,Male,64,Beauty,Face Wash,3,61.49,184.47,East,Credit Card
10302,2023-12-29,CUST_01473,Male,65,Beauty,Sunscreen,1,112.34,112.34,West,Credit Card
1042,2023-12-29,CUST_01832,Female,22,Beauty,Face Wash,2,83.21,166.42,South,Debit Card
1424,2023-12-29,CUST_00221,Female,26,Electronics,Power Bank,4,365.75,1463.0,West,Debit Card
8026,2023-12-29,CUST_00750,Female,23,Home & Kitchen,Table Lamp,3,198.54,595.62,West,Credit Card
1096,2023-12-29,CUST_01204,Male,35,Beauty,Foundation,1,51.52,51.52,West,Debit Card
8848,2023-12-29,CUST_01102,Female,25,Sports,Football,4,158.59,634.36,South,UPI
1143,2023-12-30,CUST_00919,Male,21,Clothing,Shorts,3,44.47,133.41,South,Credit Card
10152,2023-12-30,CUST_01818,Male,45,Home & Kitchen,Knife Set,2,216.85,433.7,West,Cash
10154,2023-12-30,CUST_01350,Male,31,Sports,Resistance Band,2,147.02,294.04,South,Credit Card
8476,2023-12-30,CUST_01149,Male,60,Home & Kitchen,Knife Set,2,22.04,44.08,East,Cash
2584,2023-12-30,CUST_01043,Male,20,Beauty,Foundation,3,38.46,115.38,East,UPI
1979,2023-12-30,CUST_00396,Male,62,Clothing,Sneakers,2,80.1,160.2,North,Debit Card
3970,2023-12-30,CUST_01707,Female,31,Beauty,Hair Oil,5,116.6,583.0,South,Credit Card
2451,2023-12-30,CUST_00731,Male,18,Food,Protein Bar,1,3.78,3.78,South,Credit Card
9720,2023-12-30,CUST_01772,Male,66,Beauty,Moisturizer,2,31.6,63.2,West,Credit Card
9787,2023-12-30,CUST_00333,Female,45,Home & Kitchen,Knife Set,3,42.0,126.0,East,Credit Card
8855,2023-12-30,CUST_01345,Female,63,Home & Kitchen,Cookware Set,5,194.81,974.05,South,Credit Card
8484,2023-12-30,CUST_00607,Female,61,Food,Peanut Butter,2,3.66,7.32,East,Debit Card
6820,2023-12-30,CUST_01163,Female,57,Electronics,Tablet,2,558.62,1117.24,West,Credit Card
2664,2023-12-30,CUST_01001,Female,22,Beauty,Face Wash,3,56.42,169.26,North,Credit Card
10569,2023-12-30,CUST_01925,Female,26,Beauty,Sunscreen,4,118.77,475.08,South,Cash
2988,2023-12-30,CUST_01632,Female,32,Sports,Yoga Mat,4,168.56,674.24,South,UPI
8353,2023-12-30,CUST_01455,Male,65,Sports,Football,3,132.8,398.4,South,Credit Card
1986,2023-12-30,CUST_00846,Female,59,Electronics,Power Bank,1,163.55,163.55,South,UPI
7211,2023-12-30,CUST_01593,Male,66,Food,Peanut Butter,4,16.81,67.24,West,Credit Card
3598,2023-12-30,CUST_00884,Male,64,Beauty,Face Wash,4,103.61,414.44,West,Cash
5505,2023-12-30,CUST_01161,Female,27,Electronics,Headphones,2,769.0,1538.0,North,UPI
10239,2023-12-30,CUST_01029,Male,56,Sports,Running Shoes,4,173.11,692.44,South,UPI
2132,2023-12-30,CUST_01679,Female,56,Clothing,Jeans,2,109.49,218.98,West,UPI
2939,2023-12-31,CUST_00434,Female,21,Clothing,Shorts,1,45.51,45.51,North,Cash
6360,2023-12-31,CUST_01705,Male,69,Electronics,Bluetooth Speaker,1,234.29,234.29,West,Credit Card
2330,2023-12-31,CUST_00137,Male,28,Clothing,Shorts,1,41.22,41.22,East,Credit Card
9673,2023-12-31,CUST_01919,Female,59,Food,Organic Honey,4,17.82,71.28,East,Credit Card
1835,2023-12-31,CUST_01952,Male,19,Sports,Running Shoes,3,149.36,448.08,West,Cash
5218,2023-12-31,CUST_01368,Male,18,Beauty,Hair Oil,1,16.74,16.74,West,Cash
1650,2023-12-31,CUST_00096,Male,22,Home & Kitchen,Wall Clock,1,103.16,103.16,West,Credit Card
2280,2023-12-31,CUST_01694,Female,54,Food,Peanut Butter,5,21.45,107.25,West,Debit Card
8068,2023-12-31,CUST_01030,Female,26,Electronics,Smartphone,2,334.51,669.02,West,Debit Card
9401,2023-12-31,CUST_00818,Male,31,Home & Kitchen,Cookware Set,2,66.13,132.26,South,Credit Card
7939,2023-12-31,CUST_01038,Male,65,Electronics,Laptop,2,148.18,296.36,North,Debit Card
10716,2023-12-31,CUST_00188,Female,69,Home & Kitchen,Pillow,1,64.58,64.58,South,Credit Card
9664,2023-12-31,CUST_01195,Female,47,Home & Kitchen,Cookware Set,4,101.34,405.36,East,UPI
3817,2023-12-31,CUST_00830,Female,30,Beauty,Perfume,3,23.27,69.81,South,UPI
10597,2023-12-31,CUST_00171,Male,24,Beauty,Lipstick,2,92.67,185.34,South,Debit Card
6994,2023-12-31,CUST_01991,Male,55,Electronics,Smartphone,5,398.53,1992.65,North,Debit Card
7397,2023-12-31,CUST_01490,Female,19,Home & Kitchen,Wall Clock,1,164.68,164.68,North,Credit Card
10009,2023-12-31,CUST_00428,Female,68,Home & Kitchen,Blender,1,224.43,224.43,South,Cash
9021,2023-12-31,CUST_00856,Female,20,Food,Granola,4,15.04,60.16,North,Credit Card
3877,2023-12-31,CUST_01775,Male,54,Electronics,Laptop,5,566.53,2832.65,West,Credit Card
3086,2023-12-31,CUST_01438,Female,37,Home & Kitchen,Knife Set,4,102.74,410.96,South,Cash
4457,2024-01-01,CUST_00119,Male,41,Home & Kitchen,Cookware Set,4,205.86,823.44,North,Debit Card
8534,2024-01-01,CUST_01692,Male,34,Clothing,T-Shirt,2,96.07,192.14,West,Credit Card
8565,2024-01-01,CUST_01092,Male,63,Home & Kitchen,Storage Container,4,86.65,346.6,East,UPI
4247,2024-01-01,CUST_01033,Male,50,Home & Kitchen,Wall Clock,2,121.78,243.56,East,UPI
8664,2024-01-01,CUST_00556,Female,53,Beauty,Foundation,3,101.68,305.04,West,Credit Card
5193,2024-01-01,CUST_00077,Male,66,Home & Kitchen,Cookware Set,2,165.21,330.42,West,Credit Card
5112,2024-01-01,CUST_00041,Female,35,Food,Granola,2,12.15,24.3,West,Credit Card
5571,2024-01-01,CUST_00779,Male,40,Food,Mixed Nuts,2,20.49,40.98,South,Cash
9111,2024-01-01,CUST_01004,Male,35,Electronics,Smartphone,2,61.33,122.66,North,Credit Card
10642,2024-01-02,CUST_00606,Female,47,Home & Kitchen,Knife Set,1,202.64,202.64,East,Credit Card
10207,2024-01-02,CUST_01977,Female,41,Beauty,Moisturizer,4,99.52,398.08,South,Credit Card
6687,2024-01-02,CUST_01686,Female,67,Clothing,Shorts,2,127.59,255.18,South,UPI
5628,2024-01-02,CUST_00341,Female,67,Home & Kitchen,Bedsheet,4,17.94,71.76,North,Credit Card
3648,2024-01-02,CUST_00458,Female,45,Electronics,Bluetooth Speaker,4,243.44,973.76,North,Credit Card
3769,2024-01-02,CUST_01235,Female,48,Home & Kitchen,Pillow,1,198.46,198.46,North,UPI
3560,2024-01-02,CUST_01160,Female,67,Beauty,Lipstick,2,29.84,59.68,North,UPI
7266,2024-01-02,CUST_01576,Male,38,Home & Kitchen,Wall Clock,1,110.84,110.84,West,Credit Card
4662,2024-01-03,CUST_00140,Female,53,Home & Kitchen,Pillow,1,162.37,162.37,North,Cash
8189,2024-01-03,CUST_01763,Female,22,Clothing,T-Shirt,2,31.23,62.46,West,Credit Card
7014,2024-01-03,CUST_00642,Male,35,Home & Kitchen,Bedsheet,4,94.49,377.96,East,Debit Card
1276,2024-01-03,CUST_00454,Female,52,Beauty,Lipstick,1,68.35,68.35,South,Credit Card
10491,2024-01-03,CUST_01324,Female,64,Home & Kitchen,Wall Clock,3,130.14,390.42,North,Credit Card
4734,2024-01-03,CUST_00480,Female,45,Sports,Football,1,74.92,74.92,North,Debit Card
7619,2024-01-03,CUST_01199,Male,56,Beauty,Lipstick,4,21.64,86.56,East,Debit Card
8180,2024-01-03,CUST_01927,Male,66,Electronics,Smartphone,3,356.67,1070.01,East,UPI
6243,2024-01-03,CUST_00172,Female,36,Food,Organic Honey,1,35.84,35.84,East,Cash
10789,2024-01-04,CUST_01056,Female,20,Clothing,Jeans,4,85.85,343.4,East,Credit Card
1148,2024-01-04,CUST_00668,Female,27,Electronics,Power Bank,1,172.85,172.85,East,Credit Card
9623,2024-01-04,CUST_01320,Female,20,Sports,Cricket Bat,7,45.31,317.17,North,UPI
2692,2024-01-04,CUST_01266,Female,64,Food,Green Tea,3,33.01,99.03,West,Debit Card
1849,2024-01-04,CUST_00535,Male,41,Home & Kitchen,Table Lamp,2,122.5,245.0,West,Cash
7548,2024-01-04,CUST_01797,Female,67,Home & Kitchen,Storage Container,2,155.59,311.18,South,UPI
4164,2024-01-04,CUST_01504,Female,24,Electronics,USB Cable,4,260.2,1040.8,East,Credit Card
1232,2024-01-04,CUST_01276,Male,32,Sports,Water Bottle,1,34.19,34.19,East,UPI
1744,2024-01-04,CUST_01978,Male,21,Sports,Dumbbells,2,81.09,162.18,South,Cash
6795,2024-01-04,CUST_01396,Male,45,Home & Kitchen,Knife Set,2,77.01,154.02,South,Credit Card
6063,2024-01-04,CUST_00167,Male,37,Electronics,Power Bank,1,678.14,678.14,East,Credit Card
4881,2024-01-04,CUST_01207,Female,62,Sports,Dumbbells,2,92.08,184.16,South,Credit Card
9837,2024-01-05,CUST_01374,Male,41,Sports,Cricket Bat,2,123.92,247.84,South,Credit Card
4202,2024-01-05,CUST_01555,Male,52,Food,Peanut Butter,5,11.75,58.75,East,Cash
3583,2024-01-05,CUST_01172,Female,53,Electronics,Smartphone,4,101.64,406.56,South,Credit Card
1609,2024-01-05,CUST_01446,Male,69,Sports,Cricket Bat,3,105.32,315.96,North,Cash
9708,2024-01-05,CUST_01237,Female,24,Sports,Dumbbells,1,118.58,118.58,West,Debit Card
7369,2024-01-05,CUST_01911,Female,55,Beauty,Face Wash,1,86.31,86.31,North,Credit Card
8075,2024-01-05,CUST_01313,Female,46,Clothing,Shorts,5,74.62,373.1,West,UPI
6997,2024-01-05,CUST_00154,Female,56,Food,Olive Oil,2,10.86,21.72,South,Credit Card
7871,2024-01-05,CUST_00104,Male,40,Food,Dark Chocolate,3,30.6,91.8,South,UPI
8892,2024-01-05,CUST_01609,Male,35,Food,Mixed Nuts,1,28.81,28.81,West,Credit Card
7783,2024-01-05,CUST_00347,Female,51,Clothing,Formal Shirt,3,75.11,225.33,North,Credit Card
1351,2024-01-05,CUST_00114,Female,46,Home & Kitchen,Blender,4,143.32,573.28,East,Debit Card
5830,2024-01-05,CUST_00426,Male,19,Electronics,Smart Watch,1,289.63,289.63,North,Cash
6382,2024-01-06,CUST_00736,Male,49,Sports,Yoga Mat,3,114.98,344.94,East,Cash
9706,2024-01-06,CUST_01419,Female,57,Food,Granola,6,39.71,238.26,South,UPI
10850,2024-01-06,CUST_01625,Male,23,Clothing,Formal Shirt,2,125.52,251.04,North,Cash
8015,2024-01-06,CUST_00847,Male,36,Home & Kitchen,Wall Clock,1,172.85,172.85,West,Credit Card
10065,2024-01-06,CUST_00881,Female,57,Food,Green Tea,3,36.76,110.28,East,Credit Card
6507,2024-01-06,CUST_01147,Male,53,Sports,Yoga Mat,2,133.35,266.7,East,UPI
8771,2024-01-06,CUST_00659,Male,54,Food,Green Tea,1,13.75,13.75,South,Credit Card
5593,2024-01-06,CUST_01670,Female,19,Clothing,Dress,6,53.76,322.56,South,UPI
8286,2024-01-06,CUST_00277,Male,24,Electronics,Headphones,4,761.64,3046.56,West,Cash
10304,2024-01-07,CUST_01159,Male,28,Home & Kitchen,Knife Set,1,124.64,124.64,West,Credit Card
6086,2024-01-07,CUST_00596,Female,45,Clothing,Jeans,1,59.33,59.33,West,Credit Card
7420,2024-01-07,CUST_01580,Female,59,Food,Granola,4,8.41,33.64,North,Debit Card
10068,2024-01-07,CUST_00826,Male,28,Electronics,Tablet,4,182.87,731.48,South,Debit Card
1403,2024-01-07,CUST_00005,Female,65,Home & Kitchen,Wall Clock,1,147.95,147.95,North,Credit Card
8193,2024-01-07,CUST_00966,Female,46,Food,Green Tea,3,12.94,38.82,West,UPI
3988,2024-01-07,CUST_01684,Male,22,Electronics,Headphones,2,109.09,218.18,North,Debit Card
10366,2024-01-07,CUST_01808,Female,65,Home & Kitchen,Blender,1,101.73,101.73,East,Debit Card
3122,2024-01-07,CUST_01905,Male,25,Clothing,T-Shirt,2,10.2,20.4,West,UPI
10558,2024-01-07,CUST_00835,Male,49,Sports,Running Shoes,2,148.21,296.42,North,Credit Card
9746,2024-01-07,CUST_00232,Female,25,Home & Kitchen,Bedsheet,4,114.67,458.68,South,Credit Card
6235,2024-01-07,CUST_00777,Female,42,Food,Mixed Nuts,1,36.56,36.56,West,Cash
7048,2024-01-08,CUST_01665,Female,42,Home & Kitchen,Cookware Set,2,35.96,71.92,North,UPI
1793,2024-01-08,CUST_00070,Male,35,Home & Kitchen,Blender,3,100.55,301.65,East,Credit Card
6466,2024-01-08,CUST_01826,Female,63,Beauty,Moisturizer,1,67.09,67.09,North,Cash
3856,2024-01-08,CUST_00083,Female,28,Food,Protein Bar,1,29.28,29.28,West,Cash
2873,2024-01-08,CUST_01876,Male,35,Sports,Skipping Rope,1,112.8,112.8,North,Credit Card
8522,2024-01-08,CUST_01169,Male,37,Beauty,Moisturizer,4,62.22,248.88,South,Cash
5380,2024-01-08,CUST_00694,Female,32,Electronics,Power Bank,1,102.49,102.49,North,Debit Card
9861,2024-01-08,CUST_01728,Male,65,Home & Kitchen,Knife Set,4,110.64,442.56,West,Debit Card
6850,2024-01-08,CUST_01684,Male,22,Sports,Football,2,99.99,199.98,North,Cash
3415,2024-01-08,CUST_01554,Male,21,Electronics,Power Bank,1,787.82,787.82,East,UPI
4196,2024-01-08,CUST_01047,Male,30,Clothing,T-Shirt,2,41.85,83.7,West,UPI
4554,2024-01-08,CUST_00619,Male,70,Beauty,Perfume,1,94.97,94.97,North,Debit Card
2704,2024-01-08,CUST_01343,Female,65,Home & Kitchen,Blender,5,71.04,355.2,North,UPI
5697,2024-01-08,CUST_00176,Female,38,Sports,Yoga Mat,1,37.14,37.14,West,Credit Card
5254,2024-01-08,CUST_01231,Female,69,Food,Peanut Butter,3,15.79,47.37,South,Credit Card
9216,2024-01-09,CUST_00858,Male,43,Electronics,Tablet,3,512.65,1537.95,North,Credit Card
10262,2024-01-09,CUST_01288,Female,67,Home & Kitchen,Wall Clock,2,144.51,289.02,East,Debit Card
3887,2024-01-09,CUST_00936,Female,49,Food,Olive Oil,6,4.34,26.04,East,Cash
4354,2024-01-09,CUST_00368,Male,43,Beauty,Face Wash,3,72.54,217.62,South,Debit Card
9798,2024-01-09,CUST_00947,Female,25,Beauty,Face Wash,3,64.44,193.32,East,Debit Card
3278,2024-01-09,CUST_00541,Male,31,Electronics,Headphones,3,37.67,113.01,South,Debit Card
1693,2024-01-10,CUST_01345,Female,63,Home & Kitchen,Storage Container,3,146.41,439.23,South,Cash
3311,2024-01-10,CUST_01479,Female,66,Home & Kitchen,Knife Set,4,225.51,902.04,North,Credit Card
5698,2024-01-10,CUST_00634,Female,67,Beauty,Moisturizer,1,58.0,58.0,East,Cash
8558,2024-01-10,CUST_00950,Male,22,Clothing,T-Shirt,4,129.69,518.76,North,UPI
2422,2024-01-10,CUST_00332,Female,70,Clothing,Jeans,2,102.72,205.44,West,Debit Card
10679,2024-01-10,CUST_00247,Female,62,Beauty,Sunscreen,1,20.6,20.6,South,Credit Card
4262,2024-01-10,CUST_00738,Female,37,Sports,Cricket Bat,1,97.53,97.53,West,Debit Card
2168,2024-01-10,CUST_01277,Female,23,Food,Green Tea,5,8.31,41.55,East,Debit Card
10410,2024-01-11,CUST_01936,Male,18,Sports,Water Bottle,3,112.89,338.67,South,Debit Card
7515,2024-01-11,CUST_00200,Male,44,Food,Protein Bar,2,3.79,7.58,South,Cash
10681,2024-01-11,CUST_00701,Male,49,Home & Kitchen,Wall Clock,4,140.51,562.04,North,Credit Card
2878,2024-01-11,CUST_01630,Female,44,Home & Kitchen,Blender,2,221.02,442.04,South,UPI
7334,2024-01-11,CUST_00064,Male,37,Home & Kitchen,Wall Clock,2,87.22,174.44,South,UPI
1104,2024-01-11,CUST_01995,Female,56,Clothing,Shorts,7,65.76,460.32,North,Credit Card
9310,2024-01-11,CUST_01719,Female,19,Electronics,Bluetooth Speaker,1,172.73,172.73,East,Credit Card
8214,2024-01-12,CUST_01179,Male,47,Home & Kitchen,Wall Clock,2,97.08,194.16,East,Credit Card
7322,2024-01-12,CUST_01268,Female,49,Clothing,Dress,5,62.93,314.65,East,Credit Card
3948,2024-01-12,CUST_00438,Male,35,Food,Mixed Nuts,4,3.3,13.2,East,UPI
6315,2024-01-12,CUST_01732,Female,33,Home & Kitchen,Blender,1,83.19,83.19,South,UPI
5754,2024-01-12,CUST_00873,Male,56,Clothing,Shorts,2,17.94,35.88,East,Debit Card
2727,2024-01-12,CUST_00258,Female,69,Clothing,Jacket,1,54.19,54.19,North,Debit Card
8937,2024-01-13,CUST_00585,Male,48,Clothing,Hoodie,1,136.39,136.39,East,Debit Card
7127,2024-01-13,CUST_00977,Female,60,Home & Kitchen,Knife Set,2,167.65,335.3,West,Credit Card
4661,2024-01-13,CUST_01620,Female,18,Clothing,T-Shirt,3,63.62,190.86,South,Credit Card
10591,2024-01-13,CUST_01122,Female,36,Clothing,Formal Shirt,3,115.74,347.22,South,Debit Card
9290,2024-01-13,CUST_00741,Female,18,Beauty,Face Wash,1,90.05,90.05,West,Credit Card
9277,2024-01-13,CUST_00856,Female,20,Food,Green Tea,3,17.55,52.65,North,Cash
9409,2024-01-13,CUST_01988,Female,32,Home & Kitchen,Bedsheet,1,68.73,68.73,West,Credit Card
7890,2024-01-13,CUST_01179,Male,47,Clothing,Jacket,3,34.1,102.3,East,Credit Card
4658,2024-01-14,CUST_01857,Male,35,Clothing,Formal Shirt,4,18.79,75.16,East,UPI
6386,2024-01-14,CUST_00245,Female,50,Home & Kitchen,Cookware Set,1,169.79,169.79,North,Cash
5661,2024-01-14,CUST_00653,Male,59,Home & Kitchen,Cookware Set,4,211.62,846.48,South,Credit Card
5630,2024-01-14,CUST_01223,Female,22,Home & Kitchen,Bedsheet,2,84.87,169.74,North,Cash
6330,2024-01-14,CUST_00086,Male,57,Beauty,Moisturizer,1,111.79,111.79,East,Credit Card
3514,2024-01-14,CUST_01513,Male,39,Home & Kitchen,Table Lamp,1,125.06,125.06,North,Debit Card
1130,2024-01-14,CUST_01787,Female,51,Food,Granola,3,33.91,101.73,East,Debit Card
3606,2024-01-14,CUST_01680,Male,53,Food,Green Tea,3,35.65,106.95,East,UPI
5814,2024-01-15,CUST_00749,Male,36,Food,Olive Oil,1,24.19,24.19,North,Credit Card
9834,2024-01-15,CUST_01323,Female,38,Electronics,Power Bank,6,68.36,410.16,West,UPI
3495,2024-01-15,CUST_00847,Male,36,Home & Kitchen,Bedsheet,2,134.25,268.5,West,Credit Card
1633,2024-01-15,CUST_01530,Male,51,Clothing,Hoodie,4,47.61,190.44,East,Credit Card
7175,2024-01-15,CUST_01985,Male,22,Clothing,Jacket,6,20.03,120.18,West,Cash
7409,2024-01-15,CUST_01747,Male,54,Beauty,Face Wash,4,79.8,319.2,West,UPI
1275,2024-01-15,CUST_00264,Female,53,Food,Dark Chocolate,4,32.4,129.6,West,UPI
7833,2024-01-15,CUST_00066,Male,25,Electronics,Power Bank,1,760.18,760.18,East,Debit Card
5375,2024-01-15,CUST_01946,Male,50,Electronics,Laptop,2,350.46,700.92,North,Debit Card
10949,2024-01-15,CUST_01435,Female,39,Electronics,Smart Watch,4,523.89,2095.56,East,UPI
10144,2024-01-15,CUST_00229,Female,36,Electronics,Bluetooth Speaker,1,381.34,381.34,North,UPI
1173,2024-01-15,CUST_00274,Female,63,Home & Kitchen,Storage Container,3,16.97,50.91,East,Cash
10291,2024-01-15,CUST_00308,Male,35,Home & Kitchen,Wall Clock,3,126.35,379.05,South,Debit Card
5715,2024-01-16,CUST_00854,Male,26,Beauty,Perfume,1,87.59,87.59,North,Debit Card
10951,2024-01-16,CUST_01227,Female,58,Home & Kitchen,Wall Clock,2,82.17,164.34,East,Cash
8345,2024-01-16,CUST_00923,Female,49,Home & Kitchen,Pillow,2,32.27,64.54,West,Credit Card
3270,2024-01-16,CUST_01708,Male,37,Food,Mixed Nuts,2,3.65,7.3,South,Debit Card
7147,2024-01-16,CUST_00422,Female,68,Clothing,Dress,1,50.38,50.38,South,Cash
10469,2024-01-16,CUST_00363,Female,70,Clothing,Dress,1,23.07,23.07,North,UPI
8474,2024-01-16,CUST_01626,Male,70,Home & Kitchen,Table Lamp,3,218.81,656.43,East,Cash
3062,2024-01-16,CUST_01744,Male,62,Home & Kitchen,Pillow,4,184.49,737.96,West,Credit Card
6266,2024-01-16,CUST_01557,Female,47,Beauty,Moisturizer,1,56.07,56.07,West,Cash
2793,2024-01-16,CUST_00674,Male,32,Clothing,T-Shirt,1,139.59,139.59,North,Debit Card
2094,2024-01-16,CUST_01392,Male,36,Home & Kitchen,Wall Clock,2,119.5,239.0,West,UPI
3303,2024-01-16,CUST_00473,Female,48,Electronics,Bluetooth Speaker,1,39.39,39.39,East,Credit Card
3180,2024-01-16,CUST_00732,Female,57,Electronics,USB Cable,1,103.61,103.61,East,Credit Card
5737,2024-01-16,CUST_00386,Male,61,Sports,Resistance Band,1,120.63,120.63,West,Cash
9589,2024-01-17,CUST_00205,Male,22,Electronics,Bluetooth Speaker,5,530.11,2650.55,West,UPI
5502,2024-01-17,CUST_00018,Male,47,Home & Kitchen,Wall Clock,2,174.67,349.34,North,Credit Card
9546,2024-01-17,CUST_00362,Female,70,Food,Organic Honey,5,16.49,82.45,North,UPI
8625,2024-01-17,CUST_01869,Female,27,Home & Kitchen,Cookware Set,1,166.82,166.82,South,Credit Card
7051,2024-01-17,CUST_01216,Female,26,Electronics,Laptop,2,208.47,416.94,North,Credit Card
10095,2024-01-17,CUST_01552,Male,26,Beauty,Sunscreen,4,92.13,368.52,West,UPI
3947,2024-01-18,CUST_01313,Female,46,Electronics,USB Cable,5,488.3,2441.5,West,Credit Card
9488,2024-01-18,CUST_01331,Male,18,Home & Kitchen,Bedsheet,1,144.17,144.17,North,Credit Card
9917,2024-01-18,CUST_01632,Female,32,Clothing,Formal Shirt,4,22.94,91.76,South,Cash
10795,2024-01-18,CUST_00455,Male,28,Food,Granola,3,35.64,106.92,East,UPI
5161,2024-01-18,CUST_00915,Female,61,Home & Kitchen,Wall Clock,3,75.51,226.53,East,Credit Card
1571,2024-01-18,CUST_01214,Female,42,Home & Kitchen,Storage Container,1,231.86,231.86,North,Debit Card
4907,2024-01-18,CUST_01345,Female,63,Beauty,Eye Shadow,3,7.23,21.69,South,Credit Card
1028,2024-01-18,CUST_00550,Male,68,Home & Kitchen,Wall Clock,5,128.14,640.7,South,Cash
8647,2024-01-18,CUST_00569,Male,65,Clothing,T-Shirt,2,75.7,151.4,South,Credit Card
2378,2024-01-19,CUST_01295,Female,58,Home & Kitchen,Storage Container,1,164.23,164.23,North,Cash
6365,2024-01-19,CUST_01389,Female,46,Clothing,Sneakers,3,54.76,164.28,East,Debit Card
4185,2024-01-19,CUST_01602,Male,55,Home & Kitchen,Storage Container,3,62.14,186.42,South,Credit Card
7434,2024-01-19,CUST_01050,Female,60,Home & Kitchen,Blender,4,42.41,169.64,West,Credit Card
4221,2024-01-19,CUST_00398,Male,32,Clothing,Formal Shirt,2,29.92,59.84,East,Debit Card
9381,2024-01-19,CUST_00386,Male,61,Food,Dark Chocolate,1,20.45,20.45,West,Cash
6132,2024-01-19,CUST_00523,Female,58,Home & Kitchen,Bedsheet,2,36.2,72.4,West,Debit Card
9996,2024-01-19,CUST_01132,Female,52,Food,Dark Chocolate,1,10.78,10.78,North,Debit Card
8816,2024-01-20,CUST_00850,Female,30,Clothing,Jeans,2,35.38,70.76,North,Cash
2432,2024-01-20,CUST_00079,Female,42,Home & Kitchen,Pillow,3,145.67,437.01,South,Credit Card
8975,2024-01-20,CUST_00782,Female,28,Electronics,USB Cable,1,188.78,188.78,South,UPI
5320,2024-01-20,CUST_00992,Female,41,Food,Organic Honey,3,11.3,33.9,South,Cash
3680,2024-01-20,CUST_00166,Female,65,Beauty,Foundation,3,48.41,145.23,West,Credit Card
2662,2024-01-20,CUST_01772,Male,66,Food,Dark Chocolate,5,28.92,144.6,West,Cash
9745,2024-01-21,CUST_01380,Male,31,Food,Dark Chocolate,7,33.66,235.62,East,Debit Card
8115,2024-01-21,CUST_00370,Female,48,Home & Kitchen,Blender,1,58.16,58.16,West,Credit Card
1307,2024-01-21,CUST_01837,Male,57,Home & Kitchen,Knife Set,2,237.8,475.6,East,Cash
10501,2024-01-21,CUST_01665,Female,42,Home & Kitchen,Bedsheet,2,150.45,300.9,North,Credit Card
10050,2024-01-21,CUST_00612,Male,52,Clothing,Sneakers,1,34.67,34.67,East,UPI
9365,2024-01-21,CUST_00785,Male,49,Food,Granola,1,11.9,11.9,West,Debit Card
3867,2024-01-21,CUST_00187,Female,35,Sports,Running Shoes,3,165.53,496.59,North,Credit Card
10872,2024-01-21,CUST_00998,Male,62,Beauty,Perfume,2,46.41,92.82,North,Debit Card
3294,2024-01-21,CUST_01859,Female,41,Beauty,Eye Shadow,5,22.2,111.0,North,Credit Card
8675,2024-01-22,CUST_01423,Female,31,Home & Kitchen,Wall Clock,4,178.45,713.8,East,UPI
3712,2024-01-22,CUST_00072,Male,25,Beauty,Foundation,1,85.58,85.58,West,UPI
10792,2024-01-22,CUST_01075,Male,38,Food,Organic Honey,1,28.45,28.45,North,UPI
10074,2024-01-22,CUST_00362,Female,70,Food,Green Tea,3,12.47,37.41,North,Credit Card
7477,2024-01-22,CUST_00510,Male,67,Beauty,Eye Shadow,1,95.31,95.31,South,Debit Card
2286,2024-01-22,CUST_01078,Female,61,Home & Kitchen,Wall Clock,3,158.87,476.61,North,Credit Card
6915,2024-01-22,CUST_00473,Female,48,Beauty,Eye Shadow,7,78.63,550.41,East,Credit Card
2946,2024-01-22,CUST_00054,Female,19,Beauty,Face Wash,3,114.26,342.78,East,Credit Card
10025,2024-01-22,CUST_00667,Female,19,Clothing,Dress,7,123.2,862.4,East,Credit Card
3257,2024-01-22,CUST_01127,Male,37,Clothing,Hoodie,1,83.52,83.52,West,Credit Card
10420,2024-01-22,CUST_00441,Male,33,Beauty,Eye Shadow,5,71.42,357.1,South,Credit Card
6862,2024-01-23,CUST_00786,Female,60,Electronics,Tablet,1,552.74,552.74,South,Cash
4040,2024-01-23,CUST_00328,Male,25,Sports,Cricket Bat,4,114.15,456.6,North,Credit Card
2790,2024-01-23,CUST_00775,Female,47,Beauty,Lipstick,3,58.24,174.72,East,Credit Card
8334,2024-01-23,CUST_01230,Female,26,Beauty,Perfume,6,115.81,694.86,East,Debit Card
6076,2024-01-23,CUST_01403,Male,30,Electronics,USB Cable,2,159.77,319.54,West,Cash
7352,2024-01-23,CUST_00210,Male,56,Home & Kitchen,Bedsheet,2,233.24,466.48,North,UPI
7007,2024-01-23,CUST_00748,Male,64,Clothing,Sneakers,6,48.55,291.3,North,UPI
1137,2024-01-23,CUST_00393,Male,68,Home & Kitchen,Cookware Set,2,223.53,447.06,West,Cash
8780,2024-01-23,CUST_00728,Female,46,Clothing,Shorts,1,77.96,77.96,East,Cash
5402,2024-01-23,CUST_01080,Female,69,Home & Kitchen,Knife Set,1,170.66,170.66,West,UPI
8157,2024-01-23,CUST_00366,Male,36,Home & Kitchen,Wall Clock,6,75.17,451.02,West,Cash
2974,2024-01-23,CUST_00839,Female,64,Food,Granola,2,15.79,31.58,South,Debit Card
5542,2024-01-23,CUST_00016,Female,50,Home & Kitchen,Cookware Set,3,83.95,251.85,South,Debit Card
6501,2024-01-23,CUST_00028,Female,34,Electronics,Bluetooth Speaker,3,637.85,1913.55,North,Credit Card
4328,2024-01-23,CUST_00844,Female,44,Home & Kitchen,Pillow,2,155.1,310.2,East,Debit Card
1264,2024-01-23,CUST_01033,Male,50,Home & Kitchen,Storage Container,4,97.35,389.4,East,Debit Card
8203,2024-01-23,CUST_00155,Male,49,Clothing,Shorts,2,36.15,72.3,North,Cash
6050,2024-01-24,CUST_00719,Male,39,Food,Mixed Nuts,5,3.92,19.6,West,Debit Card
4231,2024-01-24,CUST_00567,Female,56,Home & Kitchen,Blender,3,206.54,619.62,South,Cash
2606,2024-01-24,CUST_00824,Female,70,Electronics,Power Bank,2,631.16,1262.32,North,Cash
9962,2024-01-24,CUST_00975,Female,56,Food,Organic Honey,1,8.88,8.88,West,Credit Card
1816,2024-01-24,CUST_00261,Female,36,Sports,Football,2,73.8,147.6,North,UPI
3072,2024-01-24,CUST_00523,Female,58,Food,Granola,2,18.69,37.38,West,UPI
3696,2024-01-24,CUST_00054,Female,19,Electronics,Tablet,7,164.61,1152.27,East,Debit Card
2501,2024-01-24,CUST_00648,Female,54,Home & Kitchen,Blender,6,114.55,687.3,North,UPI
5462,2024-01-24,CUST_00554,Female,22,Beauty,Face Wash,2,41.26,82.52,East,Credit Card
10655,2024-01-24,CUST_01901,Male,20,Food,Peanut Butter,3,7.3,21.9,North,Cash
9695,2024-01-24,CUST_01525,Female,56,Clothing,Shorts,2,83.27,166.54,East,Debit Card
1957,2024-01-24,CUST_01797,Female,67,Beauty,Perfume,3,49.94,149.82,South,UPI
7822,2024-01-25,CUST_00205,Male,22,Electronics,Bluetooth Speaker,4,236.88,947.52,West,Cash
1551,2024-01-25,CUST_01412,Female,63,Home & Kitchen,Knife Set,1,117.65,117.65,North,Credit Card
1048,2024-01-25,CUST_00723,Male,50,Beauty,Lipstick,4,50.04,200.16,South,UPI
1549,2024-01-25,CUST_00250,Male,47,Electronics,Smart Watch,2,575.95,1151.9,South,Credit Card
8062,2024-01-25,CUST_01397,Male,22,Beauty,Moisturizer,5,7.01,35.05,South,Credit Card
9468,2024-01-25,CUST_00722,Female,39,Electronics,USB Cable,2,320.07,640.14,West,Debit Card
3594,2024-01-25,CUST_00892,Female,46,Home & Kitchen,Table Lamp,1,134.32,134.32,South,UPI
2394,2024-01-25,CUST_00256,Male,35,Beauty,Moisturizer,3,90.44,271.32,North,UPI
10361,2024-01-25,CUST_01579,Male,62,Food,Dark Chocolate,4,35.22,140.88,South,UPI
9189,2024-01-25,CUST_01155,Male,46,Sports,Yoga Mat,4,196.55,786.2,North,Debit Card
5694,2024-01-26,CUST_01905,Male,25,Electronics,USB Cable,3,796.9,2390.7,West,UPI
10133,2024-01-26,CUST_01222,Female,45,Clothing,Sneakers,3,106.44,319.32,South,Credit Card
2643,2024-01-26,CUST_00732,Female,57,Food,Organic Honey,1,19.77,19.77,East,Debit Card
3701,2024-01-26,CUST_00371,Female,65,Electronics,Smartphone,1,77.62,77.62,South,Cash
9275,2024-01-26,CUST_00378,Male,26,Clothing,Jacket,2,120.02,240.04,North,Debit Card
9599,2024-01-26,CUST_01223,Female,22,Electronics,Tablet,1,208.15,208.15,North,Credit Card
10272,2024-01-27,CUST_01645,Male,32,Sports,Resistance Band,3,155.52,466.56,South,UPI
3805,2024-01-27,CUST_01308,Male,24,Clothing,Formal Shirt,1,76.42,76.42,South,Debit Card
8589,2024-01-27,CUST_00084,Male,19,Clothing,Dress,1,10.62,10.62,East,UPI
3246,2024-01-27,CUST_01280,Male,61,Food,Organic Honey,1,33.99,33.99,East,Debit Card
10862,2024-01-27,CUST_01586,Female,34,Beauty,Hair Oil,3,97.79,293.37,North,Credit Card
7552,2024-01-27,CUST_00860,Male,40,Home & Kitchen,Bedsheet,3,130.82,392.46,South,Credit Card
4139,2024-01-27,CUST_01417,Male,20,Sports,Dumbbells,1,108.75,108.75,North,Credit Card
5517,2024-01-27,CUST_01216,Female,26,Home & Kitchen,Table Lamp,4,192.42,769.68,North,Credit Card
1296,2024-01-28,CUST_00955,Female,42,Electronics,Bluetooth Speaker,2,788.86,1577.72,West,Debit Card
1097,2024-01-28,CUST_01099,Male,55,Clothing,Hoodie,2,140.58,281.16,East,Cash
3557,2024-01-28,CUST_01181,Female,21,Home & Kitchen,Bedsheet,2,80.45,160.9,North,Cash
3905,2024-01-28,CUST_01871,Male,45,Electronics,USB Cable,3,276.12,828.36,East,Cash
1480,2024-01-29,CUST_01514,Male,43,Food,Organic Honey,1,10.82,10.82,North,Credit Card
3043,2024-01-29,CUST_01813,Female,48,Beauty,Lipstick,1,21.91,21.91,South,Credit Card
5364,2024-01-29,CUST_00715,Female,46,Clothing,Dress,1,93.54,93.54,East,Cash
7605,2024-01-29,CUST_00483,Female,20,Electronics,USB Cable,3,82.7,248.1,South,Credit Card
9763,2024-01-29,CUST_01255,Female,61,Food,Organic Honey,6,11.67,70.02,North,Credit Card
1734,2024-01-29,CUST_00232,Female,25,Electronics,USB Cable,5,634.94,3174.7,South,Cash
3094,2024-01-29,CUST_01539,Female,26,Home & Kitchen,Wall Clock,3,190.43,571.29,East,Credit Card
1863,2024-01-30,CUST_01199,Male,56,Home & Kitchen,Blender,3,134.56,403.68,East,Cash
9029,2024-01-30,CUST_01412,Female,63,Clothing,T-Shirt,1,50.77,50.77,North,UPI
7312,2024-01-30,CUST_00800,Female,65,Electronics,Headphones,5,700.64,3503.2,South,Debit Card
1674,2024-01-30,CUST_01938,Female,32,Electronics,Bluetooth Speaker,1,462.12,462.12,North,UPI
2540,2024-01-31,CUST_01199,Male,56,Electronics,Smartphone,4,639.66,2558.64,East,Cash
9230,2024-01-31,CUST_01954,Female,40,Beauty,Moisturizer,3,108.64,325.92,North,Debit Card
5122,2024-01-31,CUST_00318,Male,65,Electronics,Tablet,5,149.36,746.8,South,UPI
6592,2024-01-31,CUST_01054,Female,49,Home & Kitchen,Pillow,3,156.21,468.63,East,Credit Card
4692,2024-01-31,CUST_00666,Male,53,Beauty,Perfume,7,52.36,366.52,South,Credit Card
1018,2024-01-31,CUST_00335,Male,67,Home & Kitchen,Knife Set,4,178.92,715.68,East,Cash
7634,2024-01-31,CUST_00773,Male,54,Home & Kitchen,Blender,3,15.9,47.7,South,Cash
5973,2024-01-31,CUST_00096,Male,22,Electronics,USB Cable,2,483.8,967.6,West,Debit Card
9717,2024-01-31,CUST_01127,Male,37,Food,Organic Honey,3,26.43,79.29,West,Cash
10002,2024-01-31,CUST_00980,Male,56,Home & Kitchen,Pillow,6,202.27,1213.62,South,Debit Card
6410,2024-02-01,CUST_01671,Female,56,Food,Mixed Nuts,4,25.11,100.44,West,Cash
2317,2024-02-01,CUST_01894,Female,59,Food,Mixed Nuts,2,21.3,42.6,South,Credit Card
1934,2024-02-01,CUST_00558,Male,27,Clothing,Shorts,3,127.14,381.42,West,Credit Card
7309,2024-02-01,CUST_00317,Male,30,Beauty,Sunscreen,6,87.63,525.78,East,Debit Card
8312,2024-02-02,CUST_00755,Male,47,Home & Kitchen,Storage Container,1,157.19,157.19,East,Debit Card
8052,2024-02-02,CUST_00460,Female,53,Home & Kitchen,Bedsheet,1,125.41,125.41,South,Credit Card
2733,2024-02-02,CUST_00846,Female,59,Clothing,Jeans,3,134.14,402.42,South,UPI
7800,2024-02-02,CUST_00504,Male,50,Clothing,Shorts,3,42.61,127.83,North,Cash
9921,2024-02-02,CUST_00097,Male,28,Sports,Yoga Mat,3,148.27,444.81,West,Credit Card
7176,2024-02-02,CUST_00054,Female,19,Clothing,T-Shirt,3,111.39,334.17,East,Credit Card
6539,2024-02-03,CUST_01768,Male,64,Home & Kitchen,Storage Container,2,198.75,397.5,West,Debit Card
7479,2024-02-03,CUST_00442,Female,35,Electronics,USB Cable,2,703.87,1407.74,East,Cash
10112,2024-02-03,CUST_00791,Male,21,Electronics,Bluetooth Speaker,4,784.62,3138.48,North,Credit Card
8731,2024-02-03,CUST_00928,Male,44,Electronics,Smartphone,3,390.9,1172.7,North,Debit Card
3134,2024-02-03,CUST_01386,Male,26,Clothing,Sneakers,4,134.96,539.84,South,UPI
4442,2024-02-03,CUST_00760,Female,64,Beauty,Face Wash,2,92.17,184.34,East,Credit Card
7680,2024-02-03,CUST_01296,Female,65,Home & Kitchen,Blender,6,65.73,394.38,North,Debit Card
8674,2024-02-03,CUST_01064,Female,58,Home & Kitchen,Wall Clock,1,218.93,218.93,West,Cash
6026,2024-02-03,CUST_00592,Female,20,Home & Kitchen,Knife Set,3,142.65,427.95,East,UPI
8377,2024-02-03,CUST_00999,Female,68,Food,Dark Chocolate,2,13.14,26.28,North,UPI
10419,2024-02-03,CUST_00414,Female,27,Electronics,Laptop,4,104.47,417.88,West,Cash
1475,2024-02-03,CUST_00240,Male,58,Food,Peanut Butter,1,3.24,3.24,East,Debit Card
6525,2024-02-04,CUST_00639,Female,65,Food,Mixed Nuts,3,10.56,31.68,North,UPI
2052,2024-02-04,CUST_00356,Male,25,Clothing,Dress,1,20.46,20.46,West,Cash
6048,2024-02-04,CUST_01452,Male,39,Food,Granola,2,10.09,20.18,South,UPI
8559,2024-02-04,CUST_01223,Female,22,Clothing,Jacket,1,19.31,19.31,North,UPI
3767,2024-02-05,CUST_00565,Male,26,Clothing,Hoodie,1,83.48,83.48,East,Credit Card
7440,2024-02-05,CUST_01287,Male,35,Clothing,Dress,3,41.65,124.95,East,UPI
9597,2024-02-05,CUST_00070,Male,35,Home & Kitchen,Bedsheet,2,63.46,126.92,East,Cash
10519,2024-02-05,CUST_00282,Female,68,Food,Protein Bar,2,4.39,8.78,North,Cash
1189,2024-02-05,CUST_01115,Male,56,Food,Organic Honey,4,29.28,117.12,South,UPI
4999,2024-02-05,CUST_00222,Female,20,Clothing,Sneakers,2,54.22,108.44,East,Credit Card
9120,2024-02-05,CUST_01244,Female,44,Home & Kitchen,Blender,1,241.59,241.59,East,Debit Card
8956,2024-02-05,CUST_01948,Male,65,Beauty,Face Wash,1,44.38,44.38,West,UPI
8682,2024-02-05,CUST_01033,Male,50,Electronics,Smartphone,3,371.77,1115.31,East,UPI
10648,2024-02-06,CUST_00809,Female,43,Electronics,Bluetooth Speaker,1,324.58,324.58,West,Credit Card
7382,2024-02-06,CUST_00610,Female,33,Clothing,T-Shirt,4,111.71,446.84,West,Credit Card
3691,2024-02-06,CUST_00967,Male,20,Beauty,Sunscreen,1,80.04,80.04,South,Credit Card
9358,2024-02-06,CUST_00526,Female,25,Home & Kitchen,Table Lamp,5,64.26,321.3,North,Debit Card
2826,2024-02-06,CUST_01094,Female,49,Electronics,Headphones,1,585.78,585.78,South,Credit Card
7961,2024-02-07,CUST_00660,Male,37,Home & Kitchen,Pillow,3,83.48,250.44,North,Debit Card
4892,2024-02-07,CUST_01708,Male,37,Food,Olive Oil,1,20.86,20.86,South,Debit Card
2415,2024-02-07,CUST_01526,Female,47,Home & Kitchen,Storage Container,2,114.09,228.18,East,Debit Card
1302,2024-02-07,CUST_00815,Male,30,Electronics,Bluetooth Speaker,2,482.77,965.54,West,Cash
4763,2024-02-07,CUST_00297,Male,41,Beauty,Foundation,1,110.58,110.58,West,Cash
4841,2024-02-07,CUST_00276,Male,37,Food,Protein Bar,4,28.96,115.84,East,UPI
10367,2024-02-07,CUST_00894,Male,66,Home & Kitchen,Pillow,1,242.92,242.92,North,Cash
7865,2024-02-08,CUST_00589,Female,46,Clothing,Jacket,5,145.54,727.7,East,Credit Card
4797,2024-02-08,CUST_00737,Female,21,Sports,Cricket Bat,1,63.83,63.83,West,Credit Card
8244,2024-02-08,CUST_00132,Female,65,Food,Peanut Butter,4,15.16,60.64,South,Credit Card
10925,2024-02-08,CUST_01024,Male,38,Home & Kitchen,Knife Set,1,95.64,95.64,North,Credit Card
9095,2024-02-08,CUST_00940,Female,61,Electronics,Bluetooth Speaker,1,201.3,201.3,West,Debit Card
10512,2024-02-08,CUST_01610,Female,55,Home & Kitchen,Wall Clock,2,49.71,99.42,East,Credit Card
1701,2024-02-08,CUST_01438,Female,37,Sports,Water Bottle,2,75.45,150.9,South,Credit Card
5174,2024-02-08,CUST_00751,Male,59,Beauty,Hair Oil,5,72.91,364.55,East,Cash
1634,2024-02-08,CUST_01488,Female,40,Electronics,Laptop,3,205.11,615.33,North,UPI
10699,2024-02-08,CUST_01769,Male,26,Sports,Cricket Bat,5,102.02,510.1,North,Credit Card
4251,2024-02-08,CUST_01165,Female,21,Home & Kitchen,Table Lamp,1,72.82,72.82,East,Credit Card
10223,2024-02-08,CUST_01301,Female,51,Food,Mixed Nuts,1,16.27,16.27,North,Credit Card
1637,2024-02-08,CUST_00085,Male,27,Clothing,Jacket,7,67.12,469.84,West,Credit Card
6032,2024-02-08,CUST_00217,Female,27,Electronics,Bluetooth Speaker,6,18.06,108.36,South,Debit Card
3015,2024-02-08,CUST_01115,Male,56,Beauty,Moisturizer,3,66.18,198.54,South,Credit Card
8322,2024-02-08,CUST_01702,Female,68,Electronics,Bluetooth Speaker,2,303.37,606.74,East,Debit Card
8340,2024-02-09,CUST_00958,Female,58,Food,Granola,3,37.4,112.2,East,Debit Card
8007,2024-02-09,CUST_00863,Male,53,Home & Kitchen,Storage Container,3,56.22,168.66,East,UPI
3475,2024-02-09,CUST_01439,Male,61,Electronics,Bluetooth Speaker,3,431.79,1295.37,South,Cash
6900,2024-02-09,CUST_01002,Male,34,Home & Kitchen,Wall Clock,1,122.04,122.04,West,Debit Card
2613,2024-02-09,CUST_00589,Female,46,Beauty,Eye Shadow,2,101.88,203.76,East,Cash
1758,2024-02-09,CUST_01036,Female,22,Beauty,Sunscreen,3,5.5,16.5,West,UPI
3102,2024-02-09,CUST_01164,Male,23,Electronics,Power Bank,7,376.42,2634.94,North,Credit Card
2508,2024-02-09,CUST_00209,Male,56,Food,Mixed Nuts,2,28.64,57.28,South,Credit Card
10810,2024-02-09,CUST_00473,Female,48,Sports,Yoga Mat,6,132.36,794.16,East,Credit Card
7601,2024-02-09,CUST_00929,Male,69,Sports,Cricket Bat,1,164.03,164.03,West,UPI
6355,2024-02-09,CUST_00224,Male,36,Home & Kitchen,Blender,4,20.44,81.76,South,Debit Card
8123,2024-02-10,CUST_00669,Female,39,Home & Kitchen,Storage Container,2,134.06,268.12,East,Debit Card
10564,2024-02-10,CUST_00004,Male,34,Electronics,Smart Watch,1,651.46,651.46,East,Credit Card
9679,2024-02-10,CUST_01352,Female,26,Beauty,Perfume,2,52.56,105.12,West,Cash
8585,2024-02-10,CUST_00489,Female,67,Clothing,Sneakers,4,101.79,407.16,East,Debit Card
3359,2024-02-10,CUST_00505,Female,27,Beauty,Hair Oil,4,10.97,43.88,South,Credit Card
5913,2024-02-10,CUST_01657,Female,19,Electronics,Power Bank,3,398.03,1194.09,East,Credit Card
9151,2024-02-10,CUST_01121,Male,67,Clothing,Jacket,2,120.66,241.32,East,Cash
10385,2024-02-11,CUST_01563,Male,37,Food,Olive Oil,1,39.03,39.03,North,UPI
2751,2024-02-11,CUST_00442,Female,35,Home & Kitchen,Wall Clock,2,41.89,83.78,East,UPI
10408,2024-02-11,CUST_00572,Male,54,Beauty,Foundation,4,57.36,229.44,West,UPI
6830,2024-02-11,CUST_00416,Male,49,Food,Dark Chocolate,1,21.75,21.75,South,Cash
6013,2024-02-11,CUST_01622,Female,55,Beauty,Perfume,2,91.91,183.82,West,Credit Card
9645,2024-02-12,CUST_00108,Female,18,Clothing,Shorts,2,102.78,205.56,West,Cash
4274,2024-02-12,CUST_00835,Male,49,Electronics,Smartphone,1,265.75,265.75,North,Cash
1164,2024-02-12,CUST_01065,Male,68,Food,Granola,1,33.79,33.79,West,UPI
7053,2024-02-12,CUST_01886,Female,59,Home & Kitchen,Storage Container,2,139.56,279.12,West,UPI
4478,2024-02-12,CUST_00043,Male,69,Home & Kitchen,Cookware Set,3,13.07,39.21,West,Credit Card
2628,2024-02-12,CUST_01945,Female,30,Sports,Football,1,124.24,124.24,West,UPI
8875,2024-02-12,CUST_00515,Male,37,Clothing,Jeans,3,129.92,389.76,South,Credit Card
6306,2024-02-12,CUST_01341,Female,32,Home & Kitchen,Wall Clock,4,79.26,317.04,West,UPI
4186,2024-02-12,CUST_00676,Female,58,Beauty,Perfume,3,82.49,247.47,West,UPI
1502,2024-02-12,CUST_01746,Female,51,Food,Dark Chocolate,1,11.6,11.6,South,Credit Card
10217,2024-02-13,CUST_00390,Female,49,Food,Dark Chocolate,3,16.0,48.0,East,Cash
8451,2024-02-13,CUST_00844,Female,44,Food,Dark Chocolate,4,39.99,159.96,East,UPI
6734,2024-02-13,CUST_00887,Female,28,Beauty,Face Wash,6,38.28,229.68,South,Credit Card
8394,2024-02-13,CUST_01887,Male,50,Electronics,Smart Watch,3,764.41,2293.23,West,UPI
10828,2024-02-13,CUST_01516,Male,20,Sports,Cricket Bat,3,13.76,41.28,West,Debit Card
9657,2024-02-13,CUST_01878,Male,30,Electronics,USB Cable,3,595.71,1787.13,South,Debit Card
7608,2024-02-13,CUST_00491,Female,38,Electronics,Smartphone,2,790.02,1580.04,North,Credit Card
2114,2024-02-13,CUST_00534,Female,29,Beauty,Moisturizer,5,79.47,397.35,North,Credit Card
1652,2024-02-13,CUST_00751,Male,59,Home & Kitchen,Knife Set,1,59.3,59.3,East,Credit Card
7982,2024-02-13,CUST_01098,Female,65,Home & Kitchen,Table Lamp,1,194.1,194.1,South,Credit Card
4572,2024-02-14,CUST_00876,Female,43,Beauty,Foundation,5,25.18,125.9,East,UPI
8709,2024-02-14,CUST_00782,Female,28,Clothing,Formal Shirt,3,25.97,77.91,South,Credit Card
10777,2024-02-14,CUST_00510,Male,67,Beauty,Face Wash,5,92.37,461.85,South,Cash
7467,2024-02-14,CUST_01371,Female,42,Home & Kitchen,Pillow,3,119.89,359.67,East,Cash
1825,2024-02-14,CUST_01803,Male,63,Home & Kitchen,Knife Set,1,58.73,58.73,West,UPI
8913,2024-02-14,CUST_01501,Male,59,Food,Dark Chocolate,2,12.0,24.0,South,Cash
9525,2024-02-14,CUST_00863,Male,53,Home & Kitchen,Blender,3,138.8,416.4,East,UPI
6979,2024-02-14,CUST_01949,Female,68,Electronics,Headphones,2,122.8,245.6,East,Debit Card
8039,2024-02-14,CUST_01436,Male,54,Clothing,Jeans,3,111.61,334.83,South,UPI
7333,2024-02-14,CUST_01260,Female,66,Beauty,Moisturizer,4,27.66,110.64,North,UPI
6346,2024-02-14,CUST_00203,Female,55,Food,Granola,3,31.2,93.6,North,Debit Card
9404,2024-02-15,CUST_01645,Male,32,Home & Kitchen,Bedsheet,6,110.36,662.16,South,Credit Card
6354,2024-02-15,CUST_00512,Female,44,Food,Peanut Butter,4,26.8,107.2,North,Credit Card
4144,2024-02-15,CUST_01313,Female,46,Electronics,Bluetooth Speaker,6,212.33,1273.98,West,UPI
9139,2024-02-15,CUST_00119,Male,41,Electronics,Power Bank,7,45.25,316.75,North,Debit Card
6179,2024-02-15,CUST_00355,Male,37,Electronics,USB Cable,1,30.37,30.37,North,Credit Card
5765,2024-02-15,CUST_01687,Male,67,Clothing,Dress,3,68.9,206.7,West,UPI
10293,2024-02-15,CUST_00569,Male,65,Beauty,Perfume,5,89.46,447.3,South,Cash
3897,2024-02-15,CUST_00945,Male,26,Electronics,Smartphone,2,299.15,598.3,North,UPI
3085,2024-02-15,CUST_00505,Female,27,Home & Kitchen,Table Lamp,3,203.3,609.9,South,Debit Card
1120,2024-02-16,CUST_00272,Female,31,Beauty,Foundation,1,30.94,30.94,East,Debit Card
7133,2024-02-16,CUST_00577,Female,39,Food,Dark Chocolate,3,15.99,47.97,South,Credit Card
2176,2024-02-16,CUST_01783,Female,24,Beauty,Lipstick,6,73.68,442.08,West,Cash
7446,2024-02-16,CUST_00918,Female,40,Clothing,Dress,3,40.99,122.97,North,Debit Card
2530,2024-02-16,CUST_01990,Male,69,Home & Kitchen,Bedsheet,1,122.47,122.47,West,Debit Card
2641,2024-02-16,CUST_01123,Female,51,Food,Protein Bar,1,22.1,22.1,East,Credit Card
2041,2024-02-16,CUST_00532,Female,65,Home & Kitchen,Blender,2,231.91,463.82,West,UPI
10113,2024-02-17,CUST_00579,Female,42,Sports,Dumbbells,1,144.85,144.85,North,Credit Card
3222,2024-02-17,CUST_00627,Female,25,Beauty,Sunscreen,3,38.27,114.81,West,Credit Card
2610,2024-02-17,CUST_01070,Male,31,Home & Kitchen,Blender,7,81.43,570.01,West,Debit Card
7357,2024-02-17,CUST_00016,Female,50,Home & Kitchen,Storage Container,4,57.49,229.96,South,Credit Card
7624,2024-02-17,CUST_00996,Male,45,Food,Granola,2,14.13,28.26,East,UPI
8363,2024-02-17,CUST_01597,Male,37,Clothing,Jeans,2,148.37,296.74,North,UPI
4899,2024-02-17,CUST_01453,Male,61,Beauty,Face Wash,2,42.64,85.28,East,UPI
5157,2024-02-17,CUST_01870,Male,65,Beauty,Eye Shadow,2,41.85,83.7,East,Credit Card
7152,2024-02-17,CUST_01157,Male,55,Food,Organic Honey,5,4.75,23.75,North,UPI
7957,2024-02-17,CUST_00167,Male,37,Home & Kitchen,Blender,1,185.69,185.69,East,UPI
5291,2024-02-17,CUST_01919,Female,59,Beauty,Hair Oil,4,27.08,108.32,East,Credit Card
1303,2024-02-17,CUST_00529,Male,48,Home & Kitchen,Storage Container,3,233.49,700.47,South,Debit Card
3142,2024-02-17,CUST_00746,Female,32,Food,Peanut Butter,6,16.22,97.32,North,Cash
4243,2024-02-17,CUST_00275,Female,63,Food,Protein Bar,1,16.67,16.67,West,UPI
5208,2024-02-18,CUST_01382,Male,42,Home & Kitchen,Wall Clock,1,232.91,232.91,West,Debit Card
3439,2024-02-18,CUST_01857,Male,35,Electronics,Tablet,1,225.54,225.54,East,UPI
3442,2024-02-18,CUST_00530,Male,46,Food,Green Tea,1,10.16,10.16,East,UPI
2180,2024-02-18,CUST_00509,Female,39,Beauty,Eye Shadow,1,58.14,58.14,East,Credit Card
9535,2024-02-18,CUST_00214,Male,63,Home & Kitchen,Knife Set,1,127.74,127.74,North,Credit Card
10342,2024-02-18,CUST_00897,Male,34,Home & Kitchen,Table Lamp,2,17.99,35.98,South,Credit Card
8196,2024-02-18,CUST_00848,Female,22,Home & Kitchen,Storage Container,2,198.37,396.74,West,Debit Card
10278,2024-02-18,CUST_01148,Male,68,Home & Kitchen,Cookware Set,4,79.05,316.2,South,UPI
2304,2024-02-18,CUST_01330,Female,24,Electronics,Bluetooth Speaker,3,587.93,1763.79,North,Debit Card
4294,2024-02-18,CUST_01634,Female,30,Electronics,USB Cable,4,498.62,1994.48,West,Debit Card
5355,2024-02-18,CUST_00076,Male,39,Home & Kitchen,Wall Clock,2,228.86,457.72,East,Credit Card
1928,2024-02-18,CUST_00033,Female,36,Clothing,Sneakers,4,63.88,255.52,North,Cash
5392,2024-02-18,CUST_01108,Female,19,Clothing,Formal Shirt,1,59.46,59.46,South,Credit Card
2876,2024-02-19,CUST_01977,Female,41,Beauty,Foundation,1,26.27,26.27,South,Credit Card
8572,2024-02-19,CUST_00948,Female,25,Beauty,Moisturizer,1,18.5,18.5,South,Debit Card
9566,2024-02-19,CUST_01356,Female,50,Home & Kitchen,Wall Clock,4,117.31,469.24,East,UPI
10785,2024-02-19,CUST_00044,Male,26,Sports,Resistance Band,2,48.47,96.94,East,Cash
8730,2024-02-19,CUST_01312,Female,70,Clothing,Dress,5,132.47,662.35,West,Debit Card
1288,2024-02-19,CUST_00900,Male,26,Food,Protein Bar,2,18.38,36.76,East,Debit Card
2002,2024-02-19,CUST_00464,Female,55,Home & Kitchen,Pillow,2,49.5,99.0,East,Credit Card
1782,2024-02-19,CUST_00350,Male,22,Beauty,Sunscreen,3,92.77,278.31,South,Credit Card
6992,2024-02-19,CUST_01190,Male,37,Electronics,Smart Watch,6,590.51,3543.06,South,Cash
1066,2024-02-19,CUST_01549,Male,35,Sports,Running Shoes,2,94.81,189.62,South,UPI
6902,2024-02-20,CUST_00525,Male,68,Home & Kitchen,Cookware Set,1,202.88,202.88,West,UPI
3049,2024-02-20,CUST_00778,Female,56,Electronics,Smart Watch,2,654.07,1308.14,South,Credit Card
8876,2024-02-20,CUST_01144,Female,22,Beauty,Moisturizer,3,44.24,132.72,East,UPI
10151,2024-02-20,CUST_01166,Male,48,Home & Kitchen,Wall Clock,4,135.2,540.8,West,Credit Card
7689,2024-02-20,CUST_00529,Male,48,Sports,Resistance Band,3,123.33,369.99,South,UPI
9596,2024-02-20,CUST_00907,Female,24,Home & Kitchen,Bedsheet,1,92.86,92.86,South,UPI
3470,2024-02-20,CUST_00894,Male,66,Food,Protein Bar,5,33.35,166.75,North,Cash
1748,2024-02-20,CUST_01234,Female,46,Home & Kitchen,Blender,3,205.18,615.54,West,Debit Card
8501,2024-02-20,CUST_01286,Male,59,Clothing,Dress,5,116.8,584.0,West,Credit Card
8416,2024-02-20,CUST_00491,Female,38,Home & Kitchen,Blender,2,178.52,357.04,North,Debit Card
7243,2024-02-21,CUST_00445,Male,55,Home & Kitchen,Wall Clock,3,211.67,635.01,East,UPI
5689,2024-02-21,CUST_01209,Male,62,Food,Protein Bar,3,35.93,107.79,North,Cash
10511,2024-02-21,CUST_00868,Female,53,Beauty,Moisturizer,2,53.27,106.54,North,Credit Card
4972,2024-02-21,CUST_01800,Male,37,Clothing,Dress,1,135.59,135.59,East,Debit Card
7078,2024-02-21,CUST_00376,Female,63,Home & Kitchen,Wall Clock,1,157.68,157.68,North,UPI
5213,2024-02-21,CUST_01750,Female,39,Home & Kitchen,Storage Container,1,228.91,228.91,South,Credit Card
8234,2024-02-21,CUST_00775,Female,47,Home & Kitchen,Storage Container,2,249.86,499.72,East,Debit Card
10150,2024-02-21,CUST_00412,Female,39,Clothing,Sneakers,2,22.11,44.22,South,Credit Card
2483,2024-02-21,CUST_01177,Female,18,Electronics,Headphones,1,162.57,162.57,East,Debit Card
3934,2024-02-21,CUST_01297,Female,20,Clothing,Dress,2,128.77,257.54,North,Credit Card
8354,2024-02-21,CUST_00702,Male,48,Home & Kitchen,Bedsheet,6,72.42,434.52,North,UPI
6363,2024-02-21,CUST_01016,Female,69,Beauty,Lipstick,7,49.37,345.59,South,Debit Card
4134,2024-02-21,CUST_00483,Female,20,Clothing,Jacket,3,74.29,222.87,South,Debit Card
3738,2024-02-21,CUST_01707,Female,31,Home & Kitchen,Wall Clock,3,69.66,208.98,South,Debit Card
8287,2024-02-22,CUST_00422,Female,68,Food,Protein Bar,1,6.58,6.58,South,Credit Card
7114,2024-02-22,CUST_01774,Male,38,Sports,Yoga Mat,4,133.29,533.16,South,UPI
6449,2024-02-22,CUST_00539,Female,38,Home & Kitchen,Blender,4,214.76,859.04,East,Cash
5825,2024-02-22,CUST_01148,Male,68,Beauty,Eye Shadow,2,109.29,218.58,South,UPI
5806,2024-02-22,CUST_01547,Male,24,Electronics,Laptop,2,152.2,304.4,West,Credit Card
2864,2024-02-22,CUST_01891,Female,22,Clothing,Shorts,6,93.73,562.38,South,Cash
6531,2024-02-22,CUST_01210,Female,62,Sports,Football,4,156.1,624.4,East,Debit Card
3060,2024-02-22,CUST_01799,Male,30,Food,Olive Oil,3,29.28,87.84,North,Credit Card
7708,2024-02-22,CUST_00773,Male,54,Food,Dark Chocolate,1,4.42,4.42,South,UPI
5961,2024-02-23,CUST_00386,Male,61,Beauty,Perfume,1,105.28,105.28,West,Credit Card
7019,2024-02-23,CUST_00699,Male,30,Electronics,Tablet,3,325.99,977.97,East,UPI
1364,2024-02-23,CUST_01753,Female,34,Food,Protein Bar,3,29.0,87.0,West,Credit Card
7323,2024-02-23,CUST_00728,Female,46,Home & Kitchen,Pillow,2,58.71,117.42,East,Debit Card
3775,2024-02-24,CUST_01664,Male,70,Home & Kitchen,Blender,1,105.32,105.32,East,UPI
6127,2024-02-24,CUST_01648,Female,52,Electronics,Smartphone,3,319.48,958.44,North,Credit Card
7018,2024-02-24,CUST_01363,Female,38,Home & Kitchen,Knife Set,2,204.79,409.58,North,Credit Card
3199,2024-02-24,CUST_00916,Female,65,Home & Kitchen,Cookware Set,1,88.3,88.3,East,Credit Card
6629,2024-02-24,CUST_01927,Male,66,Beauty,Face Wash,5,41.29,206.45,East,UPI
3985,2024-02-24,CUST_00798,Female,31,Clothing,Hoodie,2,50.23,100.46,North,UPI
4771,2024-02-24,CUST_01308,Male,24,Clothing,Jeans,5,149.77,748.85,South,Credit Card
7975,2024-02-24,CUST_01213,Male,54,Home & Kitchen,Table Lamp,2,68.21,136.42,North,Credit Card
2580,2024-02-24,CUST_01161,Female,27,Beauty,Moisturizer,6,31.75,190.5,North,Debit Card
5910,2024-02-24,CUST_01828,Male,49,Sports,Skipping Rope,3,8.48,25.44,East,Debit Card
10052,2024-02-24,CUST_00617,Male,37,Home & Kitchen,Wall Clock,3,48.01,144.03,South,Debit Card
4936,2024-02-24,CUST_01759,Male,64,Clothing,Formal Shirt,2,138.38,276.76,South,UPI
5835,2024-02-24,CUST_00099,Female,40,Electronics,USB Cable,1,743.3,743.3,North,Credit Card
5432,2024-02-24,CUST_00762,Female,46,Clothing,Dress,5,105.39,526.95,North,Cash
1049,2024-02-24,CUST_00484,Male,37,Electronics,Bluetooth Speaker,1,375.15,375.15,South,UPI
2760,2024-02-25,CUST_01929,Male,62,Home & Kitchen,Storage Container,3,249.37,748.11,North,Debit Card
2313,2024-02-25,CUST_01765,Male,19,Beauty,Sunscreen,2,7.23,14.46,East,UPI
5103,2024-02-25,CUST_01719,Female,19,Electronics,Bluetooth Speaker,1,360.47,360.47,East,Credit Card
10582,2024-02-25,CUST_00481,Female,48,Clothing,Jeans,3,61.4,184.2,East,Cash
9236,2024-02-25,CUST_00251,Female,29,Electronics,Smart Watch,4,690.61,2762.44,East,Debit Card
8528,2024-02-25,CUST_01028,Male,38,Home & Kitchen,Table Lamp,6,38.88,233.28,East,Cash
5163,2024-02-26,CUST_01176,Female,24,Electronics,Laptop,5,90.79,453.95,South,Cash
4321,2024-02-26,CUST_01139,Female,45,Beauty,Hair Oil,4,5.88,23.52,West,Credit Card
1211,2024-02-26,CUST_00354,Male,54,Food,Peanut Butter,4,9.69,38.76,North,Debit Card
5460,2024-02-26,CUST_00373,Female,59,Food,Green Tea,5,3.57,17.85,South,UPI
5658,2024-02-26,CUST_00945,Male,26,Electronics,Power Bank,5,444.81,2224.05,North,Credit Card
10292,2024-02-26,CUST_00370,Female,48,Electronics,Smartphone,2,57.74,115.48,West,Cash
4011,2024-02-26,CUST_01836,Male,58,Clothing,Jeans,2,83.99,167.98,North,Credit Card
8791,2024-02-26,CUST_00343,Male,53,Sports,Football,3,116.57,349.71,West,Cash
9354,2024-02-26,CUST_01446,Male,69,Home & Kitchen,Blender,4,67.35,269.4,North,Debit Card
10390,2024-02-27,CUST_01353,Male,65,Beauty,Perfume,1,31.79,31.79,West,UPI
1426,2024-02-27,CUST_00447,Male,57,Home & Kitchen,Storage Container,4,223.44,893.76,East,Credit Card
2700,2024-02-27,CUST_00530,Male,46,Clothing,Jeans,1,92.44,92.44,East,Debit Card
10422,2024-02-27,CUST_00942,Male,67,Home & Kitchen,Storage Container,1,44.87,44.87,South,Cash
6258,2024-02-27,CUST_00387,Female,19,Beauty,Foundation,1,29.06,29.06,West,Credit Card
1321,2024-02-27,CUST_01424,Female,18,Food,Green Tea,3,24.57,73.71,South,Credit Card
7256,2024-02-27,CUST_00932,Female,35,Electronics,Headphones,2,583.06,1166.12,West,UPI
4978,2024-02-27,CUST_01277,Female,23,Electronics,Power Bank,3,297.59,892.77,East,Cash
8883,2024-02-27,CUST_01333,Male,42,Electronics,Tablet,4,683.63,2734.52,North,Credit Card
10964,2024-02-27,CUST_01383,Female,43,Home & Kitchen,Wall Clock,7,168.64,1180.48,West,Cash
7274,2024-02-27,CUST_01867,Female,48,Food,Organic Honey,5,25.05,125.25,West,Debit Card
7790,2024-02-28,CUST_01129,Female,51,Clothing,Sneakers,2,26.16,52.32,West,Credit Card
8021,2024-02-28,CUST_00054,Female,19,Electronics,Headphones,3,572.38,1717.14,East,Credit Card
5985,2024-02-28,CUST_00501,Male,61,Food,Mixed Nuts,6,39.12,234.72,North,UPI
4858,2024-02-28,CUST_00530,Male,46,Sports,Yoga Mat,2,45.49,90.98,East,Credit Card
2126,2024-02-28,CUST_01359,Female,24,Electronics,Laptop,6,357.3,2143.8,East,Credit Card
6619,2024-02-28,CUST_01244,Female,44,Electronics,Tablet,2,372.1,744.2,East,UPI
2548,2024-02-28,CUST_00231,Male,47,Home & Kitchen,Table Lamp,2,241.91,483.82,North,UPI
5515,2024-02-28,CUST_01283,Male,32,Home & Kitchen,Wall Clock,1,46.18,46.18,South,Credit Card
7079,2024-02-29,CUST_01980,Female,59,Food,Green Tea,6,29.57,177.42,East,Credit Card
4665,2024-02-29,CUST_00656,Male,31,Sports,Resistance Band,4,180.9,723.6,West,Debit Card
9226,2024-02-29,CUST_01576,Male,38,Home & Kitchen,Table Lamp,2,140.83,281.66,West,UPI
7450,2024-02-29,CUST_00443,Male,30,Clothing,Sneakers,1,55.82,55.82,West,Cash
1553,2024-03-01,CUST_01539,Female,26,Sports,Football,2,105.17,210.34,East,Cash
9060,2024-03-01,CUST_00976,Female,31,Home & Kitchen,Wall Clock,5,113.58,567.9,East,Credit Card
10136,2024-03-01,CUST_00724,Male,56,Beauty,Lipstick,1,112.94,112.94,East,Debit Card
4598,2024-03-01,CUST_01537,Male,40,Clothing,Shorts,1,144.26,144.26,West,Debit Card
7437,2024-03-01,CUST_00254,Female,69,Clothing,Hoodie,2,91.32,182.64,North,Cash
5285,2024-03-01,CUST_01269,Male,37,Electronics,USB Cable,2,355.32,710.64,South,Debit Card
1915,2024-03-01,CUST_01953,Male,27,Electronics,Laptop,3,355.2,1065.6,East,UPI
3593,2024-03-01,CUST_01495,Female,44,Electronics,Laptop,1,565.58,565.58,East,Credit Card
3993,2024-03-01,CUST_00401,Female,23,Electronics,Smart Watch,6,354.56,2127.36,North,UPI
10696,2024-03-01,CUST_01673,Male,37,Home & Kitchen,Storage Container,1,84.44,84.44,North,Credit Card
8256,2024-03-01,CUST_01022,Female,51,Beauty,Perfume,1,108.21,108.21,East,Cash
6071,2024-03-01,CUST_00994,Female,59,Beauty,Hair Oil,2,32.84,65.68,North,UPI
1478,2024-03-02,CUST_01571,Male,42,Electronics,Tablet,3,790.15,2370.45,West,Credit Card
9909,2024-03-02,CUST_00192,Male,68,Home & Kitchen,Knife Set,6,235.31,1411.86,East,Debit Card
10685,2024-03-02,CUST_01865,Male,22,Electronics,USB Cable,2,579.62,1159.24,South,Credit Card
2657,2024-03-02,CUST_00602,Male,47,Beauty,Lipstick,1,41.86,41.86,North,Debit Card
5912,2024-03-02,CUST_00837,Female,18,Electronics,Smartphone,3,387.04,1161.12,North,UPI
3441,2024-03-02,CUST_00813,Male,66,Food,Granola,3,15.25,45.75,East,UPI
5483,2024-03-02,CUST_01468,Male,20,Electronics,Bluetooth Speaker,3,127.16,381.48,South,Credit Card
9984,2024-03-02,CUST_01207,Female,62,Food,Dark Chocolate,3,29.19,87.57,South,Credit Card
4201,2024-03-02,CUST_01251,Male,26,Clothing,T-Shirt,1,42.3,42.3,South,Credit Card
8707,2024-03-03,CUST_01721,Female,67,Food,Green Tea,4,36.99,147.96,North,Credit Card
10710,2024-03-03,CUST_00715,Female,46,Beauty,Moisturizer,2,27.11,54.22,East,Cash
5535,2024-03-03,CUST_01199,Male,56,Beauty,Hair Oil,1,68.76,68.76,East,Credit Card
1942,2024-03-03,CUST_00009,Male,47,Electronics,Power Bank,3,167.48,502.44,South,UPI
10880,2024-03-03,CUST_00116,Male,48,Home & Kitchen,Pillow,1,230.71,230.71,North,Cash
5348,2024-03-03,CUST_01109,Female,49,Clothing,Jeans,4,85.1,340.4,West,UPI
7233,2024-03-03,CUST_00420,Male,36,Food,Peanut Butter,1,32.3,32.3,North,UPI
1327,2024-03-03,CUST_00087,Female,68,Home & Kitchen,Bedsheet,1,26.2,26.2,East,Credit Card
9976,2024-03-03,CUST_01950,Female,25,Electronics,Power Bank,2,85.04,170.08,North,UPI
2895,2024-03-03,CUST_00575,Female,64,Food,Mixed Nuts,6,8.38,50.28,South,Cash
8721,2024-03-03,CUST_00387,Female,19,Electronics,Smart Watch,4,201.26,805.04,West,Cash
5410,2024-03-03,CUST_01503,Male,65,Clothing,T-Shirt,3,55.79,167.37,South,Debit Card
9665,2024-03-03,CUST_00030,Male,32,Clothing,Jacket,4,115.11,460.44,North,Credit Card
2901,2024-03-03,CUST_00954,Male,56,Beauty,Foundation,4,114.68,458.72,South,Credit Card
7531,2024-03-03,CUST_01063,Male,66,Food,Olive Oil,2,34.11,68.22,West,Cash
9342,2024-03-03,CUST_01736,Male,19,Sports,Water Bottle,3,146.14,438.42,West,UPI
1534,2024-03-04,CUST_00924,Female,30,Electronics,Laptop,3,320.33,960.99,South,UPI
5054,2024-03-04,CUST_01649,Male,64,Beauty,Perfume,5,37.76,188.8,South,Cash
7629,2024-03-04,CUST_00021,Female,60,Home & Kitchen,Pillow,1,242.99,242.99,East,Credit Card
9498,2024-03-04,CUST_01158,Male,50,Electronics,Smartphone,3,52.22,156.66,East,Debit Card
2331,2024-03-04,CUST_01890,Female,68,Home & Kitchen,Table Lamp,2,233.75,467.5,South,UPI
5783,2024-03-04,CUST_00653,Male,59,Beauty,Hair Oil,2,104.87,209.74,South,Cash
1188,2024-03-04,CUST_01995,Female,56,Home & Kitchen,Table Lamp,3,245.59,736.77,North,Credit Card
9773,2024-03-04,CUST_01430,Female,42,Electronics,Smartphone,2,689.88,1379.76,South,UPI
7679,2024-03-04,CUST_00230,Female,46,Home & Kitchen,Blender,1,109.0,109.0,East,Credit Card
10315,2024-03-04,CUST_00651,Male,40,Clothing,Formal Shirt,1,85.44,85.44,East,Debit Card
7387,2024-03-05,CUST_01992,Male,47,Clothing,Hoodie,3,16.91,50.73,East,Cash
9533,2024-03-05,CUST_01696,Male,27,Electronics,Smart Watch,1,143.14,143.14,West,Cash
5140,2024-03-05,CUST_00220,Male,30,Electronics,Headphones,3,379.96,1139.88,North,UPI
4879,2024-03-05,CUST_00031,Female,39,Electronics,Smart Watch,3,557.74,1673.22,West,Credit Card
8079,2024-03-05,CUST_00980,Male,56,Home & Kitchen,Storage Container,5,183.35,916.75,South,Cash
10503,2024-03-05,CUST_00415,Female,35,Beauty,Perfume,2,95.96,191.92,East,Credit Card
4240,2024-03-05,CUST_00336,Male,24,Home & Kitchen,Knife Set,3,192.19,576.57,South,Credit Card
4388,2024-03-05,CUST_00232,Female,25,Home & Kitchen,Knife Set,1,101.12,101.12,South,Debit Card
8505,2024-03-05,CUST_00230,Female,46,Home & Kitchen,Storage Container,1,199.17,199.17,East,Credit Card
1686,2024-03-05,CUST_00716,Female,38,Home & Kitchen,Bedsheet,2,76.89,153.78,West,Credit Card
1256,2024-03-05,CUST_00562,Female,29,Electronics,Laptop,3,497.04,1491.12,South,Debit Card
9965,2024-03-05,CUST_01057,Female,26,Beauty,Moisturizer,3,104.64,313.92,South,Credit Card
5232,2024-03-05,CUST_01294,Female,43,Food,Organic Honey,3,36.65,109.95,West,Credit Card
4617,2024-03-05,CUST_00856,Female,20,Sports,Cricket Bat,1,98.12,98.12,North,UPI
3453,2024-03-06,CUST_00962,Female,26,Beauty,Eye Shadow,2,52.24,104.48,North,UPI
2619,2024-03-06,CUST_01355,Female,35,Clothing,Hoodie,1,147.21,147.21,West,Debit Card
7752,2024-03-06,CUST_00537,Female,53,Electronics,Laptop,2,119.26,238.52,North,Debit Card
10986,2024-03-06,CUST_00883,Male,25,Electronics,Power Bank,3,660.69,1982.07,East,Debit Card
6059,2024-03-06,CUST_00589,Female,46,Home & Kitchen,Wall Clock,3,188.92,566.76,East,UPI
6263,2024-03-06,CUST_00954,Male,56,Electronics,Headphones,6,784.8,4708.8,South,UPI
8447,2024-03-06,CUST_01461,Female,41,Home & Kitchen,Pillow,6,12.95,77.7,South,Debit Card
9214,2024-03-06,CUST_01806,Female,66,Home & Kitchen,Storage Container,6,172.99,1037.94,South,Credit Card
5386,2024-03-06,CUST_01909,Female,29,Sports,Running Shoes,1,189.1,189.1,East,Debit Card
10904,2024-03-06,CUST_00225,Male,64,Home & Kitchen,Wall Clock,2,123.9,247.8,South,UPI
1452,2024-03-06,CUST_01255,Female,61,Electronics,Smart Watch,2,471.29,942.58,North,UPI
3368,2024-03-07,CUST_01755,Male,67,Sports,Yoga Mat,3,13.84,41.52,East,UPI
9666,2024-03-07,CUST_00961,Female,32,Sports,Dumbbells,1,188.76,188.76,South,UPI
7547,2024-03-07,CUST_01595,Male,44,Electronics,Smartphone,1,141.28,141.28,East,Debit Card
4303,2024-03-07,CUST_01890,Female,68,Beauty,Moisturizer,4,8.6,34.4,South,UPI
6131,2024-03-07,CUST_00437,Male,31,Beauty,Moisturizer,1,34.53,34.53,West,Credit Card
8523,2024-03-08,CUST_00281,Female,56,Food,Olive Oil,4,8.05,32.2,South,Credit Card
7568,2024-03-08,CUST_01118,Male,50,Electronics,USB Cable,1,457.96,457.96,East,UPI
3022,2024-03-08,CUST_01446,Male,69,Home & Kitchen,Table Lamp,2,194.88,389.76,North,Debit Card
6019,2024-03-08,CUST_00519,Male,26,Sports,Running Shoes,5,19.22,96.1,North,UPI
2283,2024-03-08,CUST_01507,Male,45,Home & Kitchen,Table Lamp,6,103.89,623.34,South,Credit Card
4268,2024-03-08,CUST_01244,Female,44,Sports,Yoga Mat,4,87.63,350.52,East,Credit Card
8829,2024-03-08,CUST_01752,Male,68,Food,Dark Chocolate,2,14.67,29.34,South,Cash
10858,2024-03-08,CUST_01388,Male,60,Food,Olive Oil,2,5.89,11.78,South,Credit Card
10661,2024-03-08,CUST_01466,Male,45,Home & Kitchen,Table Lamp,6,124.65,747.9,South,UPI
3133,2024-03-08,CUST_01322,Male,59,Beauty,Sunscreen,4,8.96,35.84,North,Debit Card
8191,2024-03-08,CUST_00436,Female,28,Sports,Football,3,56.81,170.43,East,Credit Card
10805,2024-03-08,CUST_00033,Female,36,Electronics,Tablet,4,315.27,1261.08,North,Cash
10403,2024-03-08,CUST_00585,Male,48,Clothing,Hoodie,3,66.19,198.57,East,UPI
3194,2024-03-08,CUST_00511,Male,38,Clothing,T-Shirt,2,32.64,65.28,East,UPI
1866,2024-03-08,CUST_00222,Female,20,Electronics,USB Cable,2,498.43,996.86,East,Debit Card
2933,2024-03-08,CUST_00942,Male,67,Home & Kitchen,Blender,3,155.63,466.89,South,Debit Card
7177,2024-03-09,CUST_01131,Female,44,Home & Kitchen,Storage Container,4,115.26,461.04,North,Credit Card
1094,2024-03-09,CUST_00868,Female,53,Food,Peanut Butter,5,10.36,51.8,North,Credit Card
3042,2024-03-09,CUST_00446,Female,37,Sports,Football,1,32.13,32.13,East,Cash
1554,2024-03-09,CUST_00713,Female,44,Clothing,Shorts,2,58.53,117.06,South,UPI
2932,2024-03-09,CUST_00387,Female,19,Clothing,Shorts,3,70.31,210.93,West,Credit Card
8672,2024-03-09,CUST_01693,Female,32,Clothing,Jeans,2,130.04,260.08,South,Credit Card
8384,2024-03-09,CUST_01598,Female,28,Sports,Running Shoes,1,40.34,40.34,West,Debit Card
9217,2024-03-10,CUST_01381,Male,26,Beauty,Foundation,6,30.64,183.84,West,Debit Card
10656,2024-03-10,CUST_00846,Female,59,Food,Granola,3,32.09,96.27,South,Cash
4848,2024-03-10,CUST_00065,Female,41,Electronics,Power Bank,1,361.1,361.1,East,UPI
7282,2024-03-10,CUST_01406,Male,32,Home & Kitchen,Table Lamp,1,42.71,42.71,West,UPI
3968,2024-03-10,CUST_01507,Male,45,Home & Kitchen,Pillow,1,81.76,81.76,South,UPI
7571,2024-03-10,CUST_01154,Female,66,Food,Granola,3,30.61,91.83,South,Cash
7436,2024-03-10,CUST_00062,Male,53,Home & Kitchen,Blender,4,74.85,299.4,North,Debit Card
2623,2024-03-10,CUST_01050,Female,60,Beauty,Sunscreen,2,50.37,100.74,West,Debit Card
7695,2024-03-10,CUST_00230,Female,46,Home & Kitchen,Cookware Set,3,104.64,313.92,East,UPI
10179,2024-03-11,CUST_01897,Female,65,Electronics,Headphones,2,250.24,500.48,West,Cash
7094,2024-03-11,CUST_01546,Female,33,Sports,Water Bottle,4,188.3,753.2,North,Credit Card
5490,2024-03-11,CUST_01218,Male,59,Food,Dark Chocolate,2,26.42,52.84,East,Debit Card
7736,2024-03-11,CUST_00674,Male,32,Electronics,USB Cable,3,223.07,669.21,North,UPI
4427,2024-03-11,CUST_01400,Male,55,Beauty,Hair Oil,1,40.12,40.12,West,UPI
5111,2024-03-11,CUST_00738,Female,37,Food,Peanut Butter,2,33.67,67.34,West,UPI
4550,2024-03-11,CUST_01081,Male,18,Clothing,Sneakers,5,121.9,609.5,North,Credit Card
2880,2024-03-12,CUST_00323,Female,36,Food,Mixed Nuts,5,26.19,130.95,East,UPI
7390,2024-03-12,CUST_01178,Male,29,Clothing,Formal Shirt,3,27.05,81.15,West,Credit Card
6033,2024-03-12,CUST_01968,Male,51,Home & Kitchen,Knife Set,3,201.41,604.23,South,UPI
10027,2024-03-12,CUST_00087,Female,68,Beauty,Foundation,3,86.63,259.89,East,Debit Card
1798,2024-03-12,CUST_00548,Male,31,Electronics,Tablet,4,792.31,3169.24,North,Cash
9447,2024-03-12,CUST_01709,Female,65,Sports,Resistance Band,2,168.55,337.1,East,Debit Card
10294,2024-03-12,CUST_00344,Male,49,Food,Granola,3,19.05,57.15,South,Debit Card
1859,2024-03-12,CUST_00191,Female,50,Home & Kitchen,Wall Clock,2,31.18,62.36,South,Debit Card
3815,2024-03-12,CUST_00791,Male,21,Clothing,Formal Shirt,3,96.03,288.09,North,Debit Card
5556,2024-03-12,CUST_01833,Male,65,Beauty,Moisturizer,3,33.28,99.84,West,Cash
5048,2024-03-12,CUST_00829,Female,35,Electronics,Laptop,1,106.78,106.78,West,Credit Card
6703,2024-03-12,CUST_00043,Male,69,Food,Protein Bar,4,38.94,155.76,West,Credit Card
3849,2024-03-12,CUST_00212,Female,51,Beauty,Face Wash,3,58.73,176.19,West,Credit Card
9954,2024-03-12,CUST_00380,Female,59,Beauty,Perfume,3,51.0,153.0,North,UPI
4416,2024-03-13,CUST_00236,Female,44,Electronics,Power Bank,5,338.91,1694.55,East,Credit Card
5160,2024-03-13,CUST_00901,Female,37,Clothing,Sneakers,4,28.96,115.84,West,UPI
8622,2024-03-13,CUST_00790,Female,32,Clothing,T-Shirt,4,93.15,372.6,West,Cash
10882,2024-03-13,CUST_00230,Female,46,Sports,Skipping Rope,2,107.56,215.12,East,UPI
3032,2024-03-13,CUST_00039,Male,41,Home & Kitchen,Cookware Set,1,169.2,169.2,East,Credit Card
4686,2024-03-13,CUST_00976,Female,31,Clothing,Jeans,5,110.48,552.4,East,Debit Card
8217,2024-03-13,CUST_01499,Male,54,Food,Dark Chocolate,1,7.23,7.23,North,Cash
2144,2024-03-13,CUST_00518,Female,30,Electronics,Bluetooth Speaker,1,552.05,552.05,East,Debit Card
6172,2024-03-13,CUST_01040,Male,18,Home & Kitchen,Pillow,1,22.21,22.21,West,UPI
5384,2024-03-13,CUST_01789,Male,67,Home & Kitchen,Pillow,3,208.21,624.63,South,Cash
6887,2024-03-13,CUST_00786,Female,60,Electronics,USB Cable,4,614.01,2456.04,South,Credit Card
7924,2024-03-13,CUST_01450,Female,70,Food,Green Tea,7,15.82,110.74,South,Debit Card
5293,2024-03-13,CUST_00008,Female,55,Home & Kitchen,Table Lamp,1,91.77,91.77,North,Debit Card
9868,2024-03-13,CUST_01136,Female,64,Home & Kitchen,Storage Container,2,16.03,32.06,East,Cash
10966,2024-03-13,CUST_01354,Male,18,Clothing,T-Shirt,1,77.17,77.17,East,UPI
2543,2024-03-14,CUST_00029,Male,70,Food,Mixed Nuts,4,7.0,28.0,South,UPI
2471,2024-03-14,CUST_01295,Female,58,Sports,Water Bottle,7,155.76,1090.32,North,Cash
9785,2024-03-14,CUST_00597,Male,44,Sports,Running Shoes,1,44.5,44.5,North,Debit Card
8820,2024-03-14,CUST_00185,Male,38,Home & Kitchen,Storage Container,1,124.11,124.11,West,Cash
4778,2024-03-14,CUST_00268,Male,48,Electronics,Headphones,1,359.32,359.32,South,UPI
1969,2024-03-14,CUST_01962,Male,52,Beauty,Face Wash,4,77.46,309.84,North,UPI
6987,2024-03-14,CUST_00259,Female,18,Electronics,Smart Watch,1,522.47,522.47,South,Debit Card
5493,2024-03-14,CUST_01681,Male,36,Home & Kitchen,Wall Clock,3,43.8,131.4,West,UPI
7945,2024-03-14,CUST_01895,Female,60,Home & Kitchen,Blender,6,49.69,298.14,South,Credit Card
1222,2024-03-15,CUST_01181,Female,21,Clothing,Jacket,1,32.72,32.72,North,Cash
8841,2024-03-15,CUST_01595,Male,44,Home & Kitchen,Blender,4,230.46,921.84,East,Debit Card
2293,2024-03-15,CUST_01850,Female,59,Home & Kitchen,Table Lamp,2,135.53,271.06,South,Credit Card
4593,2024-03-15,CUST_00542,Male,51,Electronics,Bluetooth Speaker,1,742.53,742.53,West,UPI
2018,2024-03-15,CUST_00327,Female,34,Food,Olive Oil,2,23.4,46.8,West,Cash
9005,2024-03-15,CUST_00069,Female,42,Clothing,Formal Shirt,1,50.1,50.1,West,Debit Card
6493,2024-03-15,CUST_00791,Male,21,Electronics,Headphones,1,377.45,377.45,North,Credit Card
4800,2024-03-15,CUST_01513,Male,39,Food,Dark Chocolate,3,15.7,47.1,North,Debit Card
3793,2024-03-16,CUST_00333,Female,45,Sports,Yoga Mat,1,59.0,59.0,East,Cash
5938,2024-03-16,CUST_00687,Female,35,Electronics,Smart Watch,3,319.34,958.02,North,UPI
7580,2024-03-16,CUST_00214,Male,63,Home & Kitchen,Blender,6,54.42,326.52,North,Credit Card
6742,2024-03-16,CUST_01812,Male,32,Home & Kitchen,Blender,2,164.2,328.4,West,Debit Card
7286,2024-03-16,CUST_00228,Male,36,Food,Mixed Nuts,3,37.0,111.0,East,Credit Card
7354,2024-03-16,CUST_00407,Female,48,Home & Kitchen,Pillow,6,49.85,299.1,South,Debit Card
6499,2024-03-16,CUST_01213,Male,54,Food,Green Tea,1,35.15,35.15,North,Debit Card
8494,2024-03-16,CUST_01150,Female,29,Electronics,Smart Watch,3,366.33,1098.99,East,Credit Card
3464,2024-03-16,CUST_01296,Female,65,Food,Organic Honey,1,30.17,30.17,North,Debit Card
6392,2024-03-16,CUST_01078,Female,61,Sports,Football,3,79.3,237.9,North,Credit Card
1766,2024-03-17,CUST_01496,Female,51,Food,Protein Bar,6,16.28,97.68,West,UPI
2454,2024-03-17,CUST_01270,Female,66,Home & Kitchen,Cookware Set,3,238.45,715.35,North,Debit Card
8281,2024-03-17,CUST_01625,Male,23,Sports,Running Shoes,5,71.96,359.8,North,Debit Card
7743,2024-03-17,CUST_00631,Female,35,Sports,Water Bottle,6,130.94,785.64,East,Credit Card
9070,2024-03-17,CUST_01817,Male,33,Home & Kitchen,Wall Clock,2,219.39,438.78,East,Debit Card
5484,2024-03-17,CUST_01237,Female,24,Home & Kitchen,Bedsheet,3,149.32,447.96,West,Credit Card
1259,2024-03-17,CUST_01288,Female,67,Clothing,Dress,1,13.7,13.7,East,UPI
10962,2024-03-17,CUST_01721,Female,67,Food,Olive Oil,2,5.66,11.32,North,Cash
9418,2024-03-17,CUST_01488,Female,40,Home & Kitchen,Bedsheet,4,108.5,434.0,North,Debit Card
10200,2024-03-17,CUST_00960,Female,30,Electronics,Bluetooth Speaker,3,390.31,1170.93,East,Cash
4005,2024-03-18,CUST_00713,Female,44,Home & Kitchen,Pillow,2,128.79,257.58,South,Cash
1687,2024-03-18,CUST_01837,Male,57,Beauty,Lipstick,1,103.29,103.29,East,Debit Card
6103,2024-03-18,CUST_01815,Female,25,Beauty,Face Wash,3,92.24,276.72,West,Debit Card
2965,2024-03-18,CUST_00930,Female,57,Home & Kitchen,Table Lamp,2,213.54,427.08,East,Credit Card
4611,2024-03-18,CUST_01104,Male,54,Food,Green Tea,3,17.25,51.75,West,Credit Card
10048,2024-03-18,CUST_00286,Male,25,Clothing,Hoodie,2,17.64,35.28,North,UPI
5359,2024-03-18,CUST_00110,Female,64,Beauty,Face Wash,3,77.68,233.04,East,UPI
9969,2024-03-18,CUST_00038,Female,33,Clothing,T-Shirt,2,52.98,105.96,North,Debit Card
4602,2024-03-18,CUST_00348,Male,57,Food,Dark Chocolate,1,31.91,31.91,North,Cash
6389,2024-03-18,CUST_00338,Female,51,Beauty,Foundation,1,21.42,21.42,East,UPI
6338,2024-03-18,CUST_00813,Male,66,Food,Dark Chocolate,1,37.29,37.29,East,Credit Card
9421,2024-03-18,CUST_00796,Female,43,Electronics,Smart Watch,1,410.66,410.66,South,UPI
3256,2024-03-18,CUST_01276,Male,32,Clothing,Jacket,6,35.96,215.76,East,Debit Card
7701,2024-03-18,CUST_00580,Male,33,Food,Green Tea,3,34.85,104.55,South,Credit Card
9920,2024-03-18,CUST_00187,Female,35,Electronics,Smartphone,2,426.79,853.58,North,Credit Card
1660,2024-03-18,CUST_01036,Female,22,Electronics,Smartphone,5,95.2,476.0,West,Debit Card
7758,2024-03-19,CUST_01819,Female,62,Electronics,Laptop,3,139.41,418.23,South,Credit Card
8403,2024-03-19,CUST_01953,Male,27,Electronics,Smart Watch,2,342.11,684.22,East,Debit Card
8120,2024-03-19,CUST_01020,Male,55,Home & Kitchen,Blender,1,159.7,159.7,East,Debit Card
4482,2024-03-19,CUST_00381,Female,56,Clothing,T-Shirt,4,35.01,140.04,West,UPI
7661,2024-03-19,CUST_00503,Male,35,Food,Olive Oil,4,26.65,106.6,North,Credit Card
7064,2024-03-19,CUST_00283,Male,26,Electronics,Smart Watch,6,703.05,4218.3,South,Debit Card
5529,2024-03-19,CUST_00578,Female,48,Sports,Water Bottle,4,37.19,148.76,South,Credit Card
5001,2024-03-19,CUST_01137,Female,32,Electronics,Tablet,1,62.15,62.15,South,Debit Card
6641,2024-03-19,CUST_01492,Male,36,Sports,Dumbbells,1,14.15,14.15,West,Cash
3302,2024-03-19,CUST_00738,Female,37,Food,Dark Chocolate,3,7.17,21.51,West,Credit Card
3503,2024-03-20,CUST_00223,Female,57,Home & Kitchen,Cookware Set,1,93.78,93.78,North,Debit Card
4961,2024-03-20,CUST_01185,Male,53,Home & Kitchen,Storage Container,5,130.43,652.15,West,Debit Card
8330,2024-03-20,CUST_01500,Male,27,Clothing,Sneakers,1,61.39,61.39,South,UPI
8077,2024-03-20,CUST_00923,Female,49,Electronics,Headphones,1,230.03,230.03,West,Credit Card
9700,2024-03-20,CUST_00180,Male,21,Beauty,Hair Oil,2,7.02,14.04,South,Debit Card
5383,2024-03-20,CUST_01776,Female,63,Food,Peanut Butter,2,16.2,32.4,South,Credit Card
1414,2024-03-20,CUST_01126,Male,43,Electronics,USB Cable,5,425.85,2129.25,South,Debit Card
9841,2024-03-20,CUST_00439,Male,35,Home & Kitchen,Bedsheet,1,131.77,131.77,South,Cash
10854,2024-03-20,CUST_00534,Female,29,Beauty,Face Wash,1,68.66,68.66,North,Cash
5992,2024-03-20,CUST_01306,Female,66,Clothing,Dress,7,85.64,599.48,North,UPI
4909,2024-03-20,CUST_00613,Male,24,Clothing,Jacket,3,49.15,147.45,South,Debit Card
10796,2024-03-20,CUST_00484,Male,37,Food,Dark Chocolate,3,19.97,59.91,South,UPI
5591,2024-03-21,CUST_01144,Female,22,Clothing,Jacket,5,103.52,517.6,East,Cash
1725,2024-03-21,CUST_01931,Female,38,Clothing,Shorts,1,87.79,87.79,South,Credit Card
9859,2024-03-21,CUST_00711,Male,70,Clothing,Dress,2,145.81,291.62,East,Cash
4567,2024-03-21,CUST_00841,Male,60,Home & Kitchen,Blender,2,206.67,413.34,North,Debit Card
5480,2024-03-22,CUST_01302,Male,68,Home & Kitchen,Wall Clock,6,33.05,198.3,South,UPI
10055,2024-03-22,CUST_01605,Male,35,Electronics,Bluetooth Speaker,7,210.38,1472.66,North,UPI
6980,2024-03-22,CUST_00360,Female,27,Electronics,Headphones,1,68.21,68.21,West,Cash
10760,2024-03-22,CUST_01053,Female,40,Clothing,Jacket,3,29.02,87.06,North,Credit Card
1803,2024-03-22,CUST_01563,Male,37,Food,Mixed Nuts,4,31.64,126.56,North,Credit Card
5076,2024-03-22,CUST_00059,Female,19,Electronics,Smart Watch,4,16.57,66.28,South,UPI
9379,2024-03-22,CUST_01617,Female,57,Home & Kitchen,Pillow,4,127.37,509.48,East,Cash
1360,2024-03-22,CUST_01856,Male,28,Electronics,Power Bank,1,386.04,386.04,West,Debit Card
6141,2024-03-22,CUST_00643,Female,33,Electronics,Laptop,2,478.26,956.52,South,Credit Card
4787,2024-03-23,CUST_01418,Female,51,Home & Kitchen,Pillow,4,89.48,357.92,East,Credit Card
9199,2024-03-23,CUST_00242,Female,63,Home & Kitchen,Pillow,5,62.98,314.9,East,Credit Card
5522,2024-03-23,CUST_00070,Male,35,Electronics,Power Bank,5,597.7,2988.5,East,Credit Card
1233,2024-03-23,CUST_00782,Female,28,Electronics,Power Bank,1,369.25,369.25,South,Credit Card
6426,2024-03-23,CUST_00487,Female,69,Electronics,Tablet,1,719.74,719.74,North,Cash
4400,2024-03-23,CUST_01284,Male,25,Beauty,Foundation,1,33.38,33.38,South,Debit Card
10101,2024-03-23,CUST_00010,Male,25,Clothing,T-Shirt,2,95.63,191.26,East,UPI
3497,2024-03-23,CUST_01427,Female,67,Home & Kitchen,Wall Clock,1,50.27,50.27,East,UPI
9819,2024-03-23,CUST_01717,Female,36,Food,Organic Honey,5,31.59,157.95,East,Debit Card
3845,2024-03-23,CUST_01420,Male,55,Electronics,USB Cable,4,777.96,3111.84,East,Cash
7318,2024-03-23,CUST_01012,Female,27,Electronics,USB Cable,1,253.61,253.61,South,Cash
8901,2024-03-23,CUST_00719,Male,39,Beauty,Hair Oil,6,91.21,547.26,West,Credit Card
5288,2024-03-23,CUST_01631,Female,30,Electronics,Headphones,1,330.8,330.8,West,Credit Card
5110,2024-03-23,CUST_01248,Female,41,Clothing,Jacket,1,62.86,62.86,North,UPI
6377,2024-03-23,CUST_00062,Male,53,Beauty,Eye Shadow,1,111.3,111.3,North,Cash
6089,2024-03-23,CUST_00817,Female,53,Food,Granola,3,3.02,9.06,East,Credit Card
1940,2024-03-23,CUST_01931,Female,38,Food,Mixed Nuts,3,23.09,69.27,South,Cash
7564,2024-03-23,CUST_00353,Female,28,Beauty,Moisturizer,5,6.69,33.45,West,UPI
3365,2024-03-23,CUST_00623,Male,18,Electronics,Laptop,6,524.07,3144.42,South,UPI
6522,2024-03-23,CUST_01566,Female,18,Electronics,USB Cable,2,621.7,1243.4,South,UPI
9950,2024-03-23,CUST_00018,Male,47,Beauty,Eye Shadow,2,78.01,156.02,North,Credit Card
2596,2024-03-24,CUST_01594,Male,31,Electronics,Smart Watch,1,321.99,321.99,South,Debit Card
4740,2024-03-24,CUST_01621,Female,51,Home & Kitchen,Storage Container,2,95.05,190.1,East,UPI
6326,2024-03-24,CUST_01737,Female,51,Food,Granola,4,16.66,66.64,North,Debit Card
3097,2024-03-24,CUST_00102,Female,55,Electronics,Laptop,1,441.04,441.04,North,Credit Card
1285,2024-03-24,CUST_01402,Female,62,Home & Kitchen,Pillow,2,129.61,259.22,North,UPI
6102,2024-03-24,CUST_00122,Male,60,Food,Peanut Butter,3,32.41,97.23,North,UPI
5040,2024-03-24,CUST_00458,Female,45,Electronics,Headphones,1,78.49,78.49,North,UPI
3747,2024-03-24,CUST_01259,Female,25,Home & Kitchen,Cookware Set,2,224.1,448.2,West,UPI
10008,2024-03-24,CUST_00938,Female,40,Electronics,Bluetooth Speaker,4,288.29,1153.16,North,Credit Card
8676,2024-03-24,CUST_00677,Male,43,Home & Kitchen,Table Lamp,4,140.1,560.4,West,Debit Card
7869,2024-03-24,CUST_01509,Male,68,Home & Kitchen,Pillow,4,240.82,963.28,North,Credit Card
7231,2024-03-24,CUST_00304,Female,44,Sports,Resistance Band,1,141.07,141.07,East,UPI
4816,2024-03-24,CUST_01568,Female,43,Food,Dark Chocolate,2,37.02,74.04,South,Cash
5452,2024-03-24,CUST_01276,Male,32,Beauty,Hair Oil,1,20.28,20.28,East,UPI
10383,2024-03-24,CUST_01042,Female,70,Clothing,T-Shirt,1,17.95,17.95,South,Credit Card
5188,2024-03-24,CUST_00009,Male,47,Home & Kitchen,Wall Clock,3,78.15,234.45,South,Debit Card
4594,2024-03-25,CUST_01884,Female,50,Home & Kitchen,Blender,3,65.59,196.77,South,Debit Card
10010,2024-03-25,CUST_00503,Male,35,Beauty,Moisturizer,2,23.57,47.14,North,UPI
6497,2024-03-25,CUST_00425,Female,36,Clothing,Sneakers,4,12.25,49.0,West,Cash
2352,2024-03-25,CUST_00773,Male,54,Home & Kitchen,Table Lamp,2,85.59,171.18,South,Cash
4342,2024-03-25,CUST_00774,Female,52,Food,Green Tea,4,27.16,108.64,South,UPI
8368,2024-03-25,CUST_00912,Male,47,Beauty,Lipstick,4,14.18,56.72,South,UPI
9898,2024-03-25,CUST_01697,Female,31,Home & Kitchen,Knife Set,2,92.4,184.8,South,Debit Card
6664,2024-03-25,CUST_00053,Male,32,Food,Granola,3,22.83,68.49,East,UPI
9375,2024-03-26,CUST_01209,Male,62,Clothing,Dress,1,112.0,112.0,North,Credit Card
6818,2024-03-26,CUST_00488,Female,27,Sports,Running Shoes,2,117.53,235.06,North,Credit Card
7151,2024-03-26,CUST_01992,Male,47,Food,Mixed Nuts,1,38.51,38.51,East,Debit Card
3455,2024-03-26,CUST_00256,Male,35,Food,Green Tea,3,13.49,40.47,North,Cash
2507,2024-03-26,CUST_01454,Male,53,Home & Kitchen,Blender,2,84.59,169.18,North,UPI
5321,2024-03-26,CUST_00642,Male,35,Food,Olive Oil,1,38.99,38.99,East,UPI
8577,2024-03-26,CUST_01965,Male,32,Home & Kitchen,Blender,1,37.23,37.23,North,Debit Card
6677,2024-03-26,CUST_01749,Female,31,Electronics,USB Cable,3,659.46,1978.38,North,Cash
3866,2024-03-26,CUST_00518,Female,30,Sports,Cricket Bat,2,127.55,255.1,East,Cash
8603,2024-03-26,CUST_01616,Female,26,Electronics,USB Cable,4,678.99,2715.96,South,Credit Card
2116,2024-03-26,CUST_00567,Female,56,Home & Kitchen,Bedsheet,3,80.78,242.34,South,Cash
7996,2024-03-26,CUST_01994,Female,62,Clothing,Hoodie,4,123.15,492.6,West,Credit Card
2931,2024-03-26,CUST_00460,Female,53,Beauty,Sunscreen,1,44.36,44.36,South,Debit Card
4553,2024-03-26,CUST_00492,Female,18,Electronics,Tablet,1,798.73,798.73,East,Cash
6320,2024-03-26,CUST_01072,Male,23,Sports,Skipping Rope,1,161.01,161.01,North,UPI
6650,2024-03-26,CUST_01421,Female,32,Electronics,Bluetooth Speaker,4,227.71,910.84,West,UPI
1839,2024-03-26,CUST_00099,Female,40,Clothing,Jacket,3,58.42,175.26,North,Credit Card
10676,2024-03-26,CUST_00894,Male,66,Electronics,Laptop,4,610.79,2443.16,North,Cash
5276,2024-03-27,CUST_00732,Female,57,Food,Dark Chocolate,2,13.05,26.1,East,Debit Card
1698,2024-03-27,CUST_01717,Female,36,Sports,Football,1,158.69,158.69,East,Credit Card
8790,2024-03-27,CUST_00182,Female,27,Home & Kitchen,Table Lamp,4,95.43,381.72,West,Credit Card
10370,2024-03-27,CUST_01962,Male,52,Food,Protein Bar,2,7.35,14.7,North,Debit Card
8160,2024-03-27,CUST_01941,Male,35,Electronics,Headphones,1,129.06,129.06,West,Credit Card
3864,2024-03-27,CUST_01038,Male,65,Food,Protein Bar,3,10.15,30.45,North,Debit Card
4431,2024-03-27,CUST_01124,Female,19,Sports,Skipping Rope,2,147.64,295.28,East,Debit Card
6143,2024-03-27,CUST_01768,Male,64,Home & Kitchen,Knife Set,2,109.61,219.22,West,Credit Card
7600,2024-03-27,CUST_01863,Female,44,Clothing,Shorts,4,88.13,352.52,South,Credit Card
2260,2024-03-28,CUST_00256,Male,35,Home & Kitchen,Bedsheet,1,156.86,156.86,North,UPI
3243,2024-03-28,CUST_00296,Female,31,Sports,Water Bottle,3,153.24,459.72,East,Credit Card
6246,2024-03-28,CUST_00219,Male,55,Home & Kitchen,Table Lamp,2,95.84,191.68,North,UPI
10423,2024-03-28,CUST_01410,Male,37,Home & Kitchen,Bedsheet,3,232.49,697.47,South,Credit Card
10210,2024-03-28,CUST_01891,Female,22,Electronics,Headphones,1,31.32,31.32,South,Credit Card
3386,2024-03-28,CUST_01106,Male,22,Electronics,Smart Watch,2,243.43,486.86,East,Credit Card
5177,2024-03-28,CUST_00515,Male,37,Food,Olive Oil,2,30.61,61.22,South,Credit Card
6632,2024-03-28,CUST_01159,Male,28,Electronics,Bluetooth Speaker,2,157.1,314.2,West,Cash
1904,2024-03-28,CUST_01435,Female,39,Food,Dark Chocolate,2,29.85,59.7,East,UPI
4089,2024-03-28,CUST_00554,Female,22,Beauty,Moisturizer,3,78.9,236.7,East,Debit Card
2192,2024-03-28,CUST_00871,Female,54,Food,Protein Bar,2,3.86,7.72,East,Cash
7366,2024-03-28,CUST_01630,Female,44,Clothing,Shorts,1,78.92,78.92,South,UPI
2833,2024-03-28,CUST_01098,Female,65,Home & Kitchen,Knife Set,2,75.77,151.54,South,Credit Card
9654,2024-03-29,CUST_01499,Male,54,Electronics,USB Cable,4,138.24,552.96,North,Cash
1787,2024-03-29,CUST_00541,Male,31,Sports,Football,3,70.78,212.34,South,Debit Card
1497,2024-03-29,CUST_01762,Male,32,Food,Dark Chocolate,1,31.94,31.94,East,UPI
4324,2024-03-29,CUST_01827,Male,40,Home & Kitchen,Wall Clock,1,92.26,92.26,West,Debit Card
9403,2024-03-29,CUST_00955,Female,42,Clothing,Dress,1,12.71,12.71,West,Cash
4485,2024-03-29,CUST_00262,Male,63,Food,Protein Bar,1,38.3,38.3,West,Debit Card
4964,2024-03-29,CUST_00962,Female,26,Clothing,Jacket,6,85.66,513.96,North,Credit Card
6394,2024-03-29,CUST_00134,Female,30,Clothing,T-Shirt,1,63.53,63.53,North,UPI
3938,2024-03-29,CUST_00129,Female,58,Home & Kitchen,Knife Set,3,11.97,35.91,East,Debit Card
6227,2024-03-29,CUST_00685,Female,21,Clothing,Hoodie,3,47.84,143.52,North,UPI
5225,2024-03-29,CUST_01941,Male,35,Sports,Football,1,156.18,156.18,West,Debit Card
1464,2024-03-29,CUST_01595,Male,44,Food,Dark Chocolate,6,23.47,140.82,East,UPI
5509,2024-03-30,CUST_01803,Male,63,Food,Olive Oil,1,32.98,32.98,West,Credit Card
9838,2024-03-30,CUST_00200,Male,44,Clothing,Shorts,2,59.46,118.92,South,UPI
9078,2024-03-30,CUST_00174,Male,27,Electronics,USB Cable,1,150.77,150.77,North,Cash
9881,2024-03-30,CUST_00650,Male,44,Electronics,Tablet,3,212.56,637.68,West,Credit Card
8938,2024-03-30,CUST_01774,Male,38,Home & Kitchen,Cookware Set,1,19.49,19.49,South,Debit Card
9100,2024-03-30,CUST_01929,Male,62,Beauty,Foundation,4,96.93,387.72,North,Credit Card
4143,2024-03-30,CUST_00119,Male,41,Electronics,Power Bank,5,661.67,3308.35,North,Debit Card
1485,2024-03-30,CUST_01452,Male,39,Electronics,Smartphone,1,298.59,298.59,South,UPI
5249,2024-03-30,CUST_01627,Female,43,Clothing,Jeans,3,16.57,49.71,North,Debit Card
5212,2024-03-31,CUST_00488,Female,27,Beauty,Moisturizer,4,92.32,369.28,North,Cash
5207,2024-03-31,CUST_00307,Male,33,Food,Dark Chocolate,2,10.29,20.58,South,Cash
9686,2024-03-31,CUST_00815,Male,30,Home & Kitchen,Cookware Set,3,33.97,101.91,West,Debit Card
3585,2024-03-31,CUST_00341,Female,67,Food,Olive Oil,3,28.14,84.42,North,UPI
6892,2024-03-31,CUST_01668,Male,58,Beauty,Face Wash,1,34.17,34.17,West,Debit Card
1358,2024-03-31,CUST_00426,Male,19,Electronics,Power Bank,3,464.55,1393.65,North,Debit Card
1792,2024-03-31,CUST_01832,Female,22,Electronics,Power Bank,1,155.3,155.3,South,UPI
8033,2024-03-31,CUST_00782,Female,28,Sports,Resistance Band,6,26.03,156.18,South,Cash
9541,2024-03-31,CUST_00802,Female,42,Sports,Resistance Band,1,84.52,84.52,North,Debit Card
9817,2024-03-31,CUST_01632,Female,32,Food,Protein Bar,5,36.49,182.45,South,Debit Card
7553,2024-03-31,CUST_00044,Male,26,Sports,Football,1,172.72,172.72,East,Debit Card
9093,2024-03-31,CUST_00423,Male,69,Beauty,Perfume,3,68.65,205.95,South,UPI
8527,2024-03-31,CUST_00078,Male,19,Clothing,Sneakers,3,134.52,403.56,West,UPI
6920,2024-03-31,CUST_00460,Female,53,Sports,Resistance Band,4,188.68,754.72,South,Credit Card
2409,2024-03-31,CUST_01036,Female,22,Sports,Running Shoes,2,194.79,389.58,West,Credit Card
2571,2024-04-01,CUST_00362,Female,70,Beauty,Face Wash,2,7.27,14.54,North,Cash
5304,2024-04-01,CUST_01869,Female,27,Electronics,Tablet,5,69.56,347.8,South,Debit Card
7638,2024-04-01,CUST_01377,Female,67,Electronics,Tablet,2,135.88,271.76,West,Debit Card
6860,2024-04-01,CUST_01816,Male,33,Home & Kitchen,Bedsheet,4,83.06,332.24,East,UPI
10560,2024-04-01,CUST_01459,Female,45,Sports,Skipping Rope,3,173.0,519.0,West,Credit Card
1653,2024-04-01,CUST_01872,Female,40,Beauty,Moisturizer,1,20.6,20.6,West,Credit Card
4430,2024-04-01,CUST_00280,Male,55,Home & Kitchen,Blender,2,132.93,265.86,East,UPI
8034,2024-04-01,CUST_00048,Female,51,Food,Olive Oil,2,9.32,18.64,West,Debit Card
4969,2024-04-02,CUST_00747,Female,70,Home & Kitchen,Bedsheet,5,28.73,143.65,West,UPI
3489,2024-04-02,CUST_01060,Male,32,Electronics,Laptop,3,234.89,704.67,North,Debit Card
9285,2024-04-02,CUST_00006,Female,21,Sports,Dumbbells,1,46.8,46.8,North,Cash
10961,2024-04-02,CUST_01668,Male,58,Home & Kitchen,Table Lamp,2,141.88,283.76,West,UPI
5345,2024-04-02,CUST_00753,Female,48,Clothing,T-Shirt,5,136.8,684.0,East,UPI
5536,2024-04-02,CUST_01841,Male,57,Beauty,Perfume,1,21.93,21.93,North,Debit Card
2966,2024-04-02,CUST_00008,Female,55,Home & Kitchen,Pillow,5,152.55,762.75,North,Credit Card
6870,2024-04-02,CUST_01982,Male,68,Home & Kitchen,Knife Set,3,72.7,218.1,North,Credit Card
4084,2024-04-02,CUST_00457,Male,45,Food,Protein Bar,6,22.29,133.74,North,UPI
9990,2024-04-02,CUST_01790,Male,68,Food,Olive Oil,1,9.25,9.25,West,Cash
2927,2024-04-02,CUST_00498,Female,61,Home & Kitchen,Knife Set,2,42.4,84.8,East,Cash
9432,2024-04-02,CUST_00438,Male,35,Food,Peanut Butter,3,6.17,18.51,East,Debit Card
6637,2024-04-02,CUST_00739,Female,43,Beauty,Sunscreen,3,106.34,319.02,North,Debit Card
9274,2024-04-03,CUST_01985,Male,22,Electronics,Smartphone,4,631.23,2524.92,West,UPI
10649,2024-04-03,CUST_01057,Female,26,Sports,Yoga Mat,4,164.94,659.76,South,Credit Card
4109,2024-04-03,CUST_00041,Female,35,Electronics,Headphones,4,252.63,1010.52,West,Credit Card
1566,2024-04-03,CUST_01563,Male,37,Electronics,Tablet,3,706.22,2118.66,North,Credit Card
10222,2024-04-03,CUST_01412,Female,63,Beauty,Lipstick,3,86.59,259.77,North,Cash
9229,2024-04-03,CUST_00706,Male,58,Food,Protein Bar,2,38.1,76.2,East,Debit Card
9397,2024-04-03,CUST_01441,Male,27,Beauty,Eye Shadow,4,84.73,338.92,North,UPI
8379,2024-04-03,CUST_00018,Male,47,Sports,Football,2,139.15,278.3,North,Cash
9698,2024-04-03,CUST_00831,Male,36,Electronics,Power Bank,2,144.46,288.92,North,Credit Card
3879,2024-04-04,CUST_00055,Female,23,Beauty,Face Wash,4,48.97,195.88,East,Cash
9740,2024-04-04,CUST_01865,Male,22,Clothing,Jeans,2,106.64,213.28,South,Credit Card
1994,2024-04-04,CUST_01314,Female,18,Beauty,Eye Shadow,4,94.46,377.84,North,Debit Card
2877,2024-04-04,CUST_01022,Female,51,Food,Olive Oil,1,15.05,15.05,East,Credit Card
1290,2024-04-04,CUST_00449,Male,23,Sports,Cricket Bat,1,46.25,46.25,West,Cash
1911,2024-04-04,CUST_00693,Female,24,Electronics,Smartphone,3,677.26,2031.78,North,UPI
9248,2024-04-04,CUST_00087,Female,68,Beauty,Hair Oil,5,68.49,342.45,East,Debit Card
10849,2024-04-04,CUST_01868,Male,51,Beauty,Eye Shadow,3,14.5,43.5,North,UPI
7430,2024-04-04,CUST_01530,Male,51,Home & Kitchen,Blender,1,159.96,159.96,East,UPI
7275,2024-04-04,CUST_00781,Male,35,Electronics,Smart Watch,1,770.33,770.33,West,Cash
1170,2024-04-04,CUST_00375,Male,28,Clothing,Sneakers,1,118.62,118.62,North,UPI
3931,2024-04-04,CUST_01170,Female,55,Electronics,Headphones,1,522.37,522.37,South,Debit Card
9234,2024-04-04,CUST_01178,Male,29,Beauty,Perfume,5,118.87,594.35,West,Debit Card
8543,2024-04-04,CUST_00482,Female,60,Clothing,Shorts,3,141.24,423.72,East,Credit Card
1817,2024-04-05,CUST_01962,Male,52,Electronics,Headphones,3,26.05,78.15,North,Debit Card
8650,2024-04-05,CUST_01443,Male,48,Home & Kitchen,Knife Set,2,42.5,85.0,East,Debit Card
3267,2024-04-05,CUST_01606,Male,32,Home & Kitchen,Knife Set,2,164.01,328.02,North,UPI
6042,2024-04-05,CUST_00221,Female,26,Electronics,Smart Watch,2,781.01,1562.02,West,UPI
9967,2024-04-05,CUST_01761,Female,66,Food,Protein Bar,4,35.02,140.08,North,Debit Card
5135,2024-04-06,CUST_01071,Female,21,Sports,Resistance Band,4,193.89,775.56,North,Credit Card
7481,2024-04-06,CUST_00041,Female,35,Food,Peanut Butter,2,15.72,31.44,West,Credit Card
8694,2024-04-06,CUST_01818,Male,45,Electronics,Smart Watch,3,358.92,1076.76,West,UPI
7181,2024-04-06,CUST_00759,Female,48,Electronics,USB Cable,2,505.76,1011.52,North,Credit Card
8096,2024-04-06,CUST_01194,Male,19,Clothing,Hoodie,4,100.22,400.88,South,UPI
10540,2024-04-06,CUST_01143,Female,29,Clothing,T-Shirt,2,61.96,123.92,East,UPI
4449,2024-04-06,CUST_00071,Male,55,Clothing,Dress,1,144.75,144.75,West,Credit Card
4486,2024-04-06,CUST_00534,Female,29,Beauty,Lipstick,2,94.62,189.24,North,Cash
2918,2024-04-06,CUST_01655,Male,18,Sports,Cricket Bat,5,151.39,756.95,North,UPI
2140,2024-04-06,CUST_01280,Male,61,Home & Kitchen,Cookware Set,2,131.99,263.98,East,Cash
3236,2024-04-06,CUST_01611,Male,30,Electronics,Smart Watch,2,179.74,359.48,West,UPI
8187,2024-04-06,CUST_01385,Female,26,Clothing,Jacket,2,86.73,173.46,South,UPI
2380,2024-04-06,CUST_01967,Female,31,Home & Kitchen,Blender,4,133.42,533.68,South,UPI
2115,2024-04-06,CUST_01311,Female,22,Electronics,Laptop,2,137.61,275.22,North,Debit Card
1029,2024-04-06,CUST_01591,Female,61,Clothing,Jacket,3,109.38,328.14,South,Debit Card
2360,2024-04-06,CUST_00765,Female,35,Clothing,Formal Shirt,1,17.07,17.07,South,UPI
6694,2024-04-07,CUST_01740,Female,26,Clothing,Dress,1,35.11,35.11,West,Cash
5479,2024-04-07,CUST_01672,Male,53,Beauty,Hair Oil,4,86.05,344.2,East,Debit Card
1647,2024-04-07,CUST_01810,Female,31,Sports,Cricket Bat,1,52.11,52.11,South,Cash
5073,2024-04-07,CUST_01771,Female,35,Home & Kitchen,Cookware Set,1,212.25,212.25,East,Credit Card
3796,2024-04-07,CUST_01924,Male,59,Food,Protein Bar,2,5.29,10.58,North,Credit Card
9558,2024-04-07,CUST_01444,Female,65,Food,Granola,1,26.95,26.95,North,Debit Card
9927,2024-04-07,CUST_01735,Male,32,Home & Kitchen,Cookware Set,1,96.37,96.37,East,Debit Card
3349,2024-04-07,CUST_00847,Male,36,Beauty,Hair Oil,1,73.33,73.33,West,UPI
9926,2024-04-07,CUST_01356,Female,50,Clothing,Sneakers,3,35.67,107.01,East,Credit Card
2583,2024-04-07,CUST_01504,Female,24,Sports,Football,1,65.21,65.21,East,UPI
1521,2024-04-07,CUST_01723,Male,66,Food,Protein Bar,2,36.52,73.04,North,Debit Card
7041,2024-04-07,CUST_01173,Male,67,Food,Granola,2,7.28,14.56,South,Cash
7445,2024-04-08,CUST_00867,Female,38,Beauty,Face Wash,3,57.02,171.06,East,UPI
5286,2024-04-08,CUST_01753,Female,34,Sports,Running Shoes,3,11.26,33.78,West,UPI
4372,2024-04-08,CUST_00410,Male,22,Beauty,Face Wash,3,96.71,290.13,North,UPI
3692,2024-04-08,CUST_00510,Male,67,Food,Protein Bar,3,10.06,30.18,South,Debit Card
1712,2024-04-08,CUST_00430,Male,27,Sports,Resistance Band,2,27.72,55.44,West,Debit Card
5704,2024-04-08,CUST_00267,Male,57,Clothing,Formal Shirt,3,91.25,273.75,East,Debit Card
9389,2024-04-08,CUST_00032,Female,19,Electronics,Laptop,2,366.08,732.16,East,Debit Card
6836,2024-04-08,CUST_00245,Female,50,Electronics,Smartphone,6,465.07,2790.42,North,Debit Card
1850,2024-04-08,CUST_01004,Male,35,Beauty,Sunscreen,2,20.57,41.14,North,UPI
10627,2024-04-08,CUST_01126,Male,43,Electronics,Bluetooth Speaker,2,702.63,1405.26,South,UPI
4730,2024-04-08,CUST_01638,Male,52,Food,Peanut Butter,1,19.3,19.3,South,Credit Card
4793,2024-04-08,CUST_01773,Female,62,Electronics,Power Bank,1,187.52,187.52,South,Debit Card
1977,2024-04-08,CUST_00303,Female,69,Beauty,Face Wash,1,111.25,111.25,West,Debit Card
5300,2024-04-08,CUST_01787,Female,51,Sports,Football,4,193.75,775.0,East,Credit Card
5717,2024-04-09,CUST_01486,Female,56,Home & Kitchen,Bedsheet,2,55.11,110.22,West,Debit Card
7349,2024-04-09,CUST_00233,Female,30,Home & Kitchen,Wall Clock,5,121.07,605.35,South,Cash
9508,2024-04-09,CUST_00100,Male,25,Home & Kitchen,Bedsheet,4,49.1,196.4,East,UPI
4438,2024-04-09,CUST_01946,Male,50,Beauty,Hair Oil,2,115.56,231.12,North,Cash
7602,2024-04-09,CUST_01398,Male,25,Electronics,Laptop,2,127.13,254.26,North,Cash
9972,2024-04-09,CUST_00720,Female,66,Home & Kitchen,Blender,1,113.62,113.62,East,UPI
8933,2024-04-09,CUST_00487,Female,69,Electronics,Smartphone,1,786.57,786.57,North,UPI
6783,2024-04-09,CUST_00068,Male,49,Sports,Football,1,168.72,168.72,West,Debit Card
5869,2024-04-09,CUST_01357,Male,45,Electronics,Headphones,2,709.69,1419.38,North,Debit Card
2032,2024-04-09,CUST_00256,Male,35,Clothing,Formal Shirt,4,84.87,339.48,North,Debit Card
6435,2024-04-09,CUST_00416,Male,49,Home & Kitchen,Table Lamp,5,242.36,1211.8,South,Credit Card
4649,2024-04-09,CUST_01778,Female,52,Food,Granola,2,27.64,55.28,North,Cash
7725,2024-04-09,CUST_01973,Male,58,Food,Green Tea,3,38.49,115.47,East,Credit Card
4767,2024-04-09,CUST_00528,Male,41,Home & Kitchen,Blender,6,96.66,579.96,South,Cash
10817,2024-04-09,CUST_00132,Female,65,Electronics,Power Bank,3,459.53,1378.59,South,UPI
1980,2024-04-09,CUST_00115,Male,53,Food,Mixed Nuts,1,20.17,20.17,East,Cash
6645,2024-04-09,CUST_00006,Female,21,Food,Organic Honey,1,14.28,14.28,North,Debit Card
5524,2024-04-09,CUST_01657,Female,19,Food,Olive Oil,2,6.7,13.4,East,Credit Card
2953,2024-04-10,CUST_01413,Female,66,Home & Kitchen,Cookware Set,5,188.49,942.45,North,Cash
8410,2024-04-10,CUST_00849,Female,43,Home & Kitchen,Storage Container,1,120.53,120.53,South,Credit Card
1055,2024-04-10,CUST_00472,Male,48,Electronics,Bluetooth Speaker,3,419.32,1257.96,West,Cash
1950,2024-04-10,CUST_00789,Male,27,Electronics,Bluetooth Speaker,2,193.78,387.56,East,Cash
10417,2024-04-10,CUST_01486,Female,56,Beauty,Hair Oil,2,111.56,223.12,West,Credit Card
6000,2024-04-10,CUST_01612,Female,59,Home & Kitchen,Bedsheet,1,187.7,187.7,East,Credit Card
6230,2024-04-10,CUST_01789,Male,67,Home & Kitchen,Cookware Set,1,38.57,38.57,South,Debit Card
4339,2024-04-10,CUST_00471,Female,29,Beauty,Perfume,7,64.73,453.11,North,Credit Card
6606,2024-04-10,CUST_00443,Male,30,Electronics,Headphones,4,470.53,1882.12,West,Debit Card
4075,2024-04-10,CUST_00584,Male,38,Sports,Resistance Band,5,175.41,877.05,South,Debit Card
5923,2024-04-10,CUST_00814,Male,40,Electronics,Smart Watch,2,258.37,516.74,East,Credit Card
10875,2024-04-11,CUST_00987,Male,29,Electronics,Tablet,3,743.1,2229.3,East,Debit Card
3249,2024-04-11,CUST_01909,Female,29,Beauty,Eye Shadow,1,31.93,31.93,East,Cash
8746,2024-04-11,CUST_00048,Female,51,Electronics,Smart Watch,4,430.06,1720.24,West,Credit Card
1004,2024-04-11,CUST_00003,Male,48,Electronics,Smartphone,3,688.34,2065.02,South,Credit Card
9741,2024-04-11,CUST_00174,Male,27,Electronics,Smart Watch,1,441.87,441.87,North,Debit Card
5352,2024-04-11,CUST_01974,Female,33,Home & Kitchen,Bedsheet,6,110.47,662.82,East,Debit Card
4063,2024-04-11,CUST_00916,Female,65,Clothing,Sneakers,3,51.87,155.61,East,Credit Card
8489,2024-04-11,CUST_01466,Male,45,Sports,Football,3,70.15,210.45,South,Credit Card
8965,2024-04-11,CUST_00277,Male,24,Food,Granola,3,34.13,102.39,West,Cash
10203,2024-04-11,CUST_01230,Female,26,Electronics,Bluetooth Speaker,5,197.82,989.1,East,UPI
5501,2024-04-11,CUST_00131,Male,38,Home & Kitchen,Bedsheet,3,76.23,228.69,North,Debit Card
5423,2024-04-11,CUST_01220,Female,51,Food,Mixed Nuts,4,29.07,116.28,South,Cash
3228,2024-04-11,CUST_00208,Female,31,Home & Kitchen,Blender,4,246.58,986.32,West,UPI
7849,2024-04-11,CUST_00795,Female,58,Sports,Water Bottle,1,194.8,194.8,South,UPI
4464,2024-04-11,CUST_01875,Male,42,Clothing,Hoodie,1,131.53,131.53,West,Credit Card
6034,2024-04-12,CUST_00226,Female,36,Food,Green Tea,4,33.46,133.84,South,Cash
2661,2024-04-12,CUST_01792,Female,70,Clothing,Jeans,2,68.48,136.96,North,UPI
1951,2024-04-12,CUST_00628,Female,38,Sports,Water Bottle,4,197.8,791.2,East,Cash
5337,2024-04-12,CUST_00490,Male,69,Food,Dark Chocolate,3,4.53,13.59,North,UPI
2269,2024-04-12,CUST_00010,Male,25,Electronics,Headphones,3,466.34,1399.02,East,Credit Card
5988,2024-04-12,CUST_00724,Male,56,Home & Kitchen,Wall Clock,2,73.66,147.32,East,UPI
7381,2024-04-12,CUST_01476,Female,66,Food,Green Tea,1,3.84,3.84,West,Debit Card
6113,2024-04-13,CUST_00728,Female,46,Home & Kitchen,Knife Set,1,147.98,147.98,East,Debit Card
10128,2024-04-13,CUST_00828,Male,38,Home & Kitchen,Wall Clock,1,136.04,136.04,East,Debit Card
3276,2024-04-13,CUST_00341,Female,67,Beauty,Sunscreen,1,73.81,73.81,North,UPI
3388,2024-04-13,CUST_01718,Female,62,Food,Protein Bar,3,10.11,30.33,East,Debit Card
7972,2024-04-13,CUST_01692,Male,34,Food,Olive Oil,1,13.9,13.9,West,UPI
3942,2024-04-13,CUST_01278,Male,39,Clothing,Jacket,3,115.91,347.73,West,Cash
5275,2024-04-13,CUST_01672,Male,53,Food,Peanut Butter,4,29.09,116.36,East,Debit Card
5877,2024-04-13,CUST_01675,Male,25,Beauty,Hair Oil,1,65.55,65.55,East,UPI
8066,2024-04-13,CUST_01712,Male,18,Beauty,Lipstick,2,38.35,76.7,North,Debit Card
1009,2024-04-13,CUST_01740,Female,26,Food,Dark Chocolate,1,12.04,12.04,West,Credit Card
5115,2024-04-13,CUST_00012,Female,33,Home & Kitchen,Wall Clock,5,117.02,585.1,North,Debit Card
2552,2024-04-13,CUST_01004,Male,35,Clothing,Dress,5,138.89,694.45,North,Credit Card
3431,2024-04-14,CUST_01434,Male,63,Electronics,Power Bank,3,347.17,1041.51,East,Debit Card
3262,2024-04-14,CUST_00152,Male,70,Clothing,Shorts,1,39.49,39.49,North,UPI
2832,2024-04-14,CUST_00080,Male,26,Clothing,Sneakers,1,117.75,117.75,North,Debit Card
6046,2024-04-14,CUST_00195,Female,64,Food,Dark Chocolate,3,34.54,103.62,North,UPI
10117,2024-04-14,CUST_00065,Female,41,Clothing,Dress,2,46.32,92.64,East,UPI
4948,2024-04-14,CUST_01893,Female,35,Clothing,Hoodie,2,119.83,239.66,North,Debit Card
3333,2024-04-15,CUST_01253,Female,25,Clothing,Hoodie,2,50.8,101.6,South,Credit Card
8374,2024-04-15,CUST_01189,Female,51,Food,Green Tea,1,23.29,23.29,South,Cash
3578,2024-04-15,CUST_01964,Female,56,Food,Olive Oil,1,13.5,13.5,South,Credit Card
8741,2024-04-15,CUST_01940,Male,26,Electronics,Laptop,1,98.12,98.12,East,Cash
6137,2024-04-15,CUST_00315,Female,43,Home & Kitchen,Storage Container,3,32.75,98.25,South,UPI
5074,2024-04-15,CUST_01133,Female,65,Sports,Resistance Band,1,160.62,160.62,West,Credit Card
2934,2024-04-15,CUST_00047,Male,34,Food,Peanut Butter,1,37.47,37.47,South,Cash
2495,2024-04-15,CUST_00664,Female,36,Home & Kitchen,Blender,1,14.42,14.42,South,Credit Card
4927,2024-04-15,CUST_01577,Male,18,Beauty,Face Wash,1,81.66,81.66,South,UPI
8953,2024-04-15,CUST_01933,Female,67,Food,Mixed Nuts,4,27.73,110.92,West,Debit Card
4057,2024-04-15,CUST_00565,Male,26,Sports,Resistance Band,3,37.63,112.89,East,Credit Card
10982,2024-04-15,CUST_00221,Female,26,Clothing,Shorts,3,116.82,350.46,West,Debit Card
8025,2024-04-15,CUST_01945,Female,30,Clothing,Jeans,2,15.75,31.5,West,Debit Card
6361,2024-04-15,CUST_01816,Male,33,Food,Green Tea,2,30.54,61.08,East,Cash
1962,2024-04-15,CUST_01742,Male,65,Home & Kitchen,Cookware Set,1,246.7,246.7,East,Debit Card
8454,2024-04-15,CUST_00970,Female,41,Food,Green Tea,2,32.77,65.54,North,UPI
7491,2024-04-15,CUST_01173,Male,67,Food,Dark Chocolate,5,21.22,106.1,South,Debit Card
8632,2024-04-15,CUST_01121,Male,67,Beauty,Foundation,4,115.03,460.12,East,UPI
5356,2024-04-16,CUST_01642,Female,59,Electronics,Laptop,2,424.97,849.94,South,Cash
6839,2024-04-16,CUST_00836,Female,62,Sports,Water Bottle,2,169.72,339.44,West,UPI
5662,2024-04-16,CUST_01364,Male,20,Sports,Running Shoes,1,86.41,86.41,East,Credit Card
9314,2024-04-16,CUST_01280,Male,61,Clothing,Sneakers,3,42.84,128.52,East,Credit Card
10736,2024-04-16,CUST_01211,Male,62,Home & Kitchen,Knife Set,2,207.92,415.84,East,Credit Card
9106,2024-04-16,CUST_01620,Female,18,Clothing,Sneakers,4,83.01,332.04,South,Debit Card
9626,2024-04-16,CUST_00122,Male,60,Home & Kitchen,Wall Clock,2,92.87,185.74,North,Debit Card
10923,2024-04-16,CUST_00953,Female,65,Home & Kitchen,Storage Container,1,200.41,200.41,East,Credit Card
9640,2024-04-16,CUST_01764,Female,60,Electronics,Smartphone,3,265.13,795.39,South,Debit Card
5362,2024-04-16,CUST_01468,Male,20,Clothing,T-Shirt,1,63.58,63.58,South,Credit Card
10158,2024-04-16,CUST_01833,Male,65,Sports,Yoga Mat,4,152.16,608.64,West,UPI
8190,2024-04-16,CUST_00592,Female,20,Sports,Resistance Band,3,130.64,391.92,East,Cash
2689,2024-04-17,CUST_01216,Female,26,Sports,Skipping Rope,1,103.39,103.39,North,Debit Card
9639,2024-04-17,CUST_01029,Male,56,Home & Kitchen,Table Lamp,1,210.36,210.36,South,Credit Card
1542,2024-04-17,CUST_00878,Male,42,Sports,Cricket Bat,1,155.04,155.04,West,Debit Card
4253,2024-04-17,CUST_00852,Female,41,Clothing,Jacket,1,18.66,18.66,West,Credit Card
1205,2024-04-17,CUST_01340,Male,53,Clothing,Hoodie,4,58.84,235.36,East,UPI
1663,2024-04-17,CUST_01108,Female,19,Sports,Cricket Bat,1,160.07,160.07,South,Debit Card
6298,2024-04-17,CUST_00428,Female,68,Electronics,Smart Watch,3,665.48,1996.44,South,Credit Card
3406,2024-04-17,CUST_00838,Male,18,Sports,Cricket Bat,1,111.42,111.42,West,UPI
9684,2024-04-17,CUST_00715,Female,46,Electronics,Headphones,2,150.05,300.1,East,Credit Card
9391,2024-04-17,CUST_01297,Female,20,Electronics,Tablet,1,680.26,680.26,North,Credit Card
9696,2024-04-17,CUST_01689,Male,60,Clothing,Sneakers,1,111.11,111.11,West,Credit Card
8280,2024-04-17,CUST_01412,Female,63,Food,Protein Bar,3,29.67,89.01,North,UPI
5088,2024-04-17,CUST_01836,Male,58,Food,Dark Chocolate,2,3.25,6.5,North,Debit Card
8837,2024-04-17,CUST_00234,Male,68,Food,Mixed Nuts,2,35.73,71.46,West,UPI
10914,2024-04-17,CUST_00728,Female,46,Clothing,T-Shirt,4,116.63,466.52,East,UPI
6431,2024-04-18,CUST_00571,Female,61,Food,Organic Honey,4,4.99,19.96,East,Credit Card
4492,2024-04-18,CUST_00888,Male,42,Home & Kitchen,Blender,4,14.55,58.2,North,Credit Card
5165,2024-04-18,CUST_01291,Female,32,Food,Dark Chocolate,3,14.2,42.6,East,Cash
2579,2024-04-18,CUST_00614,Male,67,Food,Granola,6,3.56,21.36,East,UPI
7246,2024-04-18,CUST_00386,Male,61,Food,Peanut Butter,2,18.35,36.7,West,Cash
8509,2024-04-18,CUST_00641,Female,43,Home & Kitchen,Blender,5,146.03,730.15,West,Cash
1804,2024-04-18,CUST_01600,Male,67,Home & Kitchen,Pillow,2,187.86,375.72,South,Cash
1031,2024-04-18,CUST_01199,Male,56,Beauty,Perfume,4,11.4,45.6,East,Credit Card
7540,2024-04-18,CUST_00293,Male,60,Clothing,Jacket,7,136.13,952.91,West,Debit Card
2093,2024-04-18,CUST_01153,Male,60,Clothing,Formal Shirt,3,46.48,139.44,South,UPI
3265,2024-04-18,CUST_01143,Female,29,Beauty,Moisturizer,1,94.7,94.7,East,Credit Card
9905,2024-04-18,CUST_00591,Female,56,Home & Kitchen,Pillow,2,225.82,451.64,North,Debit Card
4126,2024-04-18,CUST_00649,Male,21,Home & Kitchen,Bedsheet,6,88.26,529.56,West,UPI
3665,2024-04-19,CUST_00279,Female,59,Food,Peanut Butter,1,3.17,3.17,West,UPI
9132,2024-04-19,CUST_01560,Male,27,Clothing,Formal Shirt,6,132.49,794.94,South,Credit Card
6216,2024-04-19,CUST_00212,Female,51,Food,Granola,3,19.16,57.48,West,Credit Card
4675,2024-04-19,CUST_00141,Male,39,Beauty,Lipstick,3,57.88,173.64,South,Credit Card
2509,2024-04-19,CUST_00001,Male,53,Home & Kitchen,Knife Set,3,245.56,736.68,South,Credit Card
3035,2024-04-19,CUST_01050,Female,60,Home & Kitchen,Knife Set,2,244.3,488.6,West,Credit Card
8457,2024-04-19,CUST_00557,Female,63,Food,Peanut Butter,2,37.64,75.28,West,Cash
3323,2024-04-19,CUST_01575,Female,53,Beauty,Moisturizer,2,14.74,29.48,North,UPI
4232,2024-04-19,CUST_00103,Male,50,Electronics,Smart Watch,3,280.95,842.85,North,Cash
9751,2024-04-20,CUST_01962,Male,52,Food,Green Tea,1,3.96,3.96,North,Credit Card
10508,2024-04-20,CUST_01443,Male,48,Home & Kitchen,Wall Clock,5,52.89,264.45,East,Debit Card
4473,2024-04-20,CUST_01983,Female,19,Electronics,USB Cable,1,384.61,384.61,East,Credit Card
4072,2024-04-20,CUST_01113,Female,35,Home & Kitchen,Knife Set,2,182.2,364.4,South,UPI
6489,2024-04-20,CUST_00983,Male,43,Electronics,Smartphone,3,67.66,202.98,East,Credit Card
9935,2024-04-20,CUST_00802,Female,42,Clothing,Dress,1,111.22,111.22,North,Debit Card
5496,2024-04-20,CUST_01928,Female,64,Beauty,Face Wash,4,92.9,371.6,West,Credit Card
1147,2024-04-20,CUST_00461,Male,68,Food,Protein Bar,4,31.61,126.44,North,Credit Card
8515,2024-04-20,CUST_00052,Male,62,Electronics,Headphones,2,76.34,152.68,East,UPI
9077,2024-04-20,CUST_00399,Female,67,Beauty,Lipstick,4,29.45,117.8,South,UPI
9959,2024-04-20,CUST_01403,Male,30,Sports,Resistance Band,1,80.15,80.15,West,Cash
5893,2024-04-20,CUST_00199,Female,43,Sports,Cricket Bat,2,109.33,218.66,East,UPI
6126,2024-04-21,CUST_01161,Female,27,Clothing,Shorts,2,56.66,113.32,North,Cash
10287,2024-04-21,CUST_01730,Male,48,Electronics,Bluetooth Speaker,2,157.09,314.18,West,Credit Card
3291,2024-04-21,CUST_00434,Female,21,Clothing,Formal Shirt,2,22.65,45.3,North,UPI
1696,2024-04-21,CUST_00253,Female,55,Clothing,Dress,1,49.47,49.47,West,UPI
2557,2024-04-21,CUST_01492,Male,36,Sports,Water Bottle,3,196.3,588.9,West,Debit Card
6554,2024-04-21,CUST_00834,Male,67,Home & Kitchen,Storage Container,1,129.71,129.71,East,Credit Card
2532,2024-04-21,CUST_01056,Female,20,Clothing,Jacket,2,30.37,60.74,East,Debit Card
4210,2024-04-21,CUST_00703,Female,30,Home & Kitchen,Storage Container,3,21.72,65.16,East,Cash
2993,2024-04-21,CUST_01093,Female,27,Clothing,T-Shirt,3,100.77,302.31,South,Debit Card
10522,2024-04-21,CUST_00512,Female,44,Electronics,Laptop,3,43.57,130.71,North,Credit Card
6367,2024-04-22,CUST_00630,Male,59,Sports,Cricket Bat,3,48.82,146.46,East,Debit Card
1328,2024-04-22,CUST_00300,Male,29,Clothing,Shorts,1,51.77,51.77,South,Cash
1021,2024-04-22,CUST_00569,Male,65,Electronics,USB Cable,2,355.67,711.34,South,UPI
8216,2024-04-22,CUST_01496,Female,51,Food,Organic Honey,1,7.85,7.85,West,Debit Card
4862,2024-04-22,CUST_01961,Male,50,Clothing,T-Shirt,4,92.08,368.32,East,Cash
4701,2024-04-22,CUST_00215,Male,39,Home & Kitchen,Blender,2,117.67,235.34,South,UPI
9269,2024-04-22,CUST_01690,Female,40,Electronics,USB Cable,4,426.56,1706.24,North,Credit Card
1794,2024-04-22,CUST_00274,Female,63,Home & Kitchen,Bedsheet,1,19.12,19.12,East,Credit Card
10090,2024-04-22,CUST_01914,Female,47,Home & Kitchen,Cookware Set,1,84.46,84.46,South,Debit Card
8526,2024-04-23,CUST_01573,Male,63,Home & Kitchen,Storage Container,2,238.6,477.2,West,Cash
1511,2024-04-23,CUST_01952,Male,19,Sports,Football,2,42.01,84.02,West,UPI
2087,2024-04-23,CUST_00738,Female,37,Electronics,Bluetooth Speaker,2,353.48,706.96,West,UPI
2844,2024-04-23,CUST_01336,Male,55,Clothing,Jeans,1,74.25,74.25,East,Credit Card
3544,2024-04-23,CUST_00837,Female,18,Sports,Yoga Mat,2,142.12,284.24,North,Credit Card
5222,2024-04-23,CUST_00130,Male,44,Food,Green Tea,2,24.22,48.44,West,Credit Card
7004,2024-04-23,CUST_01646,Female,28,Home & Kitchen,Wall Clock,2,115.39,230.78,West,Debit Card
8237,2024-04-23,CUST_01034,Female,61,Food,Mixed Nuts,6,26.8,160.8,South,Cash
4110,2024-04-23,CUST_01579,Male,62,Beauty,Hair Oil,1,108.67,108.67,South,Debit Card
4853,2024-04-23,CUST_00100,Male,25,Sports,Water Bottle,3,137.43,412.29,East,Debit Card
8104,2024-04-23,CUST_01471,Female,44,Sports,Yoga Mat,3,110.47,331.41,West,UPI
3353,2024-04-23,CUST_00440,Female,67,Electronics,Tablet,1,391.61,391.61,West,UPI
6077,2024-04-24,CUST_00872,Male,24,Home & Kitchen,Pillow,1,238.79,238.79,South,Debit Card
8846,2024-04-24,CUST_00428,Female,68,Home & Kitchen,Wall Clock,2,58.35,116.7,South,UPI
10483,2024-04-24,CUST_00753,Female,48,Home & Kitchen,Bedsheet,6,23.24,139.44,East,Debit Card
2788,2024-04-24,CUST_00730,Male,65,Home & Kitchen,Storage Container,4,160.41,641.64,East,Credit Card
6929,2024-04-24,CUST_01495,Female,44,Food,Dark Chocolate,2,34.76,69.52,East,UPI
4814,2024-04-24,CUST_00396,Male,62,Food,Dark Chocolate,2,15.59,31.18,North,Debit Card
10924,2024-04-24,CUST_01694,Female,54,Home & Kitchen,Pillow,1,81.2,81.2,West,Cash
8469,2024-04-24,CUST_01372,Female,19,Beauty,Eye Shadow,1,105.57,105.57,North,UPI
9259,2024-04-24,CUST_00777,Female,42,Home & Kitchen,Cookware Set,4,35.55,142.2,West,Credit Card
8761,2024-04-24,CUST_00529,Male,48,Home & Kitchen,Wall Clock,3,154.49,463.47,South,UPI
8683,2024-04-25,CUST_00889,Female,19,Clothing,Sneakers,4,14.07,56.28,South,Cash
7919,2024-04-25,CUST_01884,Female,50,Clothing,Hoodie,1,47.52,47.52,South,UPI
2823,2024-04-25,CUST_00524,Male,63,Home & Kitchen,Bedsheet,2,48.38,96.76,East,Credit Card
7457,2024-04-25,CUST_01506,Male,43,Sports,Skipping Rope,2,134.19,268.38,South,UPI
2730,2024-04-25,CUST_01706,Female,63,Electronics,Smartphone,2,260.93,521.86,South,Debit Card
2897,2024-04-25,CUST_01372,Female,19,Home & Kitchen,Bedsheet,1,198.0,198.0,North,Credit Card
1346,2024-04-25,CUST_01603,Female,62,Clothing,Dress,2,14.4,28.8,East,Cash
9923,2024-04-25,CUST_00214,Male,63,Electronics,Bluetooth Speaker,1,302.07,302.07,North,Debit Card
6312,2024-04-25,CUST_00265,Male,63,Home & Kitchen,Storage Container,3,141.73,425.19,South,Debit Card
7925,2024-04-25,CUST_01416,Female,18,Beauty,Eye Shadow,1,22.15,22.15,North,Debit Card
4659,2024-04-25,CUST_01157,Male,55,Food,Peanut Butter,4,17.92,71.68,North,Cash
10780,2024-04-25,CUST_01741,Female,46,Home & Kitchen,Bedsheet,2,67.83,135.66,West,Cash
5538,2024-04-25,CUST_00321,Male,46,Home & Kitchen,Table Lamp,1,51.51,51.51,North,UPI
3118,2024-04-25,CUST_00763,Female,25,Home & Kitchen,Wall Clock,2,168.59,337.18,East,Credit Card
9864,2024-04-25,CUST_01700,Male,37,Clothing,Jeans,2,84.77,169.54,South,UPI
1261,2024-04-25,CUST_01629,Male,19,Beauty,Face Wash,2,48.6,97.2,East,Cash
2046,2024-04-25,CUST_00168,Female,42,Beauty,Face Wash,5,54.54,272.7,West,Debit Card
6037,2024-04-26,CUST_01768,Male,64,Clothing,Jeans,1,84.72,84.72,West,Cash
2250,2024-04-26,CUST_01520,Female,42,Food,Mixed Nuts,2,8.02,16.04,West,Cash
4136,2024-04-26,CUST_00741,Female,18,Electronics,Laptop,4,489.21,1956.84,West,Cash
2171,2024-04-26,CUST_00126,Male,58,Food,Olive Oil,3,20.37,61.11,South,UPI
6954,2024-04-26,CUST_00381,Female,56,Food,Dark Chocolate,4,29.68,118.72,West,Credit Card
10323,2024-04-26,CUST_00394,Male,26,Clothing,Dress,4,76.63,306.52,West,Credit Card
5200,2024-04-26,CUST_01385,Female,26,Beauty,Lipstick,1,35.16,35.16,South,Cash
3308,2024-04-26,CUST_00219,Male,55,Home & Kitchen,Blender,2,208.91,417.82,North,Debit Card
6161,2024-04-26,CUST_01221,Male,70,Home & Kitchen,Table Lamp,3,45.32,135.96,North,Credit Card
4239,2024-04-26,CUST_00171,Male,24,Beauty,Hair Oil,2,111.0,222.0,South,UPI
2399,2024-04-26,CUST_01947,Female,41,Food,Green Tea,2,38.52,77.04,North,Debit Card
6665,2024-04-27,CUST_01521,Female,51,Beauty,Lipstick,2,102.11,204.22,North,Cash
8150,2024-04-27,CUST_01299,Female,19,Food,Granola,1,23.6,23.6,West,Credit Card
1545,2024-04-27,CUST_01507,Male,45,Clothing,Sneakers,2,114.02,228.04,South,Credit Card
10140,2024-04-27,CUST_01351,Female,27,Electronics,Bluetooth Speaker,4,543.46,2173.84,North,Credit Card
2452,2024-04-27,CUST_01601,Male,30,Electronics,Bluetooth Speaker,5,578.42,2892.1,West,UPI
2281,2024-04-27,CUST_00356,Male,25,Sports,Resistance Band,5,13.58,67.9,West,UPI
1433,2024-04-27,CUST_00161,Male,47,Food,Granola,6,17.0,102.0,South,Credit Card
9018,2024-04-27,CUST_00621,Female,30,Beauty,Sunscreen,6,101.58,609.48,West,Debit Card
7321,2024-04-27,CUST_01705,Male,69,Clothing,Dress,1,63.31,63.31,West,UPI
9297,2024-04-27,CUST_01387,Male,44,Home & Kitchen,Wall Clock,3,101.04,303.12,West,UPI
9369,2024-04-27,CUST_01745,Female,59,Food,Organic Honey,1,33.25,33.25,South,Credit Card
1625,2024-04-27,CUST_00144,Female,19,Sports,Football,7,46.52,325.64,North,Cash
4426,2024-04-28,CUST_01913,Female,24,Beauty,Hair Oil,2,108.88,217.76,East,UPI
7257,2024-04-28,CUST_01369,Female,32,Home & Kitchen,Table Lamp,3,239.55,718.65,South,UPI
5044,2024-04-28,CUST_00290,Female,64,Home & Kitchen,Table Lamp,1,171.75,171.75,South,Credit Card
2497,2024-04-28,CUST_01452,Male,39,Clothing,Dress,3,73.25,219.75,South,Credit Card
7838,2024-04-28,CUST_00865,Female,61,Home & Kitchen,Pillow,6,67.12,402.72,West,Cash
5195,2024-04-28,CUST_01144,Female,22,Sports,Running Shoes,3,189.73,569.19,East,UPI
2923,2024-04-28,CUST_00308,Male,35,Electronics,USB Cable,4,254.5,1018.0,South,UPI
8088,2024-04-28,CUST_01709,Female,65,Home & Kitchen,Storage Container,1,205.17,205.17,East,Cash
2155,2024-04-28,CUST_01873,Male,19,Sports,Yoga Mat,2,25.19,50.38,South,UPI
9332,2024-04-28,CUST_00983,Male,43,Beauty,Perfume,2,24.87,49.74,East,UPI
2709,2024-04-28,CUST_00728,Female,46,Beauty,Sunscreen,2,7.67,15.34,East,UPI
1757,2024-04-29,CUST_00965,Male,35,Food,Organic Honey,1,11.78,11.78,West,Debit Card
3465,2024-04-29,CUST_00747,Female,70,Home & Kitchen,Table Lamp,5,159.94,799.7,West,Credit Card
7873,2024-04-29,CUST_00808,Male,33,Sports,Running Shoes,3,118.04,354.12,North,Debit Card
6448,2024-04-29,CUST_00374,Female,46,Clothing,Sneakers,5,93.36,466.8,East,Debit Card
1560,2024-04-29,CUST_00031,Female,39,Sports,Dumbbells,3,187.1,561.3,West,UPI
4331,2024-04-29,CUST_00011,Female,25,Beauty,Perfume,1,58.1,58.1,East,Debit Card
1492,2024-04-29,CUST_00992,Female,41,Food,Protein Bar,3,36.33,108.99,South,Credit Card
4015,2024-04-30,CUST_00167,Male,37,Sports,Resistance Band,1,57.5,57.5,East,Debit Card
2194,2024-04-30,CUST_01626,Male,70,Beauty,Lipstick,3,30.64,91.92,East,Cash
10567,2024-04-30,CUST_00278,Male,34,Electronics,Headphones,5,96.29,481.45,West,Credit Card
8000,2024-04-30,CUST_01257,Female,56,Electronics,Power Bank,4,588.32,2353.28,North,Credit Card
3162,2024-04-30,CUST_00012,Female,33,Clothing,Jeans,1,20.09,20.09,North,Cash
5740,2024-04-30,CUST_00031,Female,39,Clothing,Dress,2,37.91,75.82,West,UPI
8662,2024-04-30,CUST_01029,Male,56,Clothing,Hoodie,1,86.35,86.35,South,Credit Card
8284,2024-05-01,CUST_00357,Male,36,Electronics,USB Cable,2,293.14,586.28,South,Credit Card
4933,2024-05-01,CUST_00330,Female,59,Food,Dark Chocolate,3,21.18,63.54,South,UPI
9254,2024-05-01,CUST_01972,Female,23,Sports,Skipping Rope,2,128.76,257.52,South,Cash
7031,2024-05-01,CUST_00393,Male,68,Food,Organic Honey,2,35.49,70.98,West,Cash
6906,2024-05-01,CUST_01117,Female,22,Clothing,Dress,4,133.14,532.56,East,Cash
1299,2024-05-01,CUST_00274,Female,63,Home & Kitchen,Knife Set,2,12.87,25.74,East,Debit Card
6956,2024-05-01,CUST_00630,Male,59,Food,Olive Oil,4,30.48,121.92,East,Cash
4506,2024-05-01,CUST_00253,Female,55,Home & Kitchen,Blender,1,167.9,167.9,West,Debit Card
4714,2024-05-01,CUST_01438,Female,37,Clothing,Sneakers,1,17.49,17.49,South,Cash
2363,2024-05-01,CUST_01423,Female,31,Electronics,USB Cable,7,103.77,726.39,East,Credit Card
9860,2024-05-01,CUST_00478,Female,68,Home & Kitchen,Blender,1,33.01,33.01,East,Debit Card
3745,2024-05-01,CUST_00055,Female,23,Electronics,Bluetooth Speaker,3,649.33,1947.99,East,Credit Card
8073,2024-05-01,CUST_01277,Female,23,Electronics,Bluetooth Speaker,5,146.86,734.3,East,Credit Card
1574,2024-05-01,CUST_00844,Female,44,Beauty,Face Wash,2,40.0,80.0,East,Cash
3798,2024-05-01,CUST_01454,Male,53,Home & Kitchen,Storage Container,2,139.72,279.44,North,Credit Card
5947,2024-05-01,CUST_01454,Male,53,Beauty,Foundation,2,60.48,120.96,North,Debit Card
7483,2024-05-01,CUST_00260,Male,38,Electronics,Tablet,5,295.62,1478.1,East,UPI
2569,2024-05-02,CUST_01968,Male,51,Clothing,T-Shirt,3,51.99,155.97,South,UPI
1750,2024-05-02,CUST_00410,Male,22,Electronics,Power Bank,1,186.3,186.3,North,Credit Card
4064,2024-05-02,CUST_01611,Male,30,Home & Kitchen,Bedsheet,1,40.95,40.95,West,Debit Card
6149,2024-05-02,CUST_00168,Female,42,Home & Kitchen,Cookware Set,1,172.28,172.28,West,Debit Card
10486,2024-05-02,CUST_01464,Female,47,Food,Organic Honey,2,39.9,79.8,West,Debit Card
4422,2024-05-02,CUST_01425,Male,59,Beauty,Hair Oil,1,102.44,102.44,West,UPI
6045,2024-05-02,CUST_00523,Female,58,Beauty,Hair Oil,3,7.12,21.36,West,Debit Card
10515,2024-05-02,CUST_01959,Male,62,Food,Protein Bar,3,17.5,52.5,South,UPI
1913,2024-05-02,CUST_01096,Female,35,Home & Kitchen,Pillow,2,207.31,414.62,East,Cash
8638,2024-05-02,CUST_01202,Male,64,Home & Kitchen,Knife Set,4,229.79,919.16,South,Credit Card
4556,2024-05-02,CUST_00915,Female,61,Electronics,USB Cable,4,341.43,1365.72,East,Credit Card
2644,2024-05-02,CUST_01204,Male,35,Electronics,Bluetooth Speaker,3,152.68,458.04,West,UPI
3463,2024-05-02,CUST_01807,Female,42,Electronics,Tablet,1,33.32,33.32,West,Debit Card
2732,2024-05-02,CUST_00470,Female,23,Beauty,Perfume,1,60.82,60.82,South,UPI
1082,2024-05-02,CUST_00670,Male,32,Sports,Football,1,108.25,108.25,South,Credit Card
3586,2024-05-03,CUST_00540,Female,23,Sports,Water Bottle,1,107.74,107.74,North,UPI
5514,2024-05-03,CUST_01209,Male,62,Home & Kitchen,Knife Set,1,58.0,58.0,North,Cash
5358,2024-05-03,CUST_00253,Female,55,Sports,Running Shoes,3,148.09,444.27,West,Credit Card
6649,2024-05-03,CUST_01156,Female,41,Sports,Cricket Bat,3,108.59,325.77,North,UPI
4428,2024-05-03,CUST_00754,Female,36,Home & Kitchen,Cookware Set,3,81.93,245.79,East,Credit Card
2819,2024-05-03,CUST_00699,Male,30,Clothing,Sneakers,4,36.69,146.76,East,Debit Card
8947,2024-05-03,CUST_00096,Male,22,Electronics,Bluetooth Speaker,3,413.87,1241.61,West,UPI
8608,2024-05-03,CUST_01775,Male,54,Home & Kitchen,Bedsheet,2,224.82,449.64,West,Debit Card
7149,2024-05-03,CUST_01030,Female,26,Electronics,Bluetooth Speaker,5,407.42,2037.1,West,Debit Card
4004,2024-05-03,CUST_01078,Female,61,Home & Kitchen,Table Lamp,4,17.11,68.44,North,Credit Card
5861,2024-05-03,CUST_00595,Male,20,Electronics,Headphones,3,424.7,1274.1,South,Credit Card
8766,2024-05-03,CUST_00032,Female,19,Home & Kitchen,Table Lamp,1,32.78,32.78,East,Credit Card
5083,2024-05-03,CUST_01616,Female,26,Electronics,Laptop,2,682.36,1364.72,South,Debit Card
10808,2024-05-03,CUST_01290,Male,64,Food,Peanut Butter,2,22.35,44.7,South,Cash
2246,2024-05-04,CUST_01902,Female,68,Home & Kitchen,Cookware Set,4,231.25,925.0,East,UPI
6545,2024-05-04,CUST_01108,Female,19,Electronics,Smart Watch,6,183.24,1099.44,South,Debit Card
6882,2024-05-04,CUST_00140,Female,53,Home & Kitchen,Blender,1,210.15,210.15,North,Credit Card
7009,2024-05-04,CUST_01966,Female,39,Clothing,Jacket,1,71.61,71.61,North,Cash
7172,2024-05-04,CUST_00296,Female,31,Home & Kitchen,Pillow,4,160.02,640.08,East,UPI
2044,2024-05-04,CUST_00527,Female,21,Electronics,Headphones,2,623.23,1246.46,South,Cash
3458,2024-05-04,CUST_00710,Male,53,Beauty,Moisturizer,1,109.25,109.25,West,Credit Card
8138,2024-05-04,CUST_01587,Male,30,Clothing,Jeans,3,71.99,215.97,West,Credit Card
10452,2024-05-04,CUST_00567,Female,56,Sports,Water Bottle,5,19.77,98.85,South,UPI
6777,2024-05-04,CUST_01962,Male,52,Home & Kitchen,Blender,3,76.78,230.34,North,Cash
3515,2024-05-04,CUST_00192,Male,68,Sports,Cricket Bat,1,161.2,161.2,East,UPI
9906,2024-05-04,CUST_00356,Male,25,Beauty,Hair Oil,5,106.12,530.6,West,UPI
1350,2024-05-04,CUST_01953,Male,27,Electronics,Tablet,4,651.09,2604.36,East,Credit Card
5855,2024-05-05,CUST_00825,Female,44,Clothing,Shorts,2,137.57,275.14,South,Cash
7226,2024-05-05,CUST_00432,Female,32,Home & Kitchen,Bedsheet,3,75.12,225.36,North,Credit Card
1753,2024-05-05,CUST_00592,Female,20,Electronics,USB Cable,4,550.48,2201.92,East,Cash
7857,2024-05-05,CUST_01610,Female,55,Beauty,Face Wash,1,46.11,46.11,East,Cash
1484,2024-05-05,CUST_00430,Male,27,Beauty,Moisturizer,4,79.53,318.12,West,Credit Card
2060,2024-05-05,CUST_00799,Female,44,Clothing,T-Shirt,4,105.54,422.16,North,Cash
1613,2024-05-05,CUST_01332,Female,24,Clothing,Jeans,1,62.12,62.12,West,Credit Card
6873,2024-05-05,CUST_00341,Female,67,Food,Olive Oil,2,33.22,66.44,North,UPI
8864,2024-05-05,CUST_01723,Male,66,Beauty,Face Wash,5,53.59,267.95,North,Credit Card
4630,2024-05-05,CUST_00657,Male,66,Food,Mixed Nuts,3,7.18,21.54,South,UPI
4269,2024-05-06,CUST_01706,Female,63,Clothing,Sneakers,2,14.51,29.02,South,UPI
9908,2024-05-06,CUST_01213,Male,54,Beauty,Perfume,2,114.86,229.72,North,Cash
1383,2024-05-06,CUST_01264,Female,35,Home & Kitchen,Blender,1,173.09,173.09,East,Credit Card
8163,2024-05-06,CUST_01474,Male,62,Home & Kitchen,Knife Set,6,226.61,1359.66,West,Credit Card
9122,2024-05-06,CUST_01431,Female,26,Sports,Cricket Bat,3,195.98,587.94,East,Credit Card
6660,2024-05-06,CUST_00088,Female,48,Home & Kitchen,Pillow,1,189.67,189.67,North,Credit Card
9239,2024-05-06,CUST_00032,Female,19,Beauty,Moisturizer,3,66.09,198.27,East,Credit Card
1481,2024-05-06,CUST_00280,Male,55,Beauty,Moisturizer,3,52.59,157.77,East,Credit Card
7386,2024-05-06,CUST_00969,Male,20,Electronics,Tablet,2,645.63,1291.26,South,Credit Card
6737,2024-05-06,CUST_01140,Female,25,Clothing,T-Shirt,1,89.09,89.09,North,Debit Card
3601,2024-05-07,CUST_01466,Male,45,Home & Kitchen,Wall Clock,3,18.04,54.12,South,Credit Card
8555,2024-05-07,CUST_00883,Male,25,Home & Kitchen,Blender,1,222.45,222.45,East,Debit Card
4151,2024-05-07,CUST_00723,Male,50,Food,Olive Oil,3,25.23,75.69,South,Cash
6757,2024-05-07,CUST_01217,Male,37,Electronics,Laptop,2,233.14,466.28,East,Debit Card
4889,2024-05-07,CUST_01068,Female,34,Clothing,Shorts,2,22.11,44.22,South,Cash
5308,2024-05-07,CUST_01856,Male,28,Clothing,Shorts,1,19.41,19.41,West,Debit Card
10005,2024-05-07,CUST_00219,Male,55,Beauty,Hair Oil,4,50.47,201.88,North,Credit Card
6809,2024-05-07,CUST_00011,Female,25,Electronics,Power Bank,2,555.74,1111.48,East,Debit Card
6840,2024-05-07,CUST_01468,Male,20,Clothing,Sneakers,1,61.97,61.97,South,Debit Card
2364,2024-05-08,CUST_00416,Male,49,Home & Kitchen,Cookware Set,6,10.23,61.38,South,Credit Card
5680,2024-05-08,CUST_01482,Female,26,Home & Kitchen,Bedsheet,3,169.99,509.97,South,Debit Card
6116,2024-05-08,CUST_00995,Female,67,Beauty,Face Wash,1,35.03,35.03,West,UPI
3266,2024-05-08,CUST_01523,Male,66,Beauty,Foundation,3,105.28,315.84,West,Debit Card
1230,2024-05-08,CUST_00193,Female,28,Electronics,Bluetooth Speaker,5,520.7,2603.5,East,Credit Card
5101,2024-05-08,CUST_00315,Female,43,Electronics,Laptop,2,571.88,1143.76,South,Cash
3763,2024-05-08,CUST_01079,Female,70,Food,Organic Honey,3,15.25,45.75,East,UPI
6500,2024-05-08,CUST_00910,Female,68,Home & Kitchen,Pillow,1,55.8,55.8,East,UPI
4250,2024-05-08,CUST_01815,Female,25,Clothing,T-Shirt,3,126.5,379.5,West,UPI
5350,2024-05-08,CUST_00499,Female,59,Beauty,Eye Shadow,6,37.47,224.82,West,Debit Card
2173,2024-05-08,CUST_01942,Male,18,Beauty,Sunscreen,4,32.74,130.96,West,Cash
6901,2024-05-08,CUST_00488,Female,27,Clothing,Shorts,2,139.54,279.08,North,UPI
9061,2024-05-08,CUST_02000,Male,48,Home & Kitchen,Knife Set,5,105.92,529.6,North,Credit Card
1415,2024-05-08,CUST_01758,Female,18,Electronics,Headphones,3,576.56,1729.68,West,Debit Card
10337,2024-05-09,CUST_01115,Male,56,Clothing,T-Shirt,3,149.83,449.49,South,Credit Card
8372,2024-05-09,CUST_00486,Male,27,Food,Mixed Nuts,3,21.6,64.8,North,UPI
2183,2024-05-09,CUST_01053,Female,40,Home & Kitchen,Blender,2,209.65,419.3,North,Cash
3631,2024-05-09,CUST_01348,Male,62,Home & Kitchen,Blender,3,54.6,163.8,East,UPI
6771,2024-05-09,CUST_01007,Female,68,Food,Green Tea,2,26.86,53.72,North,Credit Card
4030,2024-05-09,CUST_01758,Female,18,Electronics,USB Cable,1,630.71,630.71,West,UPI
1162,2024-05-09,CUST_00965,Male,35,Home & Kitchen,Bedsheet,7,51.14,357.98,West,Credit Card
5186,2024-05-09,CUST_01944,Female,61,Beauty,Sunscreen,2,39.16,78.32,West,Cash
4343,2024-05-09,CUST_00825,Female,44,Food,Protein Bar,2,4.27,8.54,South,UPI
1194,2024-05-09,CUST_01267,Male,20,Electronics,Headphones,4,393.74,1574.96,South,UPI
2550,2024-05-09,CUST_01008,Female,49,Electronics,Laptop,1,711.29,711.29,West,Credit Card
1840,2024-05-09,CUST_00068,Male,49,Electronics,Smartphone,4,787.31,3149.24,West,UPI
2175,2024-05-10,CUST_01284,Male,25,Home & Kitchen,Cookware Set,2,184.67,369.34,South,Debit Card
8736,2024-05-10,CUST_00899,Male,21,Clothing,Jeans,1,72.26,72.26,East,Debit Card
10252,2024-05-10,CUST_00393,Male,68,Food,Protein Bar,2,33.74,67.48,West,UPI
10537,2024-05-10,CUST_00599,Male,63,Food,Olive Oil,1,36.44,36.44,South,UPI
3823,2024-05-10,CUST_01681,Male,36,Clothing,Sneakers,2,145.63,291.26,West,Credit Card
7677,2024-05-10,CUST_01456,Male,53,Home & Kitchen,Knife Set,1,79.46,79.46,West,UPI
1585,2024-05-10,CUST_01054,Female,49,Food,Organic Honey,5,10.67,53.35,East,Debit Card
3167,2024-05-10,CUST_01459,Female,45,Beauty,Hair Oil,1,64.34,64.34,West,Cash
7860,2024-05-10,CUST_00494,Male,18,Home & Kitchen,Storage Container,1,48.42,48.42,East,UPI
10767,2024-05-10,CUST_01491,Female,21,Home & Kitchen,Knife Set,1,38.37,38.37,South,UPI
10264,2024-05-10,CUST_00948,Female,25,Clothing,T-Shirt,1,83.9,83.9,South,Debit Card
1115,2024-05-10,CUST_01343,Female,65,Food,Olive Oil,4,39.19,156.76,North,Debit Card
5134,2024-05-10,CUST_00968,Female,49,Electronics,Laptop,2,694.79,1389.58,East,Debit Card
1929,2024-05-10,CUST_01971,Male,52,Beauty,Foundation,1,54.33,54.33,South,Debit Card
10980,2024-05-10,CUST_00602,Male,47,Food,Protein Bar,2,31.09,62.18,North,Credit Card
3279,2024-05-10,CUST_01806,Female,66,Home & Kitchen,Bedsheet,3,33.28,99.84,South,Credit Card
1163,2024-05-10,CUST_00740,Male,27,Electronics,USB Cable,3,416.54,1249.62,South,Cash
5958,2024-05-11,CUST_00588,Male,62,Clothing,Formal Shirt,4,54.53,218.12,West,UPI
4888,2024-05-11,CUST_01057,Female,26,Sports,Running Shoes,4,25.81,103.24,South,Cash
5866,2024-05-11,CUST_00421,Female,23,Home & Kitchen,Pillow,1,236.81,236.81,South,Debit Card
3098,2024-05-11,CUST_00830,Female,30,Home & Kitchen,Table Lamp,5,107.13,535.65,South,Cash
1347,2024-05-11,CUST_00617,Male,37,Home & Kitchen,Pillow,1,114.65,114.65,South,Debit Card
9530,2024-05-11,CUST_01355,Female,35,Sports,Football,1,155.71,155.71,West,Debit Card
3127,2024-05-11,CUST_01083,Female,39,Electronics,Smart Watch,3,788.93,2366.79,South,UPI
6014,2024-05-11,CUST_00394,Male,26,Clothing,Jeans,7,140.05,980.35,West,Cash
5800,2024-05-11,CUST_00298,Male,24,Clothing,Jacket,5,18.71,93.55,South,Cash
3329,2024-05-12,CUST_01103,Female,39,Food,Green Tea,2,30.34,60.68,South,Cash
4463,2024-05-12,CUST_00457,Male,45,Home & Kitchen,Pillow,3,244.76,734.28,North,Cash
3400,2024-05-12,CUST_01014,Male,38,Electronics,Headphones,1,710.3,710.3,South,UPI
4366,2024-05-12,CUST_00990,Male,68,Home & Kitchen,Table Lamp,1,95.18,95.18,East,UPI
3750,2024-05-12,CUST_00207,Female,28,Clothing,Sneakers,3,92.85,278.55,North,UPI
3351,2024-05-12,CUST_01558,Female,49,Home & Kitchen,Wall Clock,1,63.8,63.8,North,UPI
10821,2024-05-12,CUST_01419,Female,57,Home & Kitchen,Wall Clock,2,101.57,203.14,South,Cash
1102,2024-05-12,CUST_01739,Male,27,Electronics,Tablet,3,773.69,2321.07,North,UPI
7773,2024-05-12,CUST_00970,Female,41,Food,Peanut Butter,3,18.91,56.73,North,Cash
2787,2024-05-12,CUST_01452,Male,39,Electronics,Laptop,5,635.87,3179.35,South,Debit Card
9013,2024-05-12,CUST_01927,Male,66,Home & Kitchen,Storage Container,3,109.3,327.9,East,Credit Card
2299,2024-05-12,CUST_01658,Female,48,Electronics,USB Cable,2,257.9,515.8,West,Debit Card
2959,2024-05-12,CUST_01907,Female,57,Food,Organic Honey,3,10.69,32.07,South,Credit Card
2883,2024-05-12,CUST_00119,Male,41,Home & Kitchen,Wall Clock,6,163.41,980.46,North,Cash
7930,2024-05-13,CUST_00257,Female,55,Clothing,Jeans,3,81.21,243.63,West,UPI
1088,2024-05-13,CUST_01390,Female,22,Beauty,Hair Oil,1,91.46,91.46,South,Credit Card
9175,2024-05-13,CUST_01031,Male,24,Electronics,USB Cable,2,445.27,890.54,East,UPI
6827,2024-05-13,CUST_01703,Female,29,Electronics,Smart Watch,4,117.22,468.88,East,Credit Card
10162,2024-05-13,CUST_00430,Male,27,Beauty,Lipstick,1,46.96,46.96,West,Credit Card
10554,2024-05-13,CUST_01698,Male,61,Beauty,Face Wash,2,95.06,190.12,East,Cash
1304,2024-05-13,CUST_00371,Female,65,Home & Kitchen,Blender,4,139.06,556.24,South,Credit Card
9907,2024-05-13,CUST_01094,Female,49,Electronics,USB Cable,3,331.76,995.28,South,Credit Card
5215,2024-05-13,CUST_01614,Male,24,Clothing,Formal Shirt,2,118.38,236.76,South,UPI
7270,2024-05-13,CUST_00009,Male,47,Electronics,Headphones,5,706.36,3531.8,South,Credit Card
2784,2024-05-13,CUST_00177,Female,23,Clothing,Hoodie,1,65.3,65.3,North,Cash
8078,2024-05-13,CUST_01303,Female,38,Clothing,T-Shirt,4,34.29,137.16,East,UPI
4111,2024-05-13,CUST_00025,Female,54,Home & Kitchen,Blender,1,130.96,130.96,West,Credit Card
7139,2024-05-13,CUST_01885,Male,38,Sports,Skipping Rope,4,140.74,562.96,North,UPI
9983,2024-05-13,CUST_00022,Male,52,Clothing,Formal Shirt,4,62.73,250.92,East,Credit Card
8972,2024-05-13,CUST_00691,Female,51,Food,Green Tea,1,31.13,31.13,East,Cash
10740,2024-05-13,CUST_01435,Female,39,Home & Kitchen,Blender,2,176.47,352.94,East,UPI
6527,2024-05-14,CUST_01805,Female,44,Home & Kitchen,Bedsheet,2,164.02,328.04,North,UPI
7635,2024-05-14,CUST_01847,Male,57,Electronics,Power Bank,1,213.3,213.3,South,Credit Card
7035,2024-05-14,CUST_01440,Male,51,Home & Kitchen,Bedsheet,2,131.05,262.1,East,Credit Card
8441,2024-05-14,CUST_01750,Female,39,Home & Kitchen,Pillow,1,173.19,173.19,South,Debit Card
8300,2024-05-14,CUST_01745,Female,59,Clothing,Shorts,3,30.24,90.72,South,Cash
2226,2024-05-14,CUST_01775,Male,54,Clothing,Jeans,6,10.58,63.48,West,UPI
6560,2024-05-14,CUST_01382,Male,42,Home & Kitchen,Storage Container,4,50.0,200.0,West,Cash
2429,2024-05-14,CUST_01382,Male,42,Home & Kitchen,Cookware Set,1,171.87,171.87,West,Debit Card
8529,2024-05-15,CUST_00044,Male,26,Sports,Yoga Mat,3,144.69,434.07,East,Credit Card
9439,2024-05-15,CUST_00616,Female,49,Beauty,Eye Shadow,3,60.19,180.57,South,Debit Card
9609,2024-05-15,CUST_00239,Female,21,Beauty,Hair Oil,2,72.93,145.86,East,Credit Card
3576,2024-05-15,CUST_01632,Female,32,Home & Kitchen,Storage Container,7,185.88,1301.16,South,Credit Card
3812,2024-05-15,CUST_00329,Female,41,Food,Organic Honey,2,32.94,65.88,West,Debit Card
6673,2024-05-15,CUST_01029,Male,56,Clothing,Shorts,1,64.19,64.19,South,Credit Card
6590,2024-05-16,CUST_01758,Female,18,Home & Kitchen,Knife Set,2,139.61,279.22,West,UPI
1201,2024-05-16,CUST_00973,Female,47,Food,Peanut Butter,1,31.25,31.25,West,Cash
5015,2024-05-16,CUST_01822,Male,64,Food,Granola,3,19.31,57.93,West,Cash
2683,2024-05-16,CUST_00049,Female,37,Food,Green Tea,1,10.81,10.81,South,Debit Card
8273,2024-05-16,CUST_01960,Male,28,Sports,Football,2,29.82,59.64,North,UPI
2707,2024-05-16,CUST_01995,Female,56,Home & Kitchen,Cookware Set,3,109.21,327.63,North,Debit Card
5414,2024-05-16,CUST_01086,Male,50,Clothing,T-Shirt,1,31.08,31.08,East,Debit Card
8942,2024-05-16,CUST_01958,Male,55,Home & Kitchen,Blender,1,12.41,12.41,North,UPI
2578,2024-05-16,CUST_00674,Male,32,Home & Kitchen,Cookware Set,2,225.6,451.2,North,UPI
10659,2024-05-16,CUST_01513,Male,39,Clothing,Formal Shirt,2,106.6,213.2,North,Credit Card
1592,2024-05-16,CUST_01894,Female,59,Home & Kitchen,Bedsheet,2,195.82,391.64,South,Credit Card
5228,2024-05-16,CUST_01131,Female,44,Home & Kitchen,Knife Set,2,124.56,249.12,North,Credit Card
1780,2024-05-16,CUST_00497,Male,47,Sports,Cricket Bat,5,34.41,172.05,West,UPI
4028,2024-05-16,CUST_00741,Female,18,Beauty,Foundation,2,70.92,141.84,West,Debit Card
7964,2024-05-17,CUST_01412,Female,63,Home & Kitchen,Table Lamp,1,236.46,236.46,North,Debit Card
8667,2024-05-17,CUST_01660,Female,18,Beauty,Perfume,1,74.23,74.23,West,Cash
2957,2024-05-17,CUST_00259,Female,18,Electronics,Smartphone,1,643.97,643.97,South,Credit Card
8660,2024-05-17,CUST_01549,Male,35,Food,Dark Chocolate,1,14.84,14.84,South,Debit Card
9457,2024-05-17,CUST_00787,Male,64,Home & Kitchen,Knife Set,1,27.99,27.99,East,Cash
1362,2024-05-17,CUST_00558,Male,27,Clothing,T-Shirt,4,148.22,592.88,West,UPI
5876,2024-05-17,CUST_01747,Male,54,Food,Organic Honey,4,38.51,154.04,West,Debit Card
7192,2024-05-17,CUST_01707,Female,31,Beauty,Foundation,1,57.6,57.6,South,Cash
2929,2024-05-17,CUST_00091,Female,65,Electronics,Tablet,3,282.56,847.68,North,Debit Card
9032,2024-05-17,CUST_00571,Female,61,Home & Kitchen,Table Lamp,2,71.78,143.56,East,Debit Card
3178,2024-05-17,CUST_00025,Female,54,Clothing,Shorts,5,83.14,415.7,West,UPI
6203,2024-05-17,CUST_01429,Male,39,Home & Kitchen,Table Lamp,1,10.24,10.24,West,Credit Card
1356,2024-05-17,CUST_01613,Female,19,Beauty,Hair Oil,2,117.7,235.4,South,Debit Card
7904,2024-05-18,CUST_00886,Female,41,Home & Kitchen,Table Lamp,1,88.36,88.36,West,Credit Card
9979,2024-05-18,CUST_00184,Male,65,Home & Kitchen,Knife Set,1,106.65,106.65,South,Credit Card
9298,2024-05-18,CUST_01576,Male,38,Home & Kitchen,Cookware Set,1,156.52,156.52,West,Credit Card
2316,2024-05-18,CUST_00159,Male,42,Food,Protein Bar,1,16.85,16.85,South,Debit Card
6520,2024-05-18,CUST_01382,Male,42,Electronics,Headphones,2,233.5,467.0,West,Credit Card
7237,2024-05-18,CUST_01423,Female,31,Home & Kitchen,Storage Container,3,244.82,734.46,East,UPI
5334,2024-05-18,CUST_00866,Female,19,Sports,Running Shoes,3,167.67,503.01,North,Credit Card
1873,2024-05-18,CUST_00771,Male,20,Clothing,Shorts,3,110.27,330.81,South,UPI
9936,2024-05-18,CUST_00822,Male,45,Sports,Cricket Bat,1,173.46,173.46,East,Credit Card
2825,2024-05-18,CUST_00825,Female,44,Electronics,USB Cable,1,715.09,715.09,South,Cash
3644,2024-05-18,CUST_01430,Female,42,Home & Kitchen,Knife Set,4,96.91,387.64,South,Credit Card
6726,2024-05-18,CUST_00936,Female,49,Home & Kitchen,Storage Container,4,93.77,375.08,East,Debit Card
8703,2024-05-19,CUST_01442,Male,55,Home & Kitchen,Cookware Set,1,211.28,211.28,East,UPI
10798,2024-05-19,CUST_01766,Female,39,Electronics,Smart Watch,1,318.22,318.22,North,Credit Card
1175,2024-05-19,CUST_00439,Male,35,Clothing,Shorts,2,16.05,32.1,South,Cash
5596,2024-05-19,CUST_00492,Female,18,Electronics,Power Bank,5,480.9,2404.5,East,UPI
3399,2024-05-19,CUST_00238,Male,40,Food,Green Tea,6,34.37,206.22,East,UPI
7342,2024-05-19,CUST_01122,Female,36,Clothing,Shorts,3,87.08,261.24,South,Credit Card
10555,2024-05-19,CUST_00739,Female,43,Clothing,Formal Shirt,3,18.1,54.3,North,Credit Card
5629,2024-05-19,CUST_00132,Female,65,Beauty,Face Wash,1,18.47,18.47,South,Debit Card
5393,2024-05-19,CUST_01968,Male,51,Electronics,Bluetooth Speaker,4,81.67,326.68,South,Credit Card
9143,2024-05-19,CUST_00476,Female,32,Electronics,Headphones,2,624.16,1248.32,West,Debit Card
5580,2024-05-19,CUST_00567,Female,56,Home & Kitchen,Wall Clock,6,93.77,562.62,South,Cash
6981,2024-05-19,CUST_00261,Female,36,Electronics,Laptop,4,95.71,382.84,North,Credit Card
8444,2024-05-19,CUST_01513,Male,39,Home & Kitchen,Cookware Set,1,214.0,214.0,North,Credit Card
1239,2024-05-19,CUST_01293,Male,66,Beauty,Lipstick,2,97.26,194.52,West,Debit Card
9957,2024-05-19,CUST_01813,Female,48,Home & Kitchen,Bedsheet,5,92.36,461.8,South,UPI
3671,2024-05-19,CUST_01193,Female,56,Beauty,Foundation,4,53.47,213.88,West,UPI
4596,2024-05-19,CUST_01552,Male,26,Electronics,Laptop,1,85.85,85.85,West,Credit Card
5833,2024-05-19,CUST_00842,Female,25,Electronics,Bluetooth Speaker,4,409.3,1637.2,East,Cash
2850,2024-05-19,CUST_00147,Male,35,Home & Kitchen,Knife Set,4,82.94,331.76,North,UPI
6523,2024-05-20,CUST_01786,Male,60,Food,Mixed Nuts,4,39.29,157.16,South,Credit Card
10851,2024-05-20,CUST_01692,Male,34,Electronics,Power Bank,2,470.84,941.68,West,UPI
9350,2024-05-20,CUST_01841,Male,57,Food,Peanut Butter,1,27.57,27.57,North,Debit Card
8043,2024-05-20,CUST_01755,Male,67,Food,Olive Oil,2,28.85,57.7,East,Cash
1659,2024-05-20,CUST_00992,Female,41,Electronics,Power Bank,3,481.19,1443.57,South,Debit Card
3717,2024-05-20,CUST_01203,Female,22,Clothing,Jacket,4,97.82,391.28,West,UPI
6574,2024-05-20,CUST_00589,Female,46,Electronics,Smart Watch,2,522.85,1045.7,East,UPI
6690,2024-05-20,CUST_01927,Male,66,Home & Kitchen,Storage Container,2,30.6,61.2,East,Cash
10495,2024-05-20,CUST_01673,Male,37,Electronics,Smartphone,4,198.87,795.48,North,Cash
6924,2024-05-21,CUST_00792,Female,48,Electronics,Bluetooth Speaker,1,729.02,729.02,North,UPI
7473,2024-05-21,CUST_01299,Female,19,Sports,Skipping Rope,4,59.01,236.04,West,Debit Card
9553,2024-05-21,CUST_00080,Male,26,Clothing,Dress,2,44.6,89.2,North,UPI
8085,2024-05-21,CUST_00142,Female,49,Home & Kitchen,Cookware Set,3,215.82,647.46,East,Cash
7001,2024-05-21,CUST_01287,Male,35,Home & Kitchen,Table Lamp,1,215.18,215.18,East,Credit Card
8879,2024-05-21,CUST_00837,Female,18,Sports,Running Shoes,6,160.7,964.2,North,Credit Card
6385,2024-05-21,CUST_00586,Male,67,Food,Organic Honey,1,18.79,18.79,South,Debit Card
6575,2024-05-21,CUST_00534,Female,29,Home & Kitchen,Blender,1,33.64,33.64,North,Cash
7319,2024-05-21,CUST_01383,Female,43,Beauty,Foundation,2,90.34,180.68,West,Cash
8921,2024-05-21,CUST_00874,Male,35,Electronics,Smartphone,3,208.3,624.9,South,Debit Card
5267,2024-05-21,CUST_00893,Female,43,Home & Kitchen,Knife Set,3,31.85,95.55,West,Debit Card
3580,2024-05-21,CUST_00518,Female,30,Beauty,Sunscreen,1,33.36,33.36,East,Credit Card
4297,2024-05-21,CUST_00146,Male,30,Electronics,USB Cable,4,789.69,3158.76,South,Credit Card
2517,2024-05-21,CUST_00922,Female,35,Clothing,Shorts,2,123.88,247.76,East,Debit Card
9869,2024-05-22,CUST_01759,Male,64,Clothing,Dress,6,132.23,793.38,South,Cash
4156,2024-05-22,CUST_00898,Female,58,Food,Granola,1,33.25,33.25,West,Credit Card
5548,2024-05-22,CUST_01068,Female,34,Electronics,Tablet,5,467.02,2335.1,South,Credit Card
10319,2024-05-22,CUST_00025,Female,54,Beauty,Eye Shadow,3,82.62,247.86,West,Cash
7928,2024-05-22,CUST_01854,Female,42,Electronics,Power Bank,3,398.87,1196.61,West,Debit Card
6147,2024-05-22,CUST_01291,Female,32,Clothing,Hoodie,5,24.6,123.0,East,Cash
4460,2024-05-22,CUST_00645,Female,28,Electronics,USB Cable,6,184.87,1109.22,West,Debit Card
4446,2024-05-22,CUST_00597,Male,44,Home & Kitchen,Blender,4,25.31,101.24,North,UPI
5710,2024-05-22,CUST_01428,Female,27,Electronics,Power Bank,1,695.29,695.29,West,Debit Card
9982,2024-05-22,CUST_00234,Male,68,Electronics,USB Cable,1,21.57,21.57,West,UPI
1462,2024-05-22,CUST_01959,Male,62,Food,Peanut Butter,1,24.52,24.52,South,Credit Card
5994,2024-05-22,CUST_01027,Male,49,Home & Kitchen,Blender,6,48.61,291.66,South,Credit Card
6542,2024-05-22,CUST_00021,Female,60,Beauty,Sunscreen,1,111.44,111.44,East,Debit Card
4065,2024-05-22,CUST_00188,Female,69,Electronics,Power Bank,2,364.46,728.92,South,UPI
5271,2024-05-22,CUST_01630,Female,44,Beauty,Lipstick,5,74.07,370.35,South,Debit Card
1219,2024-05-23,CUST_00756,Male,46,Food,Dark Chocolate,3,11.09,33.27,South,Credit Card
2710,2024-05-23,CUST_00765,Female,35,Sports,Water Bottle,2,186.93,373.86,South,Credit Card
5146,2024-05-23,CUST_00653,Male,59,Food,Green Tea,2,31.41,62.82,South,Credit Card
6577,2024-05-23,CUST_00609,Female,56,Electronics,Power Bank,1,765.87,765.87,East,Cash
2092,2024-05-23,CUST_00870,Male,40,Clothing,Dress,2,107.43,214.86,East,Cash
8391,2024-05-23,CUST_00968,Female,49,Food,Granola,1,28.97,28.97,East,Cash
9478,2024-05-23,CUST_00637,Male,20,Beauty,Moisturizer,1,42.08,42.08,North,Credit Card
9827,2024-05-23,CUST_00536,Male,33,Electronics,Headphones,2,70.7,141.4,West,Credit Card
7238,2024-05-23,CUST_01789,Male,67,Home & Kitchen,Table Lamp,2,175.53,351.06,South,UPI
2336,2024-05-23,CUST_00877,Female,18,Clothing,Shorts,2,30.65,61.3,South,Debit Card
8449,2024-05-23,CUST_01220,Female,51,Beauty,Foundation,1,67.72,67.72,South,UPI
7204,2024-05-23,CUST_01207,Female,62,Food,Dark Chocolate,3,16.25,48.75,South,UPI
8468,2024-05-23,CUST_01321,Female,60,Clothing,Dress,1,10.05,10.05,North,UPI
8626,2024-05-23,CUST_01395,Female,48,Home & Kitchen,Table Lamp,1,153.38,153.38,West,Debit Card
1278,2024-05-23,CUST_01763,Female,22,Clothing,Shorts,1,102.45,102.45,West,Credit Card
2612,2024-05-24,CUST_00384,Male,27,Beauty,Hair Oil,3,99.8,299.4,East,UPI
9512,2024-05-24,CUST_00277,Male,24,Electronics,Bluetooth Speaker,1,495.66,495.66,West,UPI
10349,2024-05-24,CUST_00307,Male,33,Electronics,Laptop,3,245.12,735.36,South,Debit Card
3059,2024-05-24,CUST_01625,Male,23,Electronics,USB Cable,1,564.48,564.48,North,Debit Card
2235,2024-05-24,CUST_00904,Male,42,Electronics,USB Cable,2,43.74,87.48,East,Cash
1943,2024-05-24,CUST_00690,Female,44,Electronics,Smartphone,1,450.98,450.98,South,Debit Card
2462,2024-05-24,CUST_01228,Male,44,Electronics,Tablet,3,502.95,1508.85,West,Credit Card
7343,2024-05-24,CUST_00635,Male,54,Sports,Water Bottle,5,166.12,830.6,North,UPI
3161,2024-05-24,CUST_01631,Female,30,Home & Kitchen,Wall Clock,6,211.11,1266.66,West,Debit Card
3668,2024-05-24,CUST_01545,Female,56,Beauty,Moisturizer,1,70.53,70.53,South,Cash
1213,2024-05-24,CUST_00044,Male,26,Electronics,Bluetooth Speaker,1,499.02,499.02,East,Cash
8794,2024-05-25,CUST_01608,Female,54,Clothing,Dress,2,54.44,108.88,North,Cash
7276,2024-05-25,CUST_00756,Male,46,Food,Dark Chocolate,1,9.6,9.6,South,UPI
6781,2024-05-25,CUST_01185,Male,53,Electronics,Power Bank,1,675.72,675.72,West,Credit Card
1887,2024-05-25,CUST_01960,Male,28,Clothing,Shorts,4,124.13,496.52,North,Credit Card
3371,2024-05-25,CUST_00251,Female,29,Beauty,Lipstick,6,65.42,392.52,East,Credit Card
3185,2024-05-25,CUST_01453,Male,61,Electronics,Smartphone,2,538.94,1077.88,East,Debit Card
3274,2024-05-25,CUST_00601,Female,34,Home & Kitchen,Storage Container,1,237.35,237.35,West,Cash
8087,2024-05-26,CUST_01643,Male,49,Clothing,Hoodie,1,139.88,139.88,East,Credit Card
8877,2024-05-26,CUST_01717,Female,36,Beauty,Sunscreen,4,34.82,139.28,East,Credit Card
4340,2024-05-26,CUST_00320,Male,65,Electronics,Laptop,6,183.89,1103.34,North,Credit Card
8339,2024-05-26,CUST_00715,Female,46,Clothing,Jeans,3,118.19,354.57,East,Debit Card
3030,2024-05-26,CUST_00018,Male,47,Beauty,Perfume,2,58.63,117.26,North,UPI
9443,2024-05-26,CUST_01498,Female,32,Electronics,Power Bank,1,499.33,499.33,East,Debit Card
2219,2024-05-26,CUST_01021,Male,45,Sports,Water Bottle,2,190.23,380.46,South,Cash
9815,2024-05-26,CUST_01217,Male,37,Home & Kitchen,Wall Clock,4,100.31,401.24,East,Credit Card
4418,2024-05-26,CUST_00252,Female,38,Clothing,Shorts,1,139.67,139.67,South,UPI
10605,2024-05-26,CUST_00962,Female,26,Electronics,Power Bank,2,164.29,328.58,North,Credit Card
3115,2024-05-26,CUST_00497,Male,47,Food,Organic Honey,1,36.08,36.08,West,Debit Card
9479,2024-05-26,CUST_01559,Male,43,Electronics,Smart Watch,3,504.11,1512.33,East,Cash
8318,2024-05-27,CUST_01105,Male,20,Beauty,Sunscreen,2,84.0,168.0,East,Debit Card
4171,2024-05-27,CUST_01331,Male,18,Clothing,Dress,2,26.14,52.28,North,Credit Card
8991,2024-05-27,CUST_00549,Female,66,Beauty,Lipstick,2,8.96,17.92,South,UPI
9124,2024-05-27,CUST_00192,Male,68,Home & Kitchen,Wall Clock,1,113.18,113.18,East,UPI
2125,2024-05-27,CUST_01463,Female,51,Home & Kitchen,Cookware Set,4,123.64,494.56,South,Credit Card
9600,2024-05-27,CUST_00829,Female,35,Home & Kitchen,Cookware Set,4,118.32,473.28,West,Credit Card
3894,2024-05-27,CUST_01364,Male,20,Clothing,Dress,2,112.04,224.08,East,Debit Card
6604,2024-05-27,CUST_00979,Male,64,Food,Organic Honey,7,10.3,72.1,West,UPI
7681,2024-05-27,CUST_00281,Female,56,Home & Kitchen,Blender,4,118.31,473.24,South,Credit Card
6733,2024-05-27,CUST_01123,Female,51,Food,Organic Honey,4,10.58,42.32,East,Credit Card
9563,2024-05-28,CUST_00881,Female,57,Beauty,Perfume,4,116.17,464.68,East,Credit Card
2862,2024-05-28,CUST_01343,Female,65,Food,Olive Oil,2,39.34,78.68,North,UPI
4846,2024-05-28,CUST_01225,Female,66,Beauty,Lipstick,2,48.3,96.6,West,Cash
4312,2024-05-28,CUST_00514,Male,43,Beauty,Perfume,3,86.78,260.34,South,Debit Card
3088,2024-05-28,CUST_01494,Male,23,Clothing,T-Shirt,4,28.31,113.24,East,UPI
2836,2024-05-28,CUST_00269,Female,58,Food,Protein Bar,3,38.99,116.97,North,Cash
4055,2024-05-28,CUST_00747,Female,70,Food,Peanut Butter,4,8.48,33.92,West,Cash
2385,2024-05-28,CUST_01427,Female,67,Sports,Football,6,156.59,939.54,East,Credit Card
6709,2024-05-28,CUST_00923,Female,49,Food,Peanut Butter,1,27.04,27.04,West,Debit Card
2996,2024-05-28,CUST_00024,Female,37,Food,Organic Honey,2,3.72,7.44,East,Cash
4779,2024-05-28,CUST_01466,Male,45,Home & Kitchen,Cookware Set,3,60.08,180.24,South,UPI
9267,2024-05-28,CUST_00923,Female,49,Food,Dark Chocolate,4,20.19,80.76,West,Credit Card
3851,2024-05-28,CUST_00988,Female,55,Food,Olive Oil,1,24.82,24.82,East,Cash
5256,2024-05-29,CUST_01211,Male,62,Food,Mixed Nuts,6,17.99,107.94,East,Credit Card
3660,2024-05-29,CUST_01984,Female,27,Clothing,Hoodie,1,93.98,93.98,North,Cash
6056,2024-05-29,CUST_01480,Male,20,Clothing,Dress,2,83.93,167.86,South,Credit Card
9848,2024-05-29,CUST_00218,Male,63,Electronics,Tablet,1,631.85,631.85,North,Cash
7471,2024-05-29,CUST_01668,Male,58,Electronics,Power Bank,2,24.93,49.86,West,Debit Card
9692,2024-05-29,CUST_00136,Male,47,Home & Kitchen,Pillow,4,182.07,728.28,South,Debit Card
1221,2024-05-29,CUST_01989,Male,47,Sports,Football,4,186.8,747.2,North,Cash
4869,2024-05-29,CUST_00930,Female,57,Sports,Water Bottle,2,38.04,76.08,East,Debit Card
2464,2024-05-29,CUST_00224,Male,36,Home & Kitchen,Storage Container,4,215.78,863.12,South,UPI
10123,2024-05-29,CUST_01907,Female,57,Beauty,Foundation,2,9.65,19.3,South,UPI
4360,2024-05-30,CUST_01553,Male,68,Home & Kitchen,Bedsheet,1,142.85,142.85,West,Credit Card
10020,2024-05-30,CUST_00171,Male,24,Beauty,Foundation,3,62.11,186.33,South,Debit Card
9544,2024-05-30,CUST_01844,Male,18,Electronics,Power Bank,4,420.36,1681.44,South,Debit Card
1353,2024-05-30,CUST_01883,Female,70,Food,Olive Oil,1,35.7,35.7,East,UPI
2785,2024-05-30,CUST_00246,Male,26,Sports,Yoga Mat,4,142.96,571.84,West,Debit Card
4928,2024-05-30,CUST_01978,Male,21,Home & Kitchen,Bedsheet,1,26.16,26.16,South,Debit Card
9784,2024-05-30,CUST_00267,Male,57,Food,Organic Honey,2,18.7,37.4,East,Debit Card
7117,2024-05-30,CUST_00647,Male,26,Clothing,T-Shirt,4,122.88,491.52,North,Cash
4796,2024-05-30,CUST_01532,Female,34,Sports,Dumbbells,3,33.24,99.72,West,Debit Card
5039,2024-05-30,CUST_01864,Male,69,Clothing,T-Shirt,3,13.78,41.34,North,Debit Card
4775,2024-05-30,CUST_01581,Female,43,Clothing,Jeans,4,124.25,497.0,North,Cash
3541,2024-05-30,CUST_00541,Male,31,Beauty,Lipstick,4,20.47,81.88,South,Credit Card
2006,2024-05-30,CUST_01671,Female,56,Home & Kitchen,Wall Clock,4,249.06,996.24,West,Cash
2329,2024-05-30,CUST_00546,Female,27,Electronics,Smart Watch,5,387.26,1936.3,East,Credit Card
8765,2024-05-30,CUST_00566,Male,48,Beauty,Foundation,2,106.12,212.24,North,Credit Card
2148,2024-05-30,CUST_01249,Female,43,Food,Organic Honey,2,35.46,70.92,North,Debit Card
10159,2024-05-30,CUST_00187,Female,35,Clothing,Jacket,2,19.52,39.04,North,Cash
4495,2024-05-30,CUST_00533,Male,50,Beauty,Lipstick,7,24.75,173.25,West,Cash
2460,2024-05-30,CUST_00182,Female,27,Electronics,USB Cable,3,42.36,127.08,West,Debit Card
1878,2024-05-30,CUST_01730,Male,48,Electronics,Headphones,2,319.08,638.16,West,Credit Card
2811,2024-05-31,CUST_01936,Male,18,Electronics,Tablet,3,149.15,447.45,South,Debit Card
1186,2024-05-31,CUST_01224,Female,31,Home & Kitchen,Blender,5,246.37,1231.85,South,Cash
9086,2024-05-31,CUST_01888,Female,57,Food,Granola,1,10.35,10.35,West,Cash
5265,2024-05-31,CUST_01518,Female,26,Clothing,Jacket,2,24.1,48.2,South,Cash
7969,2024-05-31,CUST_01636,Female,44,Home & Kitchen,Cookware Set,1,199.64,199.64,West,Credit Card
1323,2024-05-31,CUST_01633,Male,39,Electronics,Tablet,2,176.15,352.3,West,Debit Card
2618,2024-06-01,CUST_00103,Male,50,Electronics,Headphones,2,581.99,1163.98,North,Debit Card
8553,2024-06-01,CUST_01217,Male,37,Food,Dark Chocolate,4,7.1,28.4,East,UPI
4947,2024-06-01,CUST_00188,Female,69,Food,Dark Chocolate,4,29.5,118.0,South,UPI
10944,2024-06-01,CUST_01403,Male,30,Home & Kitchen,Pillow,4,114.11,456.44,West,Debit Card
6238,2024-06-01,CUST_00183,Male,60,Home & Kitchen,Wall Clock,3,113.01,339.03,North,Debit Card
6599,2024-06-01,CUST_00236,Female,44,Home & Kitchen,Blender,5,30.2,151.0,East,Credit Card
9966,2024-06-01,CUST_01527,Male,30,Beauty,Face Wash,2,78.49,156.98,West,Debit Card
4855,2024-06-01,CUST_01539,Female,26,Sports,Dumbbells,1,132.46,132.46,East,Cash
7709,2024-06-01,CUST_01044,Female,40,Electronics,Headphones,1,59.64,59.64,North,Credit Card
8239,2024-06-01,CUST_01312,Female,70,Electronics,Smart Watch,3,633.86,1901.58,West,Credit Card
2807,2024-06-01,CUST_00810,Male,56,Clothing,Jacket,1,133.78,133.78,North,Debit Card
4316,2024-06-01,CUST_01790,Male,68,Home & Kitchen,Storage Container,3,131.94,395.82,West,UPI
3932,2024-06-01,CUST_00764,Male,69,Home & Kitchen,Knife Set,2,82.74,165.48,West,Debit Card
4600,2024-06-01,CUST_00327,Female,34,Home & Kitchen,Storage Container,1,184.12,184.12,West,UPI
4374,2024-06-01,CUST_01645,Male,32,Sports,Skipping Rope,4,26.28,105.12,South,UPI
4737,2024-06-01,CUST_01948,Male,65,Food,Granola,6,36.47,218.82,West,Credit Card
5133,2024-06-01,CUST_01118,Male,50,Home & Kitchen,Bedsheet,2,66.82,133.64,East,Debit Card
10830,2024-06-01,CUST_00001,Male,53,Home & Kitchen,Knife Set,6,185.19,1111.14,South,Cash
10137,2024-06-01,CUST_00308,Male,35,Sports,Running Shoes,4,75.42,301.68,South,UPI
7697,2024-06-01,CUST_01204,Male,35,Home & Kitchen,Knife Set,2,246.1,492.2,West,UPI
5638,2024-06-02,CUST_00990,Male,68,Beauty,Perfume,3,81.72,245.16,East,Credit Card
3832,2024-06-02,CUST_00979,Male,64,Sports,Water Bottle,5,8.37,41.85,West,UPI
10459,2024-06-02,CUST_01067,Male,21,Electronics,Headphones,1,451.75,451.75,South,Credit Card
5703,2024-06-02,CUST_01522,Male,54,Beauty,Sunscreen,1,35.44,35.44,North,Credit Card
1208,2024-06-02,CUST_00685,Female,21,Clothing,Hoodie,6,76.31,457.86,North,Cash
1842,2024-06-02,CUST_01014,Male,38,Food,Granola,1,28.4,28.4,South,Credit Card
7258,2024-06-02,CUST_00107,Male,66,Food,Protein Bar,1,38.84,38.84,East,Cash
4747,2024-06-02,CUST_00992,Female,41,Sports,Running Shoes,1,97.72,97.72,South,UPI
5983,2024-06-02,CUST_00555,Female,67,Home & Kitchen,Pillow,4,84.64,338.56,North,Credit Card
6792,2024-06-02,CUST_00330,Female,59,Beauty,Sunscreen,2,63.09,126.18,South,UPI
9383,2024-06-02,CUST_01714,Female,46,Electronics,USB Cable,2,333.34,666.68,East,Cash
1971,2024-06-02,CUST_01926,Male,21,Beauty,Foundation,2,24.17,48.34,North,Credit Card
1046,2024-06-02,CUST_01085,Female,60,Electronics,Headphones,2,159.78,319.56,South,Credit Card
8750,2024-06-02,CUST_00812,Female,47,Beauty,Lipstick,3,46.14,138.42,North,Debit Card
5557,2024-06-02,CUST_00149,Male,57,Electronics,Tablet,1,80.55,80.55,East,Debit Card
9114,2024-06-02,CUST_00953,Female,65,Electronics,Tablet,3,596.27,1788.81,East,UPI
6488,2024-06-02,CUST_01209,Male,62,Electronics,Laptop,2,342.43,684.86,North,UPI
8040,2024-06-02,CUST_00181,Female,19,Home & Kitchen,Knife Set,4,94.46,377.84,North,Debit Card
3916,2024-06-02,CUST_01056,Female,20,Electronics,Smart Watch,3,198.81,596.43,East,Credit Card
4177,2024-06-03,CUST_01636,Female,44,Electronics,Smart Watch,4,753.03,3012.12,West,UPI
9713,2024-06-03,CUST_01874,Male,51,Home & Kitchen,Storage Container,1,64.15,64.15,East,Debit Card
9205,2024-06-03,CUST_01019,Male,27,Clothing,Formal Shirt,1,45.83,45.83,South,UPI
7371,2024-06-03,CUST_00279,Female,59,Home & Kitchen,Knife Set,1,212.44,212.44,West,Credit Card
5139,2024-06-03,CUST_00998,Male,62,Beauty,Lipstick,1,18.45,18.45,North,Credit Card
1952,2024-06-03,CUST_00343,Male,53,Home & Kitchen,Blender,1,68.49,68.49,West,UPI
6231,2024-06-03,CUST_00105,Female,46,Beauty,Moisturizer,3,75.36,226.08,North,Cash
3190,2024-06-03,CUST_01716,Female,25,Clothing,Shorts,6,118.72,712.32,North,Credit Card
10273,2024-06-03,CUST_01318,Male,24,Beauty,Foundation,5,70.55,352.75,North,Cash
2405,2024-06-03,CUST_01995,Female,56,Beauty,Moisturizer,1,26.29,26.29,North,UPI
8562,2024-06-03,CUST_00682,Male,38,Electronics,Smartphone,2,324.27,648.54,South,UPI
3020,2024-06-03,CUST_01580,Female,59,Food,Mixed Nuts,3,31.7,95.1,North,Debit Card
8429,2024-06-03,CUST_01102,Female,25,Home & Kitchen,Table Lamp,4,36.65,146.6,South,Credit Card
10634,2024-06-03,CUST_00350,Male,22,Electronics,Smartphone,5,230.51,1152.55,South,Debit Card
5106,2024-06-03,CUST_01142,Female,29,Electronics,Tablet,3,431.37,1294.11,North,Cash
2633,2024-06-03,CUST_01281,Male,59,Clothing,T-Shirt,2,80.68,161.36,South,Cash
7633,2024-06-04,CUST_00262,Male,63,Clothing,Sneakers,1,16.65,16.65,West,Credit Card
3636,2024-06-04,CUST_01842,Female,29,Sports,Resistance Band,1,132.61,132.61,West,Debit Card
8430,2024-06-04,CUST_01255,Female,61,Home & Kitchen,Storage Container,3,187.23,561.69,North,UPI
8739,2024-06-04,CUST_00142,Female,49,Food,Green Tea,3,9.84,29.52,East,Cash
6918,2024-06-04,CUST_01209,Male,62,Beauty,Eye Shadow,1,46.4,46.4,North,Cash
4148,2024-06-04,CUST_01903,Male,20,Beauty,Eye Shadow,3,119.55,358.65,West,Debit Card
1733,2024-06-04,CUST_00603,Male,49,Food,Protein Bar,1,19.89,19.89,East,Cash
6989,2024-06-04,CUST_01847,Male,57,Beauty,Foundation,5,84.24,421.2,South,Credit Card
8031,2024-06-05,CUST_00906,Male,21,Electronics,Headphones,3,177.31,531.93,West,Debit Card
4568,2024-06-05,CUST_00096,Male,22,Beauty,Hair Oil,3,85.96,257.88,West,Debit Card
2434,2024-06-05,CUST_01930,Female,39,Electronics,Smartphone,4,672.9,2691.6,North,Cash
3813,2024-06-05,CUST_01035,Male,30,Food,Mixed Nuts,2,13.73,27.46,West,UPI
3235,2024-06-05,CUST_00079,Female,42,Clothing,Shorts,2,14.67,29.34,South,UPI
4468,2024-06-05,CUST_00407,Female,48,Home & Kitchen,Cookware Set,1,197.15,197.15,South,Debit Card
2476,2024-06-05,CUST_00075,Female,35,Home & Kitchen,Blender,3,102.46,307.38,West,UPI
8477,2024-06-05,CUST_01226,Male,36,Food,Protein Bar,3,37.09,111.27,West,Debit Card
4698,2024-06-05,CUST_01578,Male,68,Sports,Skipping Rope,1,144.38,144.38,South,UPI
4390,2024-06-05,CUST_01014,Male,38,Electronics,USB Cable,1,528.46,528.46,South,UPI
10959,2024-06-05,CUST_01166,Male,48,Beauty,Foundation,1,52.82,52.82,West,Cash
9934,2024-06-05,CUST_01722,Female,29,Clothing,T-Shirt,2,22.3,44.6,North,Cash
1597,2024-06-05,CUST_01265,Female,42,Beauty,Foundation,1,39.01,39.01,North,Credit Card
8635,2024-06-05,CUST_01508,Female,47,Home & Kitchen,Table Lamp,2,129.51,259.02,East,UPI
6021,2024-06-05,CUST_00886,Female,41,Beauty,Hair Oil,3,97.23,291.69,West,UPI
7997,2024-06-05,CUST_01440,Male,51,Home & Kitchen,Wall Clock,1,108.37,108.37,East,Cash
2567,2024-06-05,CUST_00709,Female,30,Beauty,Hair Oil,2,58.49,116.98,West,Cash
5366,2024-06-05,CUST_00825,Female,44,Food,Protein Bar,2,38.36,76.72,South,Credit Card
6044,2024-06-05,CUST_01017,Female,36,Home & Kitchen,Pillow,1,69.15,69.15,North,UPI
8500,2024-06-06,CUST_01360,Male,34,Home & Kitchen,Pillow,1,209.98,209.98,East,Cash
6878,2024-06-06,CUST_01492,Male,36,Sports,Resistance Band,2,62.74,125.48,West,Debit Card
3346,2024-06-06,CUST_01428,Female,27,Home & Kitchen,Cookware Set,1,230.26,230.26,West,Debit Card
8247,2024-06-06,CUST_01594,Male,31,Food,Protein Bar,1,13.12,13.12,South,UPI
8139,2024-06-06,CUST_00462,Female,28,Sports,Cricket Bat,2,110.34,220.68,South,Debit Card
3056,2024-06-06,CUST_00307,Male,33,Food,Dark Chocolate,7,16.12,112.84,South,UPI
3253,2024-06-06,CUST_01011,Male,27,Electronics,Laptop,2,525.52,1051.04,West,UPI
5475,2024-06-06,CUST_01390,Female,22,Clothing,Dress,3,148.57,445.71,South,Cash
2496,2024-06-06,CUST_01536,Male,20,Home & Kitchen,Table Lamp,4,22.2,88.8,South,UPI
7585,2024-06-06,CUST_00425,Female,36,Food,Peanut Butter,2,35.08,70.16,West,Cash
1684,2024-06-06,CUST_00084,Male,19,Clothing,Formal Shirt,2,114.48,228.96,East,Credit Card
9790,2024-06-06,CUST_00864,Male,40,Clothing,Jacket,3,146.6,439.8,East,Credit Card
5549,2024-06-06,CUST_00991,Female,52,Home & Kitchen,Storage Container,3,25.82,77.46,East,UPI
1895,2024-06-06,CUST_00356,Male,25,Electronics,Smartphone,5,596.89,2984.45,West,Cash
3126,2024-06-06,CUST_01913,Female,24,Electronics,Bluetooth Speaker,1,199.35,199.35,East,Debit Card
8601,2024-06-06,CUST_01240,Male,20,Sports,Yoga Mat,1,108.79,108.79,South,UPI
5413,2024-06-07,CUST_01303,Female,38,Home & Kitchen,Blender,3,117.97,353.91,East,UPI
9246,2024-06-07,CUST_00094,Male,68,Electronics,Smartphone,3,224.58,673.74,East,Credit Card
8606,2024-06-07,CUST_01991,Male,55,Home & Kitchen,Blender,5,179.45,897.25,North,UPI
8407,2024-06-07,CUST_00665,Male,41,Food,Organic Honey,6,6.83,40.98,North,Credit Card
7537,2024-06-07,CUST_01392,Male,36,Sports,Running Shoes,2,12.44,24.88,West,Debit Card
2616,2024-06-07,CUST_01844,Male,18,Beauty,Foundation,1,101.76,101.76,South,UPI
8263,2024-06-07,CUST_00923,Female,49,Home & Kitchen,Table Lamp,2,205.73,411.46,West,UPI
8658,2024-06-07,CUST_01059,Female,18,Home & Kitchen,Pillow,3,245.98,737.94,South,Cash
8957,2024-06-07,CUST_01807,Female,42,Clothing,Shorts,7,40.09,280.63,West,UPI
9590,2024-06-08,CUST_00948,Female,25,Electronics,USB Cable,2,759.84,1519.68,South,Cash
7313,2024-06-08,CUST_00584,Male,38,Electronics,Bluetooth Speaker,3,311.22,933.66,South,UPI
1882,2024-06-08,CUST_01712,Male,18,Clothing,Shorts,1,78.04,78.04,North,UPI
3193,2024-06-08,CUST_01833,Male,65,Home & Kitchen,Bedsheet,3,212.09,636.27,West,Debit Card
10524,2024-06-08,CUST_00073,Male,33,Sports,Cricket Bat,4,28.22,112.88,East,Credit Card
1544,2024-06-08,CUST_01672,Male,53,Clothing,Jacket,1,43.03,43.03,East,Credit Card
6612,2024-06-08,CUST_00872,Male,24,Clothing,T-Shirt,1,147.88,147.88,South,Debit Card
8581,2024-06-08,CUST_01438,Female,37,Electronics,Laptop,2,46.27,92.54,South,Credit Card
5669,2024-06-08,CUST_00760,Female,64,Sports,Skipping Rope,7,170.97,1196.79,East,UPI
4029,2024-06-08,CUST_01976,Male,48,Home & Kitchen,Blender,3,172.73,518.19,East,Debit Card
1548,2024-06-08,CUST_01783,Female,24,Food,Granola,6,25.23,151.38,West,Debit Card
10412,2024-06-08,CUST_00222,Female,20,Electronics,Headphones,2,76.11,152.22,East,Debit Card
7120,2024-06-08,CUST_01723,Male,66,Food,Green Tea,1,26.52,26.52,North,UPI
8133,2024-06-08,CUST_00819,Male,30,Clothing,Jeans,1,13.58,13.58,North,Debit Card
4919,2024-06-08,CUST_01890,Female,68,Electronics,Tablet,1,175.99,175.99,South,Debit Card
5031,2024-06-08,CUST_00547,Female,40,Food,Protein Bar,2,15.18,30.36,West,Credit Card
9762,2024-06-08,CUST_00988,Female,55,Clothing,T-Shirt,1,77.4,77.4,East,UPI
5589,2024-06-08,CUST_01753,Female,34,Sports,Dumbbells,4,53.35,213.4,West,Credit Card
4330,2024-06-08,CUST_00111,Male,62,Electronics,Power Bank,4,335.91,1343.64,West,Debit Card
9873,2024-06-08,CUST_01260,Female,66,Food,Mixed Nuts,2,34.19,68.38,North,Credit Card
1419,2024-06-09,CUST_00487,Female,69,Sports,Dumbbells,1,82.48,82.48,North,Cash
7943,2024-06-09,CUST_00688,Female,32,Electronics,Smartphone,1,538.89,538.89,East,Cash
5182,2024-06-09,CUST_01510,Female,46,Clothing,Shorts,5,77.22,386.1,West,UPI
5323,2024-06-09,CUST_01641,Female,38,Beauty,Eye Shadow,2,34.33,68.66,South,Debit Card
2440,2024-06-09,CUST_00768,Female,60,Sports,Resistance Band,1,124.63,124.63,East,UPI
2443,2024-06-09,CUST_01255,Female,61,Home & Kitchen,Pillow,1,84.58,84.58,North,Credit Card
5025,2024-06-09,CUST_00647,Male,26,Beauty,Moisturizer,1,43.09,43.09,North,Credit Card
5023,2024-06-09,CUST_00097,Male,28,Electronics,Bluetooth Speaker,3,31.65,94.95,West,Cash
4001,2024-06-09,CUST_00121,Female,47,Electronics,Headphones,5,308.15,1540.75,South,Cash
10646,2024-06-09,CUST_01309,Male,32,Home & Kitchen,Storage Container,1,79.12,79.12,East,Debit Card
4621,2024-06-09,CUST_01767,Female,47,Clothing,Hoodie,5,62.07,310.35,West,UPI
6928,2024-06-09,CUST_01803,Male,63,Food,Protein Bar,3,35.98,107.94,West,Credit Card
1157,2024-06-09,CUST_01505,Male,70,Home & Kitchen,Blender,4,200.4,801.6,West,Debit Card
3375,2024-06-09,CUST_01714,Female,46,Home & Kitchen,Knife Set,3,108.91,326.73,East,Cash
4127,2024-06-09,CUST_00631,Female,35,Home & Kitchen,Storage Container,3,241.09,723.27,East,UPI
10886,2024-06-09,CUST_00254,Female,69,Electronics,Laptop,2,528.56,1057.12,North,Cash
10952,2024-06-09,CUST_01706,Female,63,Food,Peanut Butter,2,14.41,28.82,South,Cash
4096,2024-06-09,CUST_01518,Female,26,Electronics,Bluetooth Speaker,1,631.52,631.52,South,Cash
4212,2024-06-10,CUST_00140,Female,53,Beauty,Foundation,2,23.09,46.18,North,Debit Card
6747,2024-06-10,CUST_01131,Female,44,Home & Kitchen,Wall Clock,2,237.51,475.02,North,Cash
10341,2024-06-10,CUST_00792,Female,48,Sports,Yoga Mat,1,57.39,57.39,North,UPI
5069,2024-06-10,CUST_00182,Female,27,Beauty,Hair Oil,2,111.26,222.52,West,Debit Card
8371,2024-06-10,CUST_01289,Female,45,Electronics,USB Cable,3,720.22,2160.66,South,Debit Card
4539,2024-06-10,CUST_00726,Female,68,Food,Green Tea,1,32.43,32.43,North,UPI
9631,2024-06-10,CUST_00460,Female,53,Sports,Football,1,150.64,150.64,South,Debit Card
3752,2024-06-10,CUST_00659,Male,54,Electronics,Headphones,5,189.02,945.1,South,Credit Card
5954,2024-06-10,CUST_00383,Male,23,Electronics,Tablet,3,740.61,2221.83,West,Credit Card
4009,2024-06-10,CUST_00532,Female,65,Beauty,Face Wash,3,12.42,37.26,West,UPI
7360,2024-06-10,CUST_00930,Female,57,Beauty,Moisturizer,2,80.04,160.08,East,Credit Card
9451,2024-06-10,CUST_00441,Male,33,Home & Kitchen,Knife Set,3,220.13,660.39,South,Debit Card
4452,2024-06-10,CUST_00540,Female,23,Clothing,Dress,4,62.66,250.64,North,Debit Card
9542,2024-06-10,CUST_01039,Female,30,Beauty,Foundation,5,92.24,461.2,West,UPI
3169,2024-06-11,CUST_01143,Female,29,Electronics,USB Cable,6,515.41,3092.46,East,UPI
5241,2024-06-11,CUST_01463,Female,51,Home & Kitchen,Cookware Set,2,188.19,376.38,South,Cash
4868,2024-06-11,CUST_01236,Male,35,Home & Kitchen,Table Lamp,6,238.47,1430.82,South,UPI
10804,2024-06-11,CUST_00737,Female,21,Sports,Football,1,155.68,155.68,West,Cash
5753,2024-06-11,CUST_00132,Female,65,Food,Protein Bar,4,36.01,144.04,South,Cash
4070,2024-06-11,CUST_01011,Male,27,Home & Kitchen,Storage Container,3,160.3,480.9,West,Credit Card
10184,2024-06-11,CUST_01058,Male,67,Clothing,Jacket,3,103.88,311.64,South,Debit Card
5572,2024-06-11,CUST_00798,Female,31,Beauty,Sunscreen,2,11.12,22.24,North,Cash
5465,2024-06-11,CUST_00742,Male,33,Home & Kitchen,Blender,2,84.07,168.14,North,Credit Card
8586,2024-06-11,CUST_00576,Male,30,Electronics,Smart Watch,2,480.27,960.54,North,Credit Card
7829,2024-06-11,CUST_00165,Male,25,Home & Kitchen,Wall Clock,1,229.91,229.91,South,UPI
6657,2024-06-11,CUST_00682,Male,38,Clothing,Dress,3,59.99,179.97,South,UPI
6652,2024-06-11,CUST_01413,Female,66,Food,Granola,2,14.6,29.2,North,UPI
5072,2024-06-12,CUST_01580,Female,59,Home & Kitchen,Blender,2,110.41,220.82,North,Debit Card
2935,2024-06-12,CUST_00351,Female,60,Beauty,Hair Oil,2,65.47,130.94,South,Debit Card
9197,2024-06-12,CUST_01592,Female,30,Home & Kitchen,Cookware Set,5,27.64,138.2,East,Debit Card
6155,2024-06-12,CUST_01298,Female,67,Beauty,Foundation,1,13.78,13.78,North,UPI
3697,2024-06-12,CUST_00558,Male,27,Clothing,Dress,2,116.2,232.4,West,Debit Card
5431,2024-06-12,CUST_00681,Female,29,Home & Kitchen,Knife Set,2,168.33,336.66,North,Cash
7958,2024-06-12,CUST_01297,Female,20,Clothing,Jacket,4,114.87,459.48,North,Credit Card
10938,2024-06-12,CUST_01263,Male,70,Beauty,Moisturizer,4,5.82,23.28,North,Credit Card
9577,2024-06-12,CUST_00182,Female,27,Electronics,Headphones,2,350.3,700.6,West,Cash
4685,2024-06-12,CUST_00684,Female,57,Home & Kitchen,Table Lamp,1,235.69,235.69,North,Cash
3531,2024-06-12,CUST_01773,Female,62,Home & Kitchen,Storage Container,3,112.38,337.14,South,Cash
1171,2024-06-12,CUST_00868,Female,53,Clothing,Sneakers,3,29.61,88.83,North,Credit Card
4893,2024-06-12,CUST_00975,Female,56,Beauty,Perfume,6,12.3,73.8,West,Cash
4453,2024-06-12,CUST_01998,Female,53,Food,Organic Honey,2,16.2,32.4,South,Cash
4205,2024-06-12,CUST_01510,Female,46,Clothing,Jeans,2,54.04,108.08,West,Cash
8063,2024-06-12,CUST_00943,Female,42,Electronics,Smart Watch,1,246.62,246.62,West,UPI
9015,2024-06-12,CUST_00529,Male,48,Home & Kitchen,Storage Container,6,76.58,459.48,South,Credit Card
5126,2024-06-12,CUST_01644,Female,56,Electronics,Headphones,5,276.77,1383.85,East,Debit Card
2458,2024-06-12,CUST_01923,Male,51,Clothing,Sneakers,5,30.09,150.45,North,Cash
6433,2024-06-12,CUST_01297,Female,20,Sports,Cricket Bat,4,27.95,111.8,North,UPI
6715,2024-06-12,CUST_00598,Female,60,Food,Olive Oil,2,22.37,44.74,North,Credit Card
6735,2024-06-12,CUST_01313,Female,46,Clothing,Jacket,2,52.49,104.98,West,Cash
3405,2024-06-12,CUST_01979,Female,36,Food,Protein Bar,3,15.61,46.83,East,Debit Card
6187,2024-06-12,CUST_01580,Female,59,Sports,Resistance Band,3,131.26,393.78,North,Debit Card
9242,2024-06-12,CUST_00331,Female,31,Home & Kitchen,Blender,5,82.16,410.8,West,Credit Card
7693,2024-06-12,CUST_00230,Female,46,Home & Kitchen,Table Lamp,1,233.94,233.94,East,Cash
8486,2024-06-13,CUST_01341,Female,32,Home & Kitchen,Table Lamp,1,62.89,62.89,West,Cash
3347,2024-06-13,CUST_01307,Female,47,Beauty,Hair Oil,2,72.24,144.48,West,Cash
8696,2024-06-13,CUST_01309,Male,32,Electronics,USB Cable,2,31.92,63.84,East,Debit Card
3664,2024-06-13,CUST_01042,Female,70,Food,Protein Bar,3,26.66,79.98,South,Debit Card
10199,2024-06-13,CUST_01020,Male,55,Home & Kitchen,Storage Container,3,172.94,518.82,East,Debit Card
10823,2024-06-13,CUST_00085,Male,27,Clothing,Dress,1,72.82,72.82,West,Credit Card
2143,2024-06-13,CUST_00957,Male,32,Clothing,Shorts,1,134.95,134.95,South,Credit Card
5647,2024-06-13,CUST_00854,Male,26,Clothing,Dress,3,44.58,133.74,North,Cash
4702,2024-06-13,CUST_01785,Male,30,Beauty,Foundation,4,109.1,436.4,West,Cash
9556,2024-06-14,CUST_01157,Male,55,Home & Kitchen,Bedsheet,2,34.05,68.1,North,Credit Card
5009,2024-06-14,CUST_00121,Female,47,Electronics,Smart Watch,2,662.64,1325.28,South,Cash
2794,2024-06-14,CUST_01130,Female,58,Food,Protein Bar,2,4.96,9.92,North,Cash
2078,2024-06-14,CUST_00568,Male,41,Sports,Resistance Band,5,76.85,384.25,West,Credit Card
2338,2024-06-14,CUST_00987,Male,29,Sports,Running Shoes,1,105.45,105.45,East,Cash
1648,2024-06-14,CUST_00996,Male,45,Sports,Cricket Bat,7,89.25,624.75,East,Cash
3770,2024-06-14,CUST_00068,Male,49,Electronics,Power Bank,1,67.92,67.92,West,UPI
5127,2024-06-14,CUST_01725,Male,59,Food,Protein Bar,2,21.46,42.92,West,Debit Card
7747,2024-06-14,CUST_00602,Male,47,Home & Kitchen,Blender,5,165.5,827.5,North,Cash
4086,2024-06-14,CUST_01747,Male,54,Beauty,Hair Oil,2,27.86,55.72,West,UPI
5558,2024-06-14,CUST_01975,Male,32,Food,Mixed Nuts,5,22.06,110.3,South,Credit Card
9529,2024-06-14,CUST_00714,Female,37,Home & Kitchen,Cookware Set,1,127.96,127.96,North,Credit Card
10898,2024-06-14,CUST_01914,Female,47,Home & Kitchen,Bedsheet,3,65.86,197.58,South,Debit Card
2154,2024-06-14,CUST_00137,Male,28,Sports,Water Bottle,1,159.63,159.63,East,UPI
5679,2024-06-14,CUST_00254,Female,69,Food,Olive Oil,7,28.79,201.53,North,Debit Card
6949,2024-06-14,CUST_01635,Female,39,Clothing,T-Shirt,7,108.0,756.0,South,UPI
2538,2024-06-15,CUST_00931,Male,61,Electronics,USB Cable,2,51.56,103.12,West,Cash
9135,2024-06-15,CUST_00562,Female,29,Beauty,Face Wash,1,109.85,109.85,South,Cash
1710,2024-06-15,CUST_00955,Female,42,Electronics,Laptop,4,595.94,2383.76,West,UPI
6429,2024-06-15,CUST_00942,Male,67,Food,Organic Honey,3,7.49,22.47,South,UPI
8917,2024-06-15,CUST_01069,Female,27,Clothing,Dress,2,94.29,188.58,East,UPI
2218,2024-06-15,CUST_00488,Female,27,Home & Kitchen,Pillow,4,139.03,556.12,North,Credit Card
5626,2024-06-16,CUST_01228,Male,44,Beauty,Hair Oil,2,89.85,179.7,West,UPI
6139,2024-06-16,CUST_00089,Male,35,Sports,Running Shoes,4,22.89,91.56,North,UPI
6736,2024-06-16,CUST_00946,Female,38,Home & Kitchen,Blender,4,185.79,743.16,North,Cash
1374,2024-06-16,CUST_01196,Male,55,Beauty,Eye Shadow,1,35.46,35.46,North,UPI
6598,2024-06-16,CUST_01641,Female,38,Home & Kitchen,Storage Container,2,207.26,414.52,South,Credit Card
5075,2024-06-16,CUST_00564,Male,28,Home & Kitchen,Wall Clock,6,73.41,440.46,South,UPI
5183,2024-06-16,CUST_01963,Female,53,Home & Kitchen,Wall Clock,7,157.62,1103.34,East,Cash
7510,2024-06-16,CUST_01879,Male,31,Beauty,Sunscreen,5,83.83,419.15,North,Credit Card
3588,2024-06-16,CUST_01385,Female,26,Home & Kitchen,Table Lamp,3,30.5,91.5,South,Cash
9085,2024-06-16,CUST_00287,Male,26,Beauty,Face Wash,3,34.88,104.64,South,Debit Card
10744,2024-06-17,CUST_00808,Male,33,Beauty,Face Wash,1,43.53,43.53,North,Debit Card
4840,2024-06-17,CUST_01650,Male,41,Electronics,Smartphone,3,716.07,2148.21,North,Cash
10461,2024-06-17,CUST_00290,Female,64,Electronics,Bluetooth Speaker,5,669.22,3346.1,South,Cash
5406,2024-06-17,CUST_01299,Female,19,Clothing,Jacket,3,73.52,220.56,West,Debit Card
6693,2024-06-17,CUST_01232,Male,49,Home & Kitchen,Wall Clock,1,67.26,67.26,North,Debit Card
7401,2024-06-17,CUST_00277,Male,24,Electronics,Smartphone,3,452.86,1358.58,West,Debit Card
6996,2024-06-17,CUST_00675,Female,56,Food,Green Tea,1,19.94,19.94,South,Debit Card
2135,2024-06-17,CUST_01635,Female,39,Electronics,Bluetooth Speaker,4,48.89,195.56,South,UPI
2450,2024-06-17,CUST_01993,Male,52,Home & Kitchen,Storage Container,3,241.57,724.71,West,Debit Card
2207,2024-06-17,CUST_01116,Female,48,Clothing,Sneakers,2,56.66,113.32,North,Debit Card
5888,2024-06-17,CUST_01362,Male,57,Clothing,T-Shirt,2,65.7,131.4,West,UPI
1039,2024-06-17,CUST_00560,Male,68,Electronics,Power Bank,1,612.92,612.92,West,Cash
9168,2024-06-18,CUST_01250,Female,52,Beauty,Moisturizer,1,99.23,99.23,West,UPI
1505,2024-06-18,CUST_01788,Female,60,Food,Dark Chocolate,3,12.45,37.35,South,UPI
6937,2024-06-18,CUST_01534,Female,27,Beauty,Perfume,2,87.8,175.6,North,Credit Card
2255,2024-06-18,CUST_00504,Male,50,Food,Green Tea,1,31.98,31.98,North,Debit Card
4023,2024-06-18,CUST_01215,Female,37,Home & Kitchen,Pillow,2,124.76,249.52,East,Credit Card
7649,2024-06-18,CUST_00054,Female,19,Beauty,Lipstick,1,93.01,93.01,East,Debit Card
4180,2024-06-18,CUST_00866,Female,19,Clothing,T-Shirt,4,120.25,481.0,North,UPI
9074,2024-06-18,CUST_01080,Female,69,Home & Kitchen,Cookware Set,3,202.5,607.5,West,UPI
6471,2024-06-19,CUST_01039,Female,30,Electronics,Headphones,1,385.67,385.67,West,Cash
10208,2024-06-19,CUST_01387,Male,44,Electronics,Smartphone,2,370.91,741.82,West,Cash
10401,2024-06-19,CUST_01283,Male,32,Electronics,Tablet,4,616.09,2464.36,South,UPI
9805,2024-06-19,CUST_01615,Female,29,Electronics,Headphones,2,278.29,556.58,North,Cash
3171,2024-06-19,CUST_01534,Female,27,Electronics,Smart Watch,3,436.79,1310.37,North,UPI
9630,2024-06-19,CUST_00076,Male,39,Home & Kitchen,Wall Clock,1,122.35,122.35,East,Cash
8399,2024-06-19,CUST_01701,Female,33,Clothing,T-Shirt,4,86.32,345.28,East,Credit Card
10263,2024-06-19,CUST_01609,Male,35,Home & Kitchen,Table Lamp,5,104.55,522.75,West,Debit Card
3334,2024-06-19,CUST_00740,Male,27,Electronics,Power Bank,4,244.6,978.4,South,Credit Card
3628,2024-06-19,CUST_01935,Female,67,Electronics,Smartphone,2,109.81,219.62,West,Cash
10360,2024-06-19,CUST_00395,Female,42,Home & Kitchen,Table Lamp,4,69.05,276.2,West,Debit Card
7462,2024-06-19,CUST_00172,Female,36,Beauty,Face Wash,5,92.54,462.7,East,Credit Card
10737,2024-06-19,CUST_00754,Female,36,Home & Kitchen,Cookware Set,3,99.22,297.66,East,Debit Card
9002,2024-06-19,CUST_01422,Male,27,Electronics,Smart Watch,2,183.86,367.72,South,Debit Card
6750,2024-06-19,CUST_00438,Male,35,Home & Kitchen,Knife Set,1,228.54,228.54,East,UPI
3519,2024-06-20,CUST_01854,Female,42,Food,Organic Honey,3,17.2,51.6,West,UPI
4270,2024-06-20,CUST_00036,Female,51,Food,Peanut Butter,3,9.88,29.64,East,UPI
6411,2024-06-20,CUST_00434,Female,21,Electronics,Headphones,1,793.17,793.17,North,UPI
10746,2024-06-20,CUST_00109,Male,38,Beauty,Moisturizer,1,92.92,92.92,North,UPI
8983,2024-06-20,CUST_00763,Female,25,Beauty,Sunscreen,1,89.76,89.76,East,Cash
2777,2024-06-20,CUST_01734,Female,62,Home & Kitchen,Knife Set,3,164.16,492.48,East,Credit Card
3390,2024-06-20,CUST_01073,Male,18,Home & Kitchen,Pillow,4,68.15,272.6,East,Credit Card
2187,2024-06-20,CUST_00153,Male,33,Clothing,Jacket,3,42.66,127.98,North,Credit Card
1987,2024-06-20,CUST_00779,Male,40,Food,Mixed Nuts,3,22.34,67.02,South,Cash
3411,2024-06-20,CUST_00573,Male,23,Electronics,Bluetooth Speaker,3,550.02,1650.06,East,Debit Card
8385,2024-06-20,CUST_00134,Female,30,Clothing,Jeans,1,27.07,27.07,North,Credit Card
9607,2024-06-20,CUST_00187,Female,35,Food,Mixed Nuts,2,39.1,78.2,North,UPI
8752,2024-06-20,CUST_01782,Male,48,Home & Kitchen,Cookware Set,1,232.66,232.66,North,Debit Card
9514,2024-06-20,CUST_01784,Female,55,Home & Kitchen,Cookware Set,6,121.97,731.82,West,UPI
10617,2024-06-20,CUST_00799,Female,44,Home & Kitchen,Bedsheet,1,197.46,197.46,North,Debit Card
4929,2024-06-20,CUST_00635,Male,54,Food,Mixed Nuts,2,33.76,67.52,North,Credit Card
2626,2024-06-21,CUST_01201,Female,21,Beauty,Foundation,1,55.39,55.39,North,UPI
2457,2024-06-21,CUST_00900,Male,26,Beauty,Perfume,4,47.17,188.68,East,Cash
8646,2024-06-21,CUST_01476,Female,66,Home & Kitchen,Pillow,3,170.34,511.02,West,Cash
2294,2024-06-21,CUST_00577,Female,39,Electronics,Headphones,6,275.83,1654.98,South,UPI
2881,2024-06-21,CUST_00685,Female,21,Home & Kitchen,Knife Set,4,35.45,141.8,North,UPI
10472,2024-06-21,CUST_00798,Female,31,Clothing,Formal Shirt,4,22.5,90.0,North,UPI
5890,2024-06-21,CUST_01896,Male,27,Clothing,T-Shirt,3,52.61,157.83,East,UPI
8698,2024-06-21,CUST_01940,Male,26,Clothing,Sneakers,2,15.2,30.4,East,Debit Card
5052,2024-06-21,CUST_01964,Female,56,Beauty,Eye Shadow,1,7.79,7.79,South,UPI
9886,2024-06-21,CUST_01815,Female,25,Home & Kitchen,Cookware Set,5,184.4,922.0,West,UPI
10240,2024-06-21,CUST_00159,Male,42,Electronics,Smart Watch,1,172.48,172.48,South,Credit Card
8422,2024-06-21,CUST_01101,Male,49,Home & Kitchen,Storage Container,5,119.89,599.45,West,Debit Card
5219,2024-06-21,CUST_01618,Female,29,Home & Kitchen,Bedsheet,3,224.34,673.02,East,Credit Card
9854,2024-06-21,CUST_01157,Male,55,Beauty,Foundation,4,114.98,459.92,North,Cash
9446,2024-06-21,CUST_01590,Male,57,Food,Protein Bar,3,16.86,50.58,North,Debit Card
8093,2024-06-21,CUST_00014,Male,49,Home & Kitchen,Pillow,3,199.04,597.12,North,Cash
1610,2024-06-22,CUST_00681,Female,29,Home & Kitchen,Storage Container,2,101.79,203.58,North,UPI
5624,2024-06-22,CUST_01794,Male,48,Clothing,Dress,1,119.52,119.52,North,Cash
8624,2024-06-22,CUST_00963,Female,40,Electronics,USB Cable,4,788.95,3155.8,East,Credit Card
4754,2024-06-22,CUST_01505,Male,70,Food,Dark Chocolate,2,20.87,41.74,West,UPI
1177,2024-06-22,CUST_00852,Female,41,Clothing,Sneakers,1,123.05,123.05,West,Debit Card
9718,2024-06-22,CUST_01358,Female,23,Clothing,T-Shirt,3,14.92,44.76,East,Debit Card
4458,2024-06-22,CUST_01772,Male,66,Food,Green Tea,1,4.61,4.61,West,UPI
5827,2024-06-22,CUST_01253,Female,25,Clothing,Shorts,1,88.61,88.61,South,Debit Card
10563,2024-06-22,CUST_01616,Female,26,Sports,Running Shoes,2,155.04,310.08,South,Debit Card
8402,2024-06-22,CUST_00583,Female,44,Clothing,Jeans,3,29.1,87.3,North,Credit Card
4257,2024-06-23,CUST_00471,Female,29,Sports,Running Shoes,2,182.71,365.42,North,Cash
6533,2024-06-23,CUST_01299,Female,19,Home & Kitchen,Bedsheet,2,118.8,237.6,West,Credit Card
6485,2024-06-23,CUST_01242,Male,68,Electronics,Power Bank,4,87.88,351.52,North,UPI
10865,2024-06-23,CUST_00764,Male,69,Electronics,Tablet,2,43.38,86.76,West,Credit Card
4363,2024-06-23,CUST_01292,Male,34,Food,Mixed Nuts,1,28.91,28.91,East,Debit Card
6237,2024-06-23,CUST_01527,Male,30,Clothing,Dress,2,41.8,83.6,West,UPI
3373,2024-06-23,CUST_01734,Female,62,Food,Olive Oil,2,21.42,42.84,East,Debit Card
2725,2024-06-23,CUST_00148,Female,65,Electronics,USB Cable,4,286.38,1145.52,North,Cash
7628,2024-06-23,CUST_00930,Female,57,Food,Organic Honey,3,5.84,17.52,East,Credit Card
8668,2024-06-23,CUST_00431,Male,24,Electronics,Power Bank,5,292.42,1462.1,North,Cash
6350,2024-06-23,CUST_00817,Female,53,Food,Protein Bar,1,33.44,33.44,East,Debit Card
2447,2024-06-23,CUST_01755,Male,67,Beauty,Perfume,3,81.2,243.6,East,Debit Card
4811,2024-06-23,CUST_00268,Male,48,Electronics,Power Bank,3,583.99,1751.97,South,Cash
8119,2024-06-23,CUST_00762,Female,46,Home & Kitchen,Table Lamp,3,97.68,293.04,North,Cash
5457,2024-06-23,CUST_00005,Female,65,Home & Kitchen,Storage Container,2,71.4,142.8,North,Credit Card
2591,2024-06-23,CUST_01920,Female,36,Home & Kitchen,Cookware Set,2,124.86,249.72,South,Debit Card
7195,2024-06-23,CUST_00415,Female,35,Clothing,Shorts,1,83.62,83.62,East,Debit Card
8838,2024-06-23,CUST_01201,Female,21,Clothing,T-Shirt,1,97.24,97.24,North,UPI
5585,2024-06-23,CUST_01933,Female,67,Food,Peanut Butter,2,18.1,36.2,West,Credit Card
6746,2024-06-23,CUST_01020,Male,55,Home & Kitchen,Storage Container,3,148.14,444.42,East,UPI
3521,2024-06-23,CUST_01814,Male,65,Home & Kitchen,Knife Set,1,230.93,230.93,East,Debit Card
1212,2024-06-23,CUST_00559,Male,31,Sports,Water Bottle,2,118.17,236.34,East,Debit Card
2007,2024-06-23,CUST_01013,Female,69,Beauty,Sunscreen,2,97.1,194.2,South,Credit Card
5081,2024-06-23,CUST_00828,Male,38,Clothing,Shorts,4,62.93,251.72,East,UPI
6478,2024-06-24,CUST_00046,Female,34,Clothing,Formal Shirt,2,98.25,196.5,North,Debit Card
3179,2024-06-24,CUST_00236,Female,44,Home & Kitchen,Cookware Set,2,33.58,67.16,East,UPI
9009,2024-06-24,CUST_01602,Male,55,Beauty,Moisturizer,4,85.54,342.16,South,UPI
1781,2024-06-24,CUST_01730,Male,48,Electronics,Bluetooth Speaker,4,300.11,1200.44,West,UPI
9292,2024-06-24,CUST_01809,Female,67,Electronics,Laptop,5,242.39,1211.95,West,Credit Card
5189,2024-06-24,CUST_01173,Male,67,Food,Protein Bar,4,20.73,82.92,South,Credit Card
8343,2024-06-24,CUST_00985,Female,19,Electronics,Tablet,1,387.73,387.73,East,Debit Card
7394,2024-06-24,CUST_00246,Male,26,Clothing,T-Shirt,5,65.24,326.2,West,Debit Card
2215,2024-06-24,CUST_01623,Male,38,Food,Protein Bar,2,36.73,73.46,South,Cash
7685,2024-06-24,CUST_00967,Male,20,Beauty,Lipstick,2,81.73,163.46,South,UPI
4214,2024-06-24,CUST_01983,Female,19,Clothing,Dress,6,122.38,734.28,East,Cash
3892,2024-06-24,CUST_01634,Female,30,Electronics,Laptop,1,669.33,669.33,West,Credit Card
9054,2024-06-24,CUST_00556,Female,53,Electronics,Laptop,2,371.48,742.96,West,Cash
2488,2024-06-25,CUST_00312,Female,54,Clothing,Hoodie,7,49.28,344.96,East,UPI
3956,2024-06-25,CUST_00908,Female,60,Beauty,Perfume,2,11.21,22.42,South,Credit Card
5492,2024-06-25,CUST_00861,Female,21,Electronics,Smartphone,3,713.14,2139.42,South,Credit Card
9866,2024-06-25,CUST_00168,Female,42,Home & Kitchen,Storage Container,6,210.27,1261.62,West,Credit Card
6364,2024-06-25,CUST_00234,Male,68,Food,Organic Honey,2,35.06,70.12,West,Cash
2680,2024-06-25,CUST_01187,Female,43,Food,Mixed Nuts,3,15.11,45.33,North,Cash
2271,2024-06-25,CUST_01164,Male,23,Clothing,Dress,4,95.32,381.28,North,Debit Card
1482,2024-06-25,CUST_00378,Male,26,Clothing,Dress,3,90.05,270.15,North,Debit Card
10377,2024-06-25,CUST_01394,Female,42,Home & Kitchen,Pillow,4,242.75,971.0,South,Credit Card
10242,2024-06-25,CUST_00272,Female,31,Home & Kitchen,Wall Clock,7,135.7,949.9,East,Credit Card
4370,2024-06-25,CUST_01664,Male,70,Food,Protein Bar,3,14.58,43.74,East,Credit Card
10632,2024-06-25,CUST_01733,Male,46,Home & Kitchen,Bedsheet,6,63.29,379.74,North,UPI
2921,2024-06-25,CUST_01708,Male,37,Clothing,Shorts,3,53.35,160.05,South,UPI
10783,2024-06-25,CUST_00872,Male,24,Clothing,Jacket,2,142.73,285.46,South,Credit Card
10331,2024-06-25,CUST_01148,Male,68,Clothing,Dress,5,23.66,118.3,South,UPI
2718,2024-06-25,CUST_00488,Female,27,Clothing,Hoodie,2,14.49,28.98,North,Debit Card
1992,2024-06-25,CUST_01676,Female,45,Home & Kitchen,Bedsheet,2,99.1,198.2,West,Cash
9453,2024-06-25,CUST_01117,Female,22,Food,Mixed Nuts,1,36.58,36.58,East,UPI
2587,2024-06-25,CUST_00291,Female,46,Home & Kitchen,Cookware Set,2,40.27,80.54,East,Debit Card
2036,2024-06-26,CUST_00362,Female,70,Home & Kitchen,Blender,4,152.93,611.72,North,UPI
9270,2024-06-26,CUST_01188,Female,19,Electronics,USB Cable,4,112.07,448.28,East,Debit Card
9322,2024-06-26,CUST_00492,Female,18,Clothing,Sneakers,3,149.14,447.42,East,UPI
5878,2024-06-26,CUST_00231,Male,47,Home & Kitchen,Bedsheet,1,113.96,113.96,North,Debit Card
4459,2024-06-26,CUST_01773,Female,62,Beauty,Eye Shadow,2,60.68,121.36,South,UPI
2109,2024-06-26,CUST_01301,Female,51,Sports,Dumbbells,5,195.22,976.1,North,Credit Card
9986,2024-06-26,CUST_01042,Female,70,Home & Kitchen,Wall Clock,2,139.59,279.18,South,Credit Card
7567,2024-06-26,CUST_01941,Male,35,Food,Olive Oil,2,8.69,17.38,West,UPI
6567,2024-06-26,CUST_01928,Female,64,Electronics,Power Bank,4,798.97,3195.88,West,UPI
4357,2024-06-26,CUST_01448,Male,18,Clothing,Jeans,2,26.35,52.7,East,Debit Card
1316,2024-06-26,CUST_01506,Male,43,Clothing,T-Shirt,3,65.06,195.18,South,Credit Card
4244,2024-06-26,CUST_01083,Female,39,Home & Kitchen,Wall Clock,1,88.33,88.33,South,Credit Card
1799,2024-06-26,CUST_00291,Female,46,Home & Kitchen,Table Lamp,3,183.15,549.45,East,UPI
10559,2024-06-26,CUST_01744,Male,62,Beauty,Eye Shadow,2,104.7,209.4,West,Cash
1258,2024-06-26,CUST_00457,Male,45,Home & Kitchen,Knife Set,2,142.65,285.3,North,Credit Card
1382,2024-06-26,CUST_01113,Female,35,Sports,Skipping Rope,2,187.91,375.82,South,Credit Card
6253,2024-06-26,CUST_01436,Male,54,Food,Green Tea,1,7.06,7.06,South,Credit Card
5670,2024-06-26,CUST_01067,Male,21,Beauty,Moisturizer,1,36.59,36.59,South,Cash
1267,2024-06-26,CUST_00804,Female,37,Sports,Cricket Bat,3,110.69,332.07,North,Credit Card
5013,2024-06-26,CUST_00242,Female,63,Home & Kitchen,Storage Container,2,116.69,233.38,East,UPI
10816,2024-06-26,CUST_00022,Male,52,Home & Kitchen,Pillow,2,14.25,28.5,East,Credit Card
3104,2024-06-26,CUST_01610,Female,55,Beauty,Lipstick,1,116.07,116.07,East,Credit Card
2153,2024-06-27,CUST_01338,Male,67,Food,Protein Bar,2,34.44,68.88,East,Credit Card
7191,2024-06-27,CUST_00311,Female,27,Beauty,Lipstick,1,72.37,72.37,East,Debit Card
8852,2024-06-27,CUST_01615,Female,29,Electronics,Smart Watch,5,290.07,1450.35,North,UPI
10672,2024-06-27,CUST_00194,Female,39,Home & Kitchen,Storage Container,1,162.6,162.6,East,Credit Card
2021,2024-06-27,CUST_00171,Male,24,Electronics,USB Cable,6,389.12,2334.72,South,Credit Card
1501,2024-06-27,CUST_01949,Female,68,Home & Kitchen,Bedsheet,5,128.38,641.9,East,UPI
3952,2024-06-27,CUST_00598,Female,60,Food,Organic Honey,2,9.95,19.9,North,Debit Card
10514,2024-06-27,CUST_00717,Male,58,Food,Olive Oil,1,27.76,27.76,West,UPI
9888,2024-06-27,CUST_01515,Female,46,Clothing,T-Shirt,1,145.89,145.89,South,Credit Card
5123,2024-06-27,CUST_01746,Female,51,Electronics,Smart Watch,1,59.73,59.73,South,Credit Card
7929,2024-06-27,CUST_01599,Male,43,Clothing,Jeans,3,119.6,358.8,North,Debit Card
10611,2024-06-28,CUST_01647,Female,50,Electronics,Bluetooth Speaker,2,43.07,86.14,West,UPI
4380,2024-06-28,CUST_00699,Male,30,Clothing,Sneakers,4,127.18,508.72,East,Debit Card
7630,2024-06-28,CUST_00446,Female,37,Home & Kitchen,Blender,3,243.36,730.08,East,Cash
8164,2024-06-28,CUST_00258,Female,69,Sports,Skipping Rope,4,51.69,206.76,North,Debit Card
10243,2024-06-28,CUST_01268,Female,49,Home & Kitchen,Knife Set,1,78.92,78.92,East,Debit Card
4474,2024-06-28,CUST_01928,Female,64,Clothing,T-Shirt,2,148.72,297.44,West,Debit Card
3966,2024-06-29,CUST_01642,Female,59,Food,Green Tea,2,14.85,29.7,South,Debit Card
1436,2024-06-29,CUST_00180,Male,21,Electronics,Headphones,2,207.5,415.0,South,Debit Card
5190,2024-06-29,CUST_00188,Female,69,Home & Kitchen,Table Lamp,7,75.88,531.16,South,Debit Card
6192,2024-06-29,CUST_01947,Female,41,Home & Kitchen,Table Lamp,1,22.45,22.45,North,Debit Card
6114,2024-06-29,CUST_01139,Female,45,Electronics,USB Cable,1,160.87,160.87,West,Debit Card
10433,2024-06-29,CUST_00827,Female,70,Beauty,Eye Shadow,2,116.93,233.86,North,Debit Card
7045,2024-06-29,CUST_01253,Female,25,Electronics,Tablet,4,297.63,1190.52,South,Debit Card
6233,2024-06-29,CUST_00315,Female,43,Sports,Dumbbells,4,128.92,515.68,South,UPI
4085,2024-06-29,CUST_01131,Female,44,Home & Kitchen,Knife Set,1,231.12,231.12,North,UPI
8536,2024-06-29,CUST_01780,Female,64,Clothing,Jacket,1,16.83,16.83,East,Credit Card
10185,2024-06-30,CUST_00206,Male,62,Home & Kitchen,Pillow,1,182.08,182.08,West,UPI
7116,2024-06-30,CUST_00693,Female,24,Clothing,T-Shirt,1,99.79,99.79,North,UPI
10094,2024-06-30,CUST_00653,Male,59,Sports,Resistance Band,5,95.61,478.05,South,Credit Card
4245,2024-06-30,CUST_01259,Female,25,Clothing,Shorts,2,71.25,142.5,West,Cash
5231,2024-06-30,CUST_01825,Female,40,Electronics,Smartphone,4,177.36,709.44,West,Debit Card
3314,2024-06-30,CUST_01640,Female,49,Beauty,Hair Oil,4,30.84,123.36,West,Debit Card
1279,2024-06-30,CUST_01881,Female,66,Home & Kitchen,Storage Container,2,167.61,335.22,West,UPI
3640,2024-06-30,CUST_01913,Female,24,Electronics,Smartphone,5,521.14,2605.7,East,Debit Card
5239,2024-06-30,CUST_00867,Female,38,Clothing,T-Shirt,3,120.26,360.78,East,Debit Card
9237,2024-06-30,CUST_01559,Male,43,Electronics,Headphones,2,434.6,869.2,East,UPI
6584,2024-06-30,CUST_01777,Male,42,Home & Kitchen,Blender,4,196.31,785.24,North,Cash
3268,2024-06-30,CUST_00597,Male,44,Electronics,Laptop,4,788.66,3154.64,North,UPI
7959,2024-06-30,CUST_01729,Female,26,Clothing,Sneakers,5,21.46,107.3,East,UPI
1268,2024-06-30,CUST_01469,Female,23,Beauty,Face Wash,3,90.59,271.77,North,Debit Card
6474,2024-06-30,CUST_01871,Male,45,Home & Kitchen,Pillow,2,48.5,97.0,East,Debit Card
2282,2024-06-30,CUST_00459,Male,27,Clothing,Shorts,3,124.13,372.39,South,UPI
1138,2024-07-01,CUST_00611,Female,44,Clothing,Formal Shirt,2,105.82,211.64,North,Cash
3221,2024-07-01,CUST_00741,Female,18,Beauty,Foundation,4,53.56,214.24,West,Credit Card
1561,2024-07-01,CUST_00515,Male,37,Electronics,Power Bank,1,105.94,105.94,South,UPI
9396,2024-07-01,CUST_01010,Female,39,Home & Kitchen,Table Lamp,1,179.03,179.03,North,Credit Card
1338,2024-07-01,CUST_00239,Female,21,Beauty,Sunscreen,2,89.78,179.56,East,Cash
6667,2024-07-01,CUST_01618,Female,29,Sports,Skipping Rope,2,27.68,55.36,East,Debit Card
6455,2024-07-01,CUST_01183,Male,32,Clothing,Formal Shirt,3,30.06,90.18,East,Debit Card
3632,2024-07-01,CUST_01218,Male,59,Electronics,Smart Watch,3,728.51,2185.53,East,UPI
3979,2024-07-01,CUST_01235,Female,48,Home & Kitchen,Table Lamp,5,163.8,819.0,North,Debit Card
9142,2024-07-01,CUST_01832,Female,22,Sports,Yoga Mat,2,34.65,69.3,South,UPI
8550,2024-07-01,CUST_00312,Female,54,Beauty,Eye Shadow,1,119.07,119.07,East,Debit Card
10244,2024-07-01,CUST_00597,Male,44,Home & Kitchen,Blender,1,135.23,135.23,North,Debit Card
7201,2024-07-01,CUST_00046,Female,34,Clothing,Hoodie,2,132.25,264.5,North,Cash
8324,2024-07-01,CUST_00665,Male,41,Home & Kitchen,Bedsheet,3,63.82,191.46,North,Cash
4466,2024-07-02,CUST_01209,Male,62,Home & Kitchen,Wall Clock,5,143.75,718.75,North,Credit Card
4153,2024-07-02,CUST_01305,Male,63,Sports,Cricket Bat,1,139.57,139.57,North,Cash
9476,2024-07-02,CUST_01341,Female,32,Clothing,Jeans,1,106.94,106.94,West,Debit Card
2438,2024-07-02,CUST_00024,Female,37,Food,Olive Oil,1,30.25,30.25,East,Credit Card
3983,2024-07-02,CUST_01049,Female,54,Electronics,Smartphone,1,671.42,671.42,West,Cash
5645,2024-07-02,CUST_01291,Female,32,Food,Mixed Nuts,3,32.15,96.45,East,Cash
8580,2024-07-02,CUST_01584,Male,39,Home & Kitchen,Storage Container,5,218.4,1092.0,West,Debit Card
8361,2024-07-02,CUST_01832,Female,22,Clothing,Shorts,3,27.03,81.09,South,UPI
4046,2024-07-02,CUST_01443,Male,48,Sports,Running Shoes,4,121.39,485.56,East,Debit Card
9044,2024-07-02,CUST_01628,Female,64,Food,Mixed Nuts,7,36.88,258.16,North,Cash
5769,2024-07-03,CUST_01313,Female,46,Clothing,Sneakers,2,84.91,169.82,West,Cash
1075,2024-07-03,CUST_00452,Male,40,Food,Peanut Butter,2,15.66,31.32,South,UPI
2015,2024-07-03,CUST_00283,Male,26,Sports,Cricket Bat,7,150.44,1053.08,South,UPI
8349,2024-07-03,CUST_01239,Female,50,Food,Green Tea,1,21.24,21.24,West,Credit Card
10669,2024-07-03,CUST_00861,Female,21,Food,Protein Bar,4,27.74,110.96,South,Cash
2400,2024-07-03,CUST_00751,Male,59,Home & Kitchen,Cookware Set,1,204.5,204.5,East,Debit Card
8897,2024-07-03,CUST_01843,Male,39,Clothing,Shorts,1,119.41,119.41,West,UPI
4713,2024-07-03,CUST_00993,Female,26,Home & Kitchen,Cookware Set,2,54.88,109.76,North,UPI
2300,2024-07-03,CUST_01124,Female,19,Clothing,Hoodie,1,149.63,149.63,East,Debit Card
4071,2024-07-03,CUST_01050,Female,60,Clothing,T-Shirt,1,45.13,45.13,West,UPI
3389,2024-07-03,CUST_00451,Male,70,Home & Kitchen,Blender,1,187.51,187.51,South,Debit Card
1439,2024-07-03,CUST_01856,Male,28,Beauty,Face Wash,2,6.14,12.28,West,Credit Card
6012,2024-07-03,CUST_00217,Female,27,Sports,Yoga Mat,2,140.28,280.56,South,Debit Card
7576,2024-07-03,CUST_00137,Male,28,Clothing,Jacket,1,44.2,44.2,East,UPI
7222,2024-07-04,CUST_01017,Female,36,Electronics,Headphones,6,557.91,3347.46,North,Debit Card
5974,2024-07-04,CUST_01241,Male,21,Home & Kitchen,Storage Container,5,128.51,642.55,South,Debit Card
2190,2024-07-04,CUST_01596,Female,34,Food,Mixed Nuts,2,32.86,65.72,East,UPI
9047,2024-07-04,CUST_01432,Male,20,Beauty,Eye Shadow,4,5.15,20.6,West,UPI
10313,2024-07-04,CUST_01167,Male,45,Electronics,Power Bank,2,78.83,157.66,North,Credit Card
4435,2024-07-04,CUST_00476,Female,32,Sports,Dumbbells,1,23.75,23.75,West,Cash
6514,2024-07-04,CUST_00772,Male,23,Sports,Cricket Bat,2,60.88,121.76,West,UPI
3759,2024-07-04,CUST_01902,Female,68,Electronics,Tablet,5,222.01,1110.05,East,UPI
3562,2024-07-04,CUST_00732,Female,57,Electronics,USB Cable,1,262.52,262.52,East,Credit Card
9667,2024-07-04,CUST_01612,Female,59,Home & Kitchen,Cookware Set,1,218.64,218.64,East,Credit Card
8446,2024-07-04,CUST_01363,Female,38,Beauty,Moisturizer,3,96.71,290.13,North,UPI
1801,2024-07-04,CUST_01101,Male,49,Electronics,Bluetooth Speaker,1,55.94,55.94,West,Debit Card
1010,2024-07-04,CUST_00589,Female,46,Home & Kitchen,Knife Set,2,133.17,266.34,East,UPI
3048,2024-07-04,CUST_01669,Male,49,Beauty,Lipstick,1,101.95,101.95,South,UPI
2944,2024-07-04,CUST_01935,Female,67,Home & Kitchen,Cookware Set,2,240.5,481.0,West,Credit Card
3609,2024-07-04,CUST_00643,Female,33,Beauty,Moisturizer,4,61.71,246.84,South,Cash
2650,2024-07-05,CUST_00051,Female,51,Beauty,Face Wash,4,82.0,328.0,North,Debit Card
7089,2024-07-05,CUST_01502,Male,69,Food,Dark Chocolate,2,30.02,60.04,East,Debit Card
6286,2024-07-05,CUST_01763,Female,22,Electronics,Headphones,1,792.57,792.57,West,UPI
8980,2024-07-05,CUST_01876,Male,35,Sports,Yoga Mat,4,141.56,566.24,North,Cash
2541,2024-07-05,CUST_01271,Male,34,Sports,Yoga Mat,1,48.97,48.97,East,Credit Card
9816,2024-07-05,CUST_00169,Male,22,Sports,Resistance Band,1,152.39,152.39,South,Cash
9303,2024-07-05,CUST_00684,Female,57,Home & Kitchen,Bedsheet,2,141.16,282.32,North,Cash
3935,2024-07-05,CUST_00215,Male,39,Home & Kitchen,Bedsheet,3,24.85,74.55,South,Credit Card
2305,2024-07-05,CUST_00051,Female,51,Food,Peanut Butter,3,23.59,70.77,North,Cash
2151,2024-07-05,CUST_01651,Male,29,Clothing,Jacket,4,87.0,348.0,West,UPI
7713,2024-07-05,CUST_00307,Male,33,Beauty,Hair Oil,1,81.49,81.49,South,Cash
5666,2024-07-05,CUST_00992,Female,41,Sports,Dumbbells,1,130.91,130.91,South,UPI
6823,2024-07-05,CUST_00686,Male,37,Beauty,Moisturizer,2,93.7,187.4,North,UPI
4313,2024-07-05,CUST_01681,Male,36,Electronics,Smartphone,7,220.35,1542.45,West,Cash
4974,2024-07-05,CUST_00391,Male,70,Beauty,Foundation,3,54.5,163.5,West,Credit Card
8772,2024-07-05,CUST_00763,Female,25,Beauty,Moisturizer,3,31.43,94.29,East,Debit Card
10032,2024-07-06,CUST_00184,Male,65,Home & Kitchen,Storage Container,6,123.35,740.1,South,Cash
6556,2024-07-06,CUST_01651,Male,29,Electronics,Laptop,3,129.6,388.8,West,Credit Card
6913,2024-07-06,CUST_00617,Male,37,Home & Kitchen,Cookware Set,7,47.19,330.33,South,UPI
7350,2024-07-06,CUST_00982,Female,28,Clothing,Sneakers,5,113.41,567.05,West,Credit Card
7820,2024-07-06,CUST_01230,Female,26,Clothing,Shorts,1,141.09,141.09,East,UPI
9678,2024-07-06,CUST_01729,Female,26,Electronics,USB Cable,2,513.02,1026.04,East,Cash
3143,2024-07-06,CUST_01829,Male,20,Electronics,USB Cable,1,731.29,731.29,West,UPI
10129,2024-07-06,CUST_01643,Male,49,Home & Kitchen,Wall Clock,1,215.55,215.55,East,UPI
8165,2024-07-06,CUST_01886,Female,59,Beauty,Face Wash,2,92.82,185.64,West,Cash
10844,2024-07-06,CUST_00030,Male,32,Clothing,T-Shirt,1,135.35,135.35,North,Debit Card
9241,2024-07-06,CUST_00584,Male,38,Clothing,Jeans,2,71.66,143.32,South,Debit Card
3791,2024-07-07,CUST_00418,Female,34,Clothing,T-Shirt,3,85.59,256.77,East,Debit Card
3153,2024-07-07,CUST_00197,Male,69,Clothing,Jacket,1,143.26,143.26,West,Cash
1215,2024-07-07,CUST_00198,Female,53,Food,Protein Bar,2,27.07,54.14,North,UPI
9157,2024-07-07,CUST_01269,Male,37,Home & Kitchen,Pillow,3,121.09,363.27,South,UPI
6679,2024-07-07,CUST_01051,Female,62,Food,Peanut Butter,1,21.1,21.1,North,Debit Card
8922,2024-07-07,CUST_01600,Male,67,Electronics,Tablet,1,680.86,680.86,South,Credit Card
5153,2024-07-07,CUST_00767,Female,33,Clothing,Sneakers,1,16.95,16.95,East,UPI
3635,2024-07-08,CUST_01147,Male,53,Electronics,USB Cable,3,231.1,693.3,East,Debit Card
7037,2024-07-08,CUST_00241,Male,26,Electronics,Smartphone,3,305.72,917.16,West,Debit Card
3673,2024-07-08,CUST_01891,Female,22,Electronics,Smartphone,2,598.53,1197.06,South,Credit Card
7556,2024-07-08,CUST_00925,Male,22,Electronics,Tablet,1,36.03,36.03,West,UPI
9513,2024-07-08,CUST_01310,Female,50,Clothing,Sneakers,1,48.94,48.94,West,Cash
1631,2024-07-08,CUST_00222,Female,20,Clothing,T-Shirt,6,121.29,727.74,East,Debit Card
7284,2024-07-08,CUST_01478,Male,68,Food,Mixed Nuts,5,13.51,67.55,East,Credit Card
8764,2024-07-08,CUST_00416,Male,49,Clothing,Shorts,3,63.26,189.78,South,Credit Card
1092,2024-07-08,CUST_00319,Male,26,Electronics,USB Cable,2,362.75,725.5,South,UPI
3922,2024-07-08,CUST_00317,Male,30,Clothing,Sneakers,2,58.11,116.22,East,Credit Card
3590,2024-07-09,CUST_01466,Male,45,Clothing,Sneakers,1,87.04,87.04,South,Credit Card
1322,2024-07-09,CUST_00080,Male,26,Sports,Yoga Mat,3,147.5,442.5,North,Credit Card
3953,2024-07-09,CUST_00342,Female,31,Home & Kitchen,Storage Container,1,97.58,97.58,South,UPI
3944,2024-07-09,CUST_01353,Male,65,Home & Kitchen,Wall Clock,2,229.78,459.56,West,Debit Card
4113,2024-07-09,CUST_00190,Female,41,Clothing,Dress,4,40.12,160.48,West,Debit Card
7490,2024-07-09,CUST_01865,Male,22,Electronics,Bluetooth Speaker,3,326.03,978.09,South,UPI
8578,2024-07-09,CUST_01442,Male,55,Clothing,Formal Shirt,5,116.74,583.7,East,Credit Card
5120,2024-07-09,CUST_00830,Female,30,Electronics,Power Bank,2,748.64,1497.28,South,Credit Card
10440,2024-07-09,CUST_01474,Male,62,Beauty,Sunscreen,1,96.38,96.38,West,UPI
4448,2024-07-09,CUST_01977,Female,41,Clothing,Formal Shirt,3,120.76,362.28,South,UPI
3322,2024-07-09,CUST_01068,Female,34,Home & Kitchen,Cookware Set,4,220.63,882.52,South,Credit Card
8420,2024-07-09,CUST_00575,Female,64,Home & Kitchen,Storage Container,2,235.44,470.88,South,Debit Card
9602,2024-07-09,CUST_00323,Female,36,Electronics,Smart Watch,3,589.37,1768.11,East,Debit Card
5968,2024-07-09,CUST_00660,Male,37,Beauty,Foundation,2,71.88,143.76,North,Cash
2307,2024-07-09,CUST_00357,Male,36,Sports,Water Bottle,2,71.56,143.12,South,Cash
7475,2024-07-09,CUST_00001,Male,53,Food,Dark Chocolate,1,25.42,25.42,South,Credit Card
8218,2024-07-09,CUST_00985,Female,19,Food,Organic Honey,3,6.53,19.59,East,UPI
10723,2024-07-09,CUST_00779,Male,40,Clothing,Sneakers,6,48.6,291.6,South,Credit Card
4849,2024-07-09,CUST_01438,Female,37,Electronics,Smart Watch,5,385.78,1928.9,South,Credit Card
2797,2024-07-10,CUST_01072,Male,23,Clothing,Formal Shirt,1,41.96,41.96,North,Credit Card
2367,2024-07-10,CUST_01469,Female,23,Beauty,Face Wash,6,54.91,329.46,North,Credit Card
10967,2024-07-10,CUST_01687,Male,67,Food,Granola,1,39.71,39.71,West,Credit Card
4346,2024-07-10,CUST_01363,Female,38,Home & Kitchen,Blender,2,190.74,381.48,North,Debit Card
6600,2024-07-10,CUST_00025,Female,54,Home & Kitchen,Storage Container,3,107.78,323.34,West,UPI
2533,2024-07-10,CUST_01835,Female,28,Clothing,Dress,6,35.27,211.62,South,Cash
10334,2024-07-10,CUST_01642,Female,59,Beauty,Lipstick,3,56.72,170.16,South,UPI
9794,2024-07-10,CUST_01184,Female,39,Home & Kitchen,Pillow,1,164.84,164.84,South,Cash
9394,2024-07-10,CUST_00735,Male,25,Sports,Cricket Bat,1,59.46,59.46,North,Cash
10104,2024-07-10,CUST_01861,Female,42,Home & Kitchen,Wall Clock,7,102.25,715.75,West,Credit Card
10448,2024-07-10,CUST_00124,Female,18,Sports,Cricket Bat,3,141.49,424.47,East,Cash
8657,2024-07-10,CUST_01103,Female,39,Food,Olive Oil,4,15.12,60.48,South,UPI
1877,2024-07-10,CUST_01725,Male,59,Electronics,Tablet,1,234.03,234.03,West,Credit Card
4712,2024-07-10,CUST_00908,Female,60,Home & Kitchen,Wall Clock,3,78.97,236.91,South,Cash
10703,2024-07-10,CUST_01624,Male,22,Electronics,USB Cable,1,608.93,608.93,North,Debit Card
6430,2024-07-10,CUST_01463,Female,51,Home & Kitchen,Cookware Set,2,147.72,295.44,South,Debit Card
6204,2024-07-11,CUST_01935,Female,67,Beauty,Face Wash,1,50.59,50.59,West,Debit Card
5652,2024-07-11,CUST_00927,Female,43,Electronics,Bluetooth Speaker,3,573.04,1719.12,South,Credit Card
6245,2024-07-11,CUST_01825,Female,40,Beauty,Face Wash,2,54.06,108.12,West,Credit Card
10897,2024-07-11,CUST_00893,Female,43,Food,Dark Chocolate,1,12.64,12.64,West,UPI
10577,2024-07-11,CUST_01334,Male,62,Beauty,Foundation,3,29.02,87.06,South,Credit Card
10110,2024-07-11,CUST_01697,Female,31,Sports,Dumbbells,5,22.72,113.6,South,Debit Card
6395,2024-07-11,CUST_01324,Female,64,Beauty,Sunscreen,1,110.96,110.96,North,Debit Card
2590,2024-07-11,CUST_01499,Male,54,Home & Kitchen,Cookware Set,1,91.78,91.78,North,UPI
6926,2024-07-11,CUST_00083,Female,28,Sports,Resistance Band,5,117.12,585.6,West,UPI
6865,2024-07-11,CUST_00655,Female,52,Home & Kitchen,Storage Container,1,10.59,10.59,East,Cash
10891,2024-07-11,CUST_01683,Male,59,Food,Green Tea,2,15.13,30.26,North,UPI
7332,2024-07-11,CUST_01753,Female,34,Clothing,Hoodie,3,113.61,340.83,West,UPI
10720,2024-07-12,CUST_00661,Male,52,Home & Kitchen,Cookware Set,1,205.55,205.55,North,Credit Card
8770,2024-07-12,CUST_00697,Male,31,Food,Granola,1,4.8,4.8,West,Debit Card
6891,2024-07-12,CUST_01488,Female,40,Electronics,Smart Watch,7,176.49,1235.43,North,Cash
3989,2024-07-12,CUST_01607,Female,19,Beauty,Moisturizer,2,77.85,155.7,South,Credit Card
6774,2024-07-12,CUST_00054,Female,19,Home & Kitchen,Blender,4,215.04,860.16,East,Debit Card
3135,2024-07-12,CUST_00601,Female,34,Beauty,Hair Oil,3,32.19,96.57,West,Cash
8807,2024-07-12,CUST_01382,Male,42,Electronics,Smart Watch,2,111.85,223.7,West,Credit Card
5741,2024-07-12,CUST_01675,Male,25,Beauty,Lipstick,3,103.86,311.58,East,Debit Card
3810,2024-07-12,CUST_01121,Male,67,Food,Olive Oil,3,22.55,67.65,East,UPI
2512,2024-07-12,CUST_00794,Male,61,Home & Kitchen,Bedsheet,1,178.77,178.77,East,UPI
4219,2024-07-12,CUST_01472,Female,19,Clothing,Sneakers,1,41.01,41.01,North,UPI
6024,2024-07-12,CUST_01016,Female,69,Home & Kitchen,Table Lamp,2,237.06,474.12,South,UPI
9649,2024-07-12,CUST_00896,Male,18,Food,Mixed Nuts,2,25.41,50.82,North,Debit Card
1967,2024-07-12,CUST_01813,Female,48,Beauty,Hair Oil,3,5.88,17.64,South,Credit Card
2332,2024-07-12,CUST_01904,Male,67,Sports,Football,4,128.65,514.6,South,Debit Card
10894,2024-07-12,CUST_01743,Male,60,Home & Kitchen,Blender,1,122.29,122.29,East,Credit Card
10275,2024-07-12,CUST_01077,Male,63,Home & Kitchen,Table Lamp,1,231.79,231.79,West,Debit Card
10518,2024-07-13,CUST_01264,Female,35,Electronics,Bluetooth Speaker,4,549.89,2199.56,East,UPI
1779,2024-07-13,CUST_01170,Female,55,Food,Protein Bar,4,21.71,86.84,South,Cash
9485,2024-07-13,CUST_01599,Male,43,Home & Kitchen,Bedsheet,2,177.65,355.3,North,Credit Card
5561,2024-07-13,CUST_01318,Male,24,Electronics,Headphones,1,728.81,728.81,North,Debit Card
7249,2024-07-13,CUST_01166,Male,48,Electronics,Smartphone,1,566.25,566.25,West,Debit Card
8564,2024-07-13,CUST_01852,Male,37,Clothing,Jacket,2,147.04,294.08,South,Credit Card
9833,2024-07-13,CUST_00874,Male,35,Home & Kitchen,Bedsheet,1,79.02,79.02,South,Credit Card
8111,2024-07-13,CUST_00191,Female,50,Home & Kitchen,Wall Clock,2,132.1,264.2,South,Credit Card
9001,2024-07-13,CUST_01513,Male,39,Electronics,Power Bank,4,15.52,62.08,North,UPI
6290,2024-07-13,CUST_00117,Male,54,Food,Olive Oil,2,21.71,43.42,East,Debit Card
10036,2024-07-13,CUST_01769,Male,26,Beauty,Hair Oil,4,35.94,143.76,North,Credit Card
8259,2024-07-13,CUST_01352,Female,26,Sports,Resistance Band,3,49.51,148.53,West,Credit Card
8146,2024-07-13,CUST_01473,Male,65,Clothing,Formal Shirt,2,120.18,240.36,West,Debit Card
10879,2024-07-13,CUST_01546,Female,33,Clothing,Jacket,4,123.17,492.68,North,Debit Card
7029,2024-07-13,CUST_00005,Female,65,Home & Kitchen,Knife Set,1,91.57,91.57,North,Cash
9978,2024-07-13,CUST_00850,Female,30,Electronics,USB Cable,1,85.77,85.77,North,Credit Card
5660,2024-07-13,CUST_00904,Male,42,Home & Kitchen,Knife Set,1,72.45,72.45,East,UPI
7431,2024-07-14,CUST_01485,Female,32,Electronics,Power Bank,3,640.35,1921.05,North,Credit Card
1778,2024-07-14,CUST_01565,Female,30,Electronics,Tablet,2,573.23,1146.46,West,UPI
5317,2024-07-14,CUST_00109,Male,38,Clothing,Shorts,3,57.76,173.28,North,UPI
6772,2024-07-14,CUST_01505,Male,70,Beauty,Lipstick,1,102.86,102.86,West,Credit Card
10283,2024-07-14,CUST_00990,Male,68,Beauty,Eye Shadow,1,64.5,64.5,East,Credit Card
10186,2024-07-14,CUST_01296,Female,65,Home & Kitchen,Blender,4,67.86,271.44,North,Credit Card
1891,2024-07-14,CUST_01418,Female,51,Home & Kitchen,Bedsheet,4,196.45,785.8,East,UPI
2916,2024-07-14,CUST_01935,Female,67,Food,Peanut Butter,2,22.09,44.18,West,UPI
3474,2024-07-14,CUST_01600,Male,67,Food,Mixed Nuts,1,8.28,8.28,South,Debit Card
7102,2024-07-15,CUST_00871,Female,54,Food,Green Tea,2,28.7,57.4,East,UPI
7317,2024-07-15,CUST_00556,Female,53,Food,Granola,1,19.6,19.6,West,Cash
10619,2024-07-15,CUST_01971,Male,52,Electronics,Bluetooth Speaker,1,696.54,696.54,South,Debit Card
1236,2024-07-15,CUST_00233,Female,30,Sports,Football,4,10.57,42.28,South,UPI
7443,2024-07-15,CUST_00645,Female,28,Electronics,Headphones,1,345.01,345.01,West,Credit Card
7158,2024-07-15,CUST_00227,Female,43,Clothing,Hoodie,3,126.3,378.9,North,Credit Card
8291,2024-07-15,CUST_01895,Female,60,Clothing,Hoodie,1,121.46,121.46,South,Debit Card
3520,2024-07-15,CUST_00861,Female,21,Sports,Skipping Rope,4,91.28,365.12,South,UPI
3046,2024-07-15,CUST_00293,Male,60,Home & Kitchen,Knife Set,2,92.06,184.12,West,Credit Card
2131,2024-07-15,CUST_00138,Male,30,Sports,Cricket Bat,3,170.78,512.34,East,Cash
4311,2024-07-15,CUST_01473,Male,65,Food,Olive Oil,5,20.43,102.15,West,Credit Card
4273,2024-07-15,CUST_00056,Male,57,Home & Kitchen,Storage Container,4,63.83,255.32,West,UPI
10079,2024-07-15,CUST_00212,Female,51,Food,Green Tea,1,30.61,30.61,West,Credit Card
4107,2024-07-15,CUST_00088,Female,48,Food,Organic Honey,1,38.79,38.79,North,Debit Card
9710,2024-07-15,CUST_01290,Male,64,Home & Kitchen,Table Lamp,1,221.95,221.95,South,Credit Card
4673,2024-07-16,CUST_01459,Female,45,Home & Kitchen,Bedsheet,1,228.68,228.68,West,UPI
2595,2024-07-16,CUST_01182,Male,32,Home & Kitchen,Bedsheet,1,29.64,29.64,South,UPI
9887,2024-07-16,CUST_01223,Female,22,Clothing,T-Shirt,1,47.44,47.44,North,UPI
7299,2024-07-16,CUST_01053,Female,40,Sports,Football,2,102.45,204.9,North,Cash
2038,2024-07-16,CUST_01636,Female,44,Sports,Running Shoes,1,60.13,60.13,West,Credit Card
5733,2024-07-16,CUST_01137,Female,32,Clothing,Jacket,3,72.29,216.87,South,Credit Card
8593,2024-07-16,CUST_00570,Female,26,Electronics,Bluetooth Speaker,3,596.62,1789.86,South,Debit Card
4566,2024-07-16,CUST_01545,Female,56,Clothing,Hoodie,2,63.19,126.38,South,Credit Card
9726,2024-07-16,CUST_01351,Female,27,Sports,Dumbbells,1,143.38,143.38,North,Debit Card
10003,2024-07-16,CUST_00849,Female,43,Clothing,Sneakers,1,59.63,59.63,South,Debit Card
3355,2024-07-16,CUST_01047,Male,30,Clothing,Shorts,1,107.04,107.04,West,Credit Card
10320,2024-07-17,CUST_01285,Male,36,Electronics,Bluetooth Speaker,5,267.69,1338.45,North,Cash
2889,2024-07-17,CUST_00540,Female,23,Clothing,Hoodie,3,112.03,336.09,North,Cash
10437,2024-07-17,CUST_01998,Female,53,Home & Kitchen,Storage Container,5,126.07,630.35,South,Credit Card
6568,2024-07-17,CUST_00388,Female,42,Home & Kitchen,Bedsheet,1,31.17,31.17,East,UPI
2870,2024-07-17,CUST_00961,Female,32,Sports,Skipping Rope,5,173.21,866.05,South,Cash
1510,2024-07-17,CUST_01815,Female,25,Electronics,Laptop,2,721.0,1442.0,West,Debit Card
6029,2024-07-17,CUST_01417,Male,20,Electronics,Power Bank,1,176.14,176.14,North,Debit Card
5673,2024-07-17,CUST_00705,Male,69,Sports,Football,1,48.49,48.49,East,UPI
7620,2024-07-17,CUST_00021,Female,60,Beauty,Moisturizer,1,52.95,52.95,East,Debit Card
2354,2024-07-17,CUST_01834,Female,64,Food,Organic Honey,2,22.34,44.68,East,Credit Card
1305,2024-07-17,CUST_00084,Male,19,Sports,Cricket Bat,2,17.3,34.6,East,Cash
1197,2024-07-17,CUST_01090,Male,56,Electronics,Power Bank,1,416.02,416.02,West,Debit Card
8824,2024-07-18,CUST_00221,Female,26,Clothing,T-Shirt,1,87.38,87.38,West,UPI
7518,2024-07-18,CUST_01278,Male,39,Electronics,Bluetooth Speaker,1,526.92,526.92,West,Credit Card
3967,2024-07-18,CUST_01218,Male,59,Sports,Water Bottle,3,150.03,450.09,East,Debit Card
6484,2024-07-18,CUST_01084,Male,26,Clothing,Sneakers,1,44.06,44.06,North,UPI
10394,2024-07-18,CUST_01967,Female,31,Home & Kitchen,Wall Clock,3,246.84,740.52,South,Credit Card
2344,2024-07-18,CUST_01472,Female,19,Sports,Cricket Bat,4,198.67,794.68,North,Debit Card
6039,2024-07-18,CUST_01427,Female,67,Home & Kitchen,Table Lamp,3,56.71,170.13,East,Credit Card
3215,2024-07-18,CUST_01333,Male,42,Clothing,Sneakers,1,124.86,124.86,North,Debit Card
8795,2024-07-18,CUST_01898,Male,51,Sports,Skipping Rope,3,31.56,94.68,East,Credit Card
4917,2024-07-19,CUST_01534,Female,27,Beauty,Lipstick,2,20.89,41.78,North,Cash
3827,2024-07-19,CUST_00761,Male,53,Beauty,Perfume,1,94.44,94.44,East,Credit Card
7616,2024-07-19,CUST_00551,Female,58,Sports,Skipping Rope,1,89.01,89.01,North,Cash
10187,2024-07-19,CUST_00798,Female,31,Clothing,Dress,3,16.69,50.07,North,Debit Card
7785,2024-07-19,CUST_00746,Female,32,Beauty,Moisturizer,4,98.32,393.28,North,Debit Card
5987,2024-07-19,CUST_00316,Male,70,Home & Kitchen,Wall Clock,3,202.46,607.38,South,Credit Card
3957,2024-07-19,CUST_01018,Male,51,Food,Mixed Nuts,3,30.37,91.11,South,UPI
3370,2024-07-19,CUST_01179,Male,47,Electronics,USB Cable,4,646.79,2587.16,East,Cash
5149,2024-07-19,CUST_01700,Male,37,Home & Kitchen,Wall Clock,6,211.05,1266.3,South,Credit Card
8948,2024-07-19,CUST_01534,Female,27,Food,Green Tea,5,11.72,58.6,North,Credit Card
8524,2024-07-19,CUST_00494,Male,18,Electronics,Smart Watch,5,714.19,3570.95,East,Credit Card
5424,2024-07-19,CUST_01760,Female,51,Clothing,Dress,1,62.98,62.98,East,Credit Card
1076,2024-07-19,CUST_00480,Female,45,Electronics,Tablet,2,187.44,374.88,North,Cash
2860,2024-07-19,CUST_00794,Male,61,Food,Mixed Nuts,1,34.76,34.76,East,UPI
5137,2024-07-19,CUST_00843,Male,52,Food,Mixed Nuts,2,18.09,36.18,North,Debit Card
1160,2024-07-19,CUST_01816,Male,33,Electronics,Bluetooth Speaker,3,601.2,1803.6,East,Cash
2987,2024-07-19,CUST_00635,Male,54,Electronics,Tablet,4,86.4,345.6,North,Cash
1985,2024-07-19,CUST_01305,Male,63,Beauty,Eye Shadow,3,116.64,349.92,North,Debit Card
5590,2024-07-20,CUST_00540,Female,23,Home & Kitchen,Storage Container,1,139.25,139.25,North,Debit Card
10895,2024-07-20,CUST_00864,Male,40,Beauty,Lipstick,2,53.12,106.24,East,Debit Card
1087,2024-07-20,CUST_01880,Male,25,Beauty,Hair Oil,1,63.99,63.99,South,UPI
9178,2024-07-20,CUST_00508,Female,34,Clothing,Formal Shirt,1,19.41,19.41,West,Cash
10839,2024-07-20,CUST_00771,Male,20,Sports,Running Shoes,1,181.26,181.26,South,Debit Card
2990,2024-07-20,CUST_00240,Male,58,Beauty,Moisturizer,4,24.18,96.72,East,Cash
9088,2024-07-20,CUST_00598,Female,60,Home & Kitchen,Table Lamp,3,200.73,602.19,North,Credit Card
3913,2024-07-20,CUST_00955,Female,42,Clothing,T-Shirt,7,134.92,944.44,West,UPI
8161,2024-07-20,CUST_00157,Female,30,Home & Kitchen,Bedsheet,1,227.25,227.25,West,Credit Card
5194,2024-07-20,CUST_00069,Female,42,Electronics,Tablet,6,64.17,385.02,West,Debit Card
2620,2024-07-20,CUST_01985,Male,22,Electronics,Smart Watch,2,497.87,995.74,West,Cash
5226,2024-07-20,CUST_01240,Male,20,Home & Kitchen,Knife Set,1,108.65,108.65,South,Debit Card
8047,2024-07-20,CUST_00301,Female,64,Beauty,Moisturizer,4,75.68,302.72,West,UPI
8979,2024-07-21,CUST_00925,Male,22,Electronics,Bluetooth Speaker,1,445.46,445.46,West,Credit Card
9117,2024-07-21,CUST_00473,Female,48,Home & Kitchen,Blender,6,240.07,1440.42,East,Credit Card
1720,2024-07-21,CUST_01086,Male,50,Home & Kitchen,Wall Clock,1,48.99,48.99,East,Credit Card
4882,2024-07-21,CUST_00918,Female,40,Home & Kitchen,Knife Set,1,233.85,233.85,North,Debit Card
4895,2024-07-21,CUST_00599,Male,63,Beauty,Sunscreen,3,68.88,206.64,South,Credit Card
5989,2024-07-21,CUST_01594,Male,31,Home & Kitchen,Wall Clock,1,58.11,58.11,South,Credit Card
8588,2024-07-21,CUST_00231,Male,47,Home & Kitchen,Pillow,4,146.83,587.32,North,Cash
3027,2024-07-21,CUST_00387,Female,19,Beauty,Hair Oil,1,87.06,87.06,West,Debit Card
2318,2024-07-21,CUST_01889,Female,50,Home & Kitchen,Wall Clock,1,59.2,59.2,South,Credit Card
5450,2024-07-21,CUST_00149,Male,57,Clothing,Dress,2,141.67,283.34,East,Credit Card
3138,2024-07-21,CUST_00316,Male,70,Home & Kitchen,Knife Set,2,15.48,30.96,South,Credit Card
10308,2024-07-21,CUST_00109,Male,38,Sports,Football,3,108.79,326.37,North,UPI
1003,2024-07-21,CUST_01948,Male,65,Beauty,Face Wash,2,107.85,215.7,West,Cash
6824,2024-07-21,CUST_00101,Female,30,Clothing,Jacket,1,102.9,102.9,South,Credit Card
4017,2024-07-22,CUST_01360,Male,34,Sports,Football,2,92.25,184.5,East,Credit Card
9846,2024-07-22,CUST_01100,Female,44,Home & Kitchen,Cookware Set,2,157.95,315.9,West,Credit Card
2875,2024-07-22,CUST_00609,Female,56,Clothing,Sneakers,3,64.46,193.38,East,Credit Card
2004,2024-07-22,CUST_01990,Male,69,Electronics,Power Bank,2,393.28,786.56,West,Cash
6351,2024-07-22,CUST_00377,Male,38,Electronics,Smart Watch,2,561.01,1122.02,South,UPI
9073,2024-07-22,CUST_01612,Female,59,Beauty,Hair Oil,2,88.96,177.92,East,Credit Card
10286,2024-07-22,CUST_00858,Male,43,Clothing,Dress,4,62.89,251.56,North,UPI
4125,2024-07-22,CUST_00593,Female,48,Home & Kitchen,Pillow,1,212.04,212.04,West,Cash
2365,2024-07-22,CUST_00806,Male,42,Home & Kitchen,Table Lamp,5,215.96,1079.8,North,Cash
9788,2024-07-22,CUST_00088,Female,48,Beauty,Eye Shadow,6,54.79,328.74,North,Credit Card
1973,2024-07-22,CUST_01261,Male,41,Home & Kitchen,Wall Clock,4,131.54,526.16,South,Credit Card
6936,2024-07-22,CUST_01906,Female,20,Sports,Football,1,139.4,139.4,East,Credit Card
4220,2024-07-22,CUST_00890,Male,50,Clothing,Hoodie,2,77.93,155.86,West,Credit Card
4774,2024-07-22,CUST_01150,Female,29,Beauty,Moisturizer,3,63.76,191.28,East,Credit Card
9911,2024-07-22,CUST_01004,Male,35,Home & Kitchen,Blender,1,154.29,154.29,North,Credit Card
6867,2024-07-22,CUST_00631,Female,35,Electronics,Laptop,3,762.11,2286.33,East,UPI
9506,2024-07-22,CUST_00387,Female,19,Clothing,Shorts,5,148.59,742.95,West,Debit Card
2896,2024-07-22,CUST_01783,Female,24,Sports,Yoga Mat,2,198.77,397.54,West,Debit Card
9220,2024-07-22,CUST_00837,Female,18,Sports,Skipping Rope,4,185.42,741.68,North,Cash
10553,2024-07-22,CUST_01870,Male,65,Food,Mixed Nuts,2,3.17,6.34,East,Credit Card
5282,2024-07-23,CUST_01791,Female,32,Home & Kitchen,Bedsheet,2,82.22,164.44,North,Cash
3974,2024-07-23,CUST_00445,Male,55,Food,Organic Honey,1,13.84,13.84,East,Debit Card
5507,2024-07-23,CUST_01726,Female,43,Electronics,Bluetooth Speaker,5,45.17,225.85,East,Debit Card
2742,2024-07-23,CUST_00867,Female,38,Electronics,USB Cable,4,210.23,840.92,East,Credit Card
10235,2024-07-23,CUST_01508,Female,47,Beauty,Moisturizer,2,113.46,226.92,East,Credit Card
5091,2024-07-23,CUST_01889,Female,50,Electronics,Tablet,2,218.89,437.78,South,Debit Card
10145,2024-07-23,CUST_00682,Male,38,Home & Kitchen,Pillow,1,61.31,61.31,South,UPI
8561,2024-07-24,CUST_01637,Female,47,Sports,Yoga Mat,2,195.28,390.56,South,Debit Card
4762,2024-07-24,CUST_00801,Male,34,Clothing,Sneakers,5,100.56,502.8,East,Credit Card
8743,2024-07-24,CUST_01734,Female,62,Home & Kitchen,Knife Set,1,32.04,32.04,East,Debit Card
10039,2024-07-24,CUST_01998,Female,53,Beauty,Foundation,2,6.27,12.54,South,Debit Card
10502,2024-07-24,CUST_00943,Female,42,Home & Kitchen,Wall Clock,6,107.32,643.92,West,Cash
1385,2024-07-24,CUST_01762,Male,32,Electronics,Power Bank,5,745.25,3726.25,East,Cash
10724,2024-07-24,CUST_00726,Female,68,Sports,Resistance Band,3,100.0,300.0,North,Debit Card
6848,2024-07-24,CUST_01744,Male,62,Electronics,Power Bank,1,654.42,654.42,West,Credit Card
5495,2024-07-24,CUST_01989,Male,47,Beauty,Sunscreen,2,94.88,189.76,North,Credit Card
2954,2024-07-24,CUST_01024,Male,38,Food,Protein Bar,6,11.59,69.54,North,Debit Card
10463,2024-07-24,CUST_01942,Male,18,Sports,Cricket Bat,2,66.85,133.7,West,Cash
6558,2024-07-24,CUST_01435,Female,39,Food,Olive Oil,3,10.83,32.49,East,Credit Card
6648,2024-07-24,CUST_01625,Male,23,Sports,Water Bottle,2,39.14,78.28,North,Credit Card
6766,2024-07-25,CUST_01223,Female,22,Home & Kitchen,Storage Container,3,220.56,661.68,North,UPI
2792,2024-07-25,CUST_00451,Male,70,Electronics,Laptop,1,283.38,283.38,South,UPI
6413,2024-07-25,CUST_01226,Male,36,Electronics,Power Bank,3,199.66,598.98,West,UPI
4500,2024-07-25,CUST_01963,Female,53,Home & Kitchen,Storage Container,4,103.73,414.92,East,Cash
4081,2024-07-25,CUST_01906,Female,20,Clothing,Shorts,2,99.56,199.12,East,Cash
1806,2024-07-25,CUST_00349,Male,21,Clothing,Shorts,5,118.8,594.0,East,UPI
2767,2024-07-25,CUST_00443,Male,30,Clothing,Jeans,1,98.26,98.26,West,Cash
9968,2024-07-25,CUST_01313,Female,46,Sports,Water Bottle,1,193.48,193.48,West,Cash
10610,2024-07-25,CUST_00979,Male,64,Clothing,Dress,3,47.47,142.41,West,Cash
2404,2024-07-25,CUST_00110,Female,64,Beauty,Eye Shadow,4,58.29,233.16,East,UPI
10230,2024-07-25,CUST_01752,Male,68,Food,Peanut Butter,3,26.66,79.98,South,UPI
7777,2024-07-25,CUST_01449,Female,55,Home & Kitchen,Pillow,1,193.36,193.36,South,Cash
2066,2024-07-25,CUST_00379,Male,57,Clothing,Jeans,3,37.39,112.17,East,Credit Card
2802,2024-07-25,CUST_01555,Male,52,Sports,Football,6,19.13,114.78,East,UPI
6065,2024-07-25,CUST_01460,Female,34,Home & Kitchen,Cookware Set,2,100.58,201.16,West,UPI
2573,2024-07-25,CUST_01493,Male,25,Home & Kitchen,Knife Set,2,199.42,398.84,East,Credit Card
1829,2024-07-25,CUST_00796,Female,43,Electronics,Power Bank,2,93.81,187.62,South,Credit Card
10593,2024-07-26,CUST_00059,Female,19,Electronics,Laptop,1,793.9,793.9,South,Credit Card
4117,2024-07-26,CUST_00717,Male,58,Beauty,Foundation,1,112.99,112.99,West,Credit Card
5922,2024-07-26,CUST_00328,Male,25,Clothing,Jeans,1,15.64,15.64,North,Debit Card
3669,2024-07-26,CUST_00838,Male,18,Electronics,Headphones,2,316.79,633.58,West,UPI
2472,2024-07-26,CUST_00926,Female,62,Clothing,Jeans,2,129.3,258.6,East,UPI
6197,2024-07-26,CUST_00419,Male,27,Beauty,Lipstick,4,14.87,59.48,North,Debit Card
3535,2024-07-26,CUST_00371,Female,65,Food,Organic Honey,3,24.08,72.24,South,Debit Card
1960,2024-07-26,CUST_01924,Male,59,Electronics,Smart Watch,1,788.74,788.74,North,Debit Card
4138,2024-07-26,CUST_00727,Female,20,Clothing,Dress,1,119.41,119.41,East,UPI
8136,2024-07-26,CUST_00756,Male,46,Clothing,Shorts,3,84.55,253.65,South,UPI
8080,2024-07-26,CUST_00921,Male,64,Beauty,Lipstick,6,83.75,502.5,West,UPI
10807,2024-07-26,CUST_01217,Male,37,Clothing,Dress,1,52.76,52.76,East,Cash
5029,2024-07-26,CUST_01389,Female,46,Sports,Skipping Rope,2,66.41,132.82,East,Credit Card
4794,2024-07-26,CUST_00697,Male,31,Food,Olive Oil,2,30.71,61.42,West,Cash
8328,2024-07-26,CUST_00024,Female,37,Home & Kitchen,Cookware Set,2,74.05,148.1,East,Cash
10197,2024-07-26,CUST_01698,Male,61,Food,Olive Oil,2,24.6,49.2,East,Credit Card
1326,2024-07-26,CUST_01493,Male,25,Electronics,Smart Watch,3,715.12,2145.36,East,Credit Card
4045,2024-07-26,CUST_01924,Male,59,Clothing,Jeans,2,106.79,213.58,North,Debit Card
3205,2024-07-27,CUST_01326,Female,32,Electronics,Power Bank,2,212.58,425.16,North,Cash
4707,2024-07-27,CUST_01685,Male,64,Food,Green Tea,1,16.75,16.75,North,UPI
7807,2024-07-27,CUST_01766,Female,39,Sports,Yoga Mat,1,154.45,154.45,North,Debit Card
5832,2024-07-27,CUST_00954,Male,56,Food,Protein Bar,2,26.92,53.84,South,Debit Card
6436,2024-07-27,CUST_00345,Female,18,Home & Kitchen,Table Lamp,3,184.99,554.97,South,Credit Card
9595,2024-07-27,CUST_00526,Female,25,Clothing,Formal Shirt,1,108.92,108.92,North,Credit Card
7583,2024-07-27,CUST_00334,Female,42,Home & Kitchen,Knife Set,2,69.25,138.5,West,Debit Card
1724,2024-07-28,CUST_00816,Female,40,Clothing,Jacket,1,73.88,73.88,North,UPI
7696,2024-07-28,CUST_00408,Female,31,Clothing,Shorts,3,59.02,177.06,North,UPI
6651,2024-07-28,CUST_01339,Male,34,Food,Granola,5,8.87,44.35,North,UPI
8748,2024-07-28,CUST_00903,Female,41,Electronics,Smartphone,1,786.85,786.85,East,UPI
1266,2024-07-28,CUST_00047,Male,34,Home & Kitchen,Storage Container,1,228.7,228.7,South,Credit Card
6072,2024-07-28,CUST_00273,Male,25,Clothing,Jeans,2,112.78,225.56,West,Debit Card
5948,2024-07-28,CUST_01035,Male,30,Beauty,Hair Oil,2,16.61,33.22,West,Debit Card
5909,2024-07-28,CUST_01131,Female,44,Food,Mixed Nuts,3,13.21,39.63,North,Debit Card
10624,2024-07-28,CUST_01274,Female,63,Electronics,Laptop,3,168.68,506.04,West,Cash
7244,2024-07-28,CUST_01148,Male,68,Clothing,T-Shirt,2,32.15,64.3,South,Debit Card
10076,2024-07-28,CUST_01410,Male,37,Clothing,Jacket,1,65.96,65.96,South,UPI
3537,2024-07-28,CUST_00088,Female,48,Electronics,Tablet,1,228.22,228.22,North,Debit Card
10957,2024-07-28,CUST_00772,Male,23,Clothing,T-Shirt,1,141.84,141.84,West,Credit Card
7377,2024-07-28,CUST_01372,Female,19,Beauty,Sunscreen,4,70.62,282.48,North,UPI
4579,2024-07-28,CUST_00403,Male,49,Food,Granola,4,11.03,44.12,South,Cash
3614,2024-07-28,CUST_00292,Female,44,Home & Kitchen,Pillow,2,169.56,339.12,North,Credit Card
7388,2024-07-29,CUST_00343,Male,53,Electronics,Tablet,2,304.24,608.48,West,UPI
4332,2024-07-29,CUST_01556,Male,27,Sports,Yoga Mat,7,179.64,1257.48,West,Debit Card
4137,2024-07-29,CUST_01202,Male,64,Beauty,Sunscreen,3,63.93,191.79,South,Credit Card
3231,2024-07-29,CUST_01763,Female,22,Home & Kitchen,Pillow,2,56.93,113.86,West,Credit Card
3917,2024-07-29,CUST_01883,Female,70,Clothing,Jeans,1,139.36,139.36,East,Credit Card
5729,2024-07-29,CUST_01831,Male,24,Electronics,Laptop,2,441.0,882.0,East,Debit Card
9276,2024-07-29,CUST_01460,Female,34,Home & Kitchen,Cookware Set,1,107.99,107.99,West,UPI
5486,2024-07-29,CUST_00350,Male,22,Beauty,Face Wash,4,9.88,39.52,South,Cash
6218,2024-07-29,CUST_00294,Female,41,Home & Kitchen,Cookware Set,1,228.41,228.41,West,Debit Card
10578,2024-07-29,CUST_00281,Female,56,Clothing,T-Shirt,2,31.33,62.66,South,Cash
9109,2024-07-29,CUST_01320,Female,20,Sports,Cricket Bat,2,14.55,29.1,North,Credit Card
7096,2024-07-29,CUST_01178,Male,29,Electronics,USB Cable,1,500.19,500.19,West,UPI
5646,2024-07-29,CUST_00324,Female,56,Beauty,Moisturizer,2,45.61,91.22,West,Credit Card
2345,2024-07-29,CUST_00878,Male,42,Clothing,Jeans,7,82.21,575.47,West,Credit Card
9707,2024-07-30,CUST_00849,Female,43,Clothing,T-Shirt,1,53.82,53.82,South,Debit Card
1764,2024-07-30,CUST_01166,Male,48,Sports,Water Bottle,2,58.84,117.68,West,Debit Card
8618,2024-07-30,CUST_01870,Male,65,Home & Kitchen,Blender,1,116.01,116.01,East,Debit Card
9331,2024-07-30,CUST_00614,Male,67,Food,Granola,2,3.1,6.2,East,UPI
5929,2024-07-30,CUST_00709,Female,30,Sports,Resistance Band,1,73.38,73.38,West,Credit Card
7157,2024-07-30,CUST_01360,Male,34,Electronics,USB Cable,4,437.81,1751.24,East,Cash
10666,2024-07-30,CUST_00304,Female,44,Home & Kitchen,Knife Set,2,99.34,198.68,East,UPI
7668,2024-07-30,CUST_01845,Female,60,Sports,Yoga Mat,4,143.49,573.96,North,Credit Card
2164,2024-07-30,CUST_00898,Female,58,Home & Kitchen,Wall Clock,5,66.58,332.9,West,Cash
10698,2024-07-30,CUST_01368,Male,18,Beauty,Lipstick,2,7.7,15.4,West,Debit Card
9374,2024-07-30,CUST_00894,Male,66,Home & Kitchen,Bedsheet,5,247.51,1237.55,North,Credit Card
3277,2024-07-30,CUST_00874,Male,35,Home & Kitchen,Knife Set,1,65.34,65.34,South,Credit Card
9732,2024-07-30,CUST_00386,Male,61,Clothing,Jeans,4,10.55,42.2,West,Cash
2905,2024-07-31,CUST_00392,Female,59,Home & Kitchen,Table Lamp,1,84.15,84.15,South,Credit Card
7336,2024-07-31,CUST_00794,Male,61,Food,Mixed Nuts,4,8.9,35.6,East,UPI
7702,2024-07-31,CUST_00010,Male,25,Beauty,Foundation,4,118.32,473.28,East,UPI
5597,2024-07-31,CUST_00555,Female,67,Food,Peanut Butter,4,24.93,99.72,North,UPI
1654,2024-07-31,CUST_00718,Female,68,Food,Mixed Nuts,3,30.64,91.92,North,UPI
10132,2024-08-01,CUST_01615,Female,29,Clothing,Hoodie,3,97.21,291.63,North,UPI
5084,2024-08-01,CUST_00957,Male,32,Beauty,Eye Shadow,4,92.29,369.16,South,Debit Card
1463,2024-08-01,CUST_01037,Female,55,Clothing,Dress,1,54.88,54.88,South,Credit Card
7664,2024-08-01,CUST_00390,Female,49,Sports,Yoga Mat,1,190.42,190.42,East,Credit Card
8574,2024-08-01,CUST_01428,Female,27,Electronics,Smartphone,2,414.91,829.82,West,Credit Card
1218,2024-08-01,CUST_01281,Male,59,Food,Olive Oil,3,28.81,86.43,South,Credit Card
8687,2024-08-01,CUST_01219,Female,28,Sports,Cricket Bat,2,102.97,205.94,East,UPI
9318,2024-08-01,CUST_01947,Female,41,Home & Kitchen,Table Lamp,3,169.99,509.97,North,UPI
10735,2024-08-01,CUST_00667,Female,19,Sports,Football,1,93.5,93.5,East,Credit Card
1620,2024-08-02,CUST_01302,Male,68,Home & Kitchen,Bedsheet,2,223.53,447.06,South,Debit Card
8020,2024-08-02,CUST_00695,Female,27,Home & Kitchen,Bedsheet,3,178.08,534.24,West,Cash
10732,2024-08-02,CUST_00792,Female,48,Home & Kitchen,Table Lamp,2,33.21,66.42,North,Debit Card
2834,2024-08-02,CUST_00474,Female,42,Electronics,Laptop,2,136.41,272.82,North,Credit Card
3603,2024-08-02,CUST_00714,Female,37,Food,Dark Chocolate,1,32.73,32.73,North,UPI
1628,2024-08-02,CUST_00265,Male,63,Food,Olive Oil,4,7.24,28.96,South,Debit Card
3731,2024-08-02,CUST_00955,Female,42,Clothing,T-Shirt,2,119.16,238.32,West,UPI
8724,2024-08-02,CUST_00004,Male,34,Beauty,Perfume,3,62.33,186.99,East,UPI
4102,2024-08-02,CUST_01993,Male,52,Food,Peanut Butter,1,39.69,39.69,West,Credit Card
8756,2024-08-02,CUST_00030,Male,32,Home & Kitchen,Pillow,1,55.72,55.72,North,UPI
4208,2024-08-02,CUST_00901,Female,37,Clothing,Shorts,1,33.65,33.65,West,UPI
6670,2024-08-02,CUST_00646,Female,44,Home & Kitchen,Storage Container,4,217.73,870.92,East,Credit Card
1743,2024-08-02,CUST_00489,Female,67,Home & Kitchen,Knife Set,1,165.47,165.47,East,Credit Card
10305,2024-08-02,CUST_00590,Male,27,Clothing,Shorts,1,106.02,106.02,East,Credit Card
4405,2024-08-02,CUST_00079,Female,42,Beauty,Sunscreen,2,119.97,239.94,South,UPI
5964,2024-08-02,CUST_00366,Male,36,Home & Kitchen,Pillow,3,94.03,282.09,West,UPI
5527,2024-08-03,CUST_00997,Male,70,Home & Kitchen,Cookware Set,2,43.28,86.56,South,Credit Card
7977,2024-08-03,CUST_01531,Male,36,Food,Olive Oil,1,3.46,3.46,South,Credit Card
5956,2024-08-03,CUST_01941,Male,35,Sports,Skipping Rope,5,8.13,40.65,West,UPI
3160,2024-08-03,CUST_00540,Female,23,Electronics,Tablet,3,639.55,1918.65,North,Credit Card
5960,2024-08-03,CUST_00072,Male,25,Electronics,Tablet,1,479.82,479.82,West,Credit Card
10969,2024-08-03,CUST_00166,Female,65,Home & Kitchen,Cookware Set,4,48.69,194.76,West,Credit Card
4336,2024-08-03,CUST_01441,Male,27,Clothing,Sneakers,3,82.74,248.22,North,Credit Card
8677,2024-08-03,CUST_01754,Male,56,Home & Kitchen,Knife Set,4,121.47,485.88,South,Cash
2199,2024-08-03,CUST_01652,Male,51,Beauty,Perfume,4,44.73,178.92,West,Credit Card
8174,2024-08-03,CUST_00056,Male,57,Home & Kitchen,Bedsheet,1,26.73,26.73,West,Cash
10940,2024-08-03,CUST_00040,Female,31,Home & Kitchen,Pillow,1,172.02,172.02,South,Cash
1852,2024-08-03,CUST_00971,Female,54,Food,Organic Honey,5,19.03,95.15,East,Debit Card
7595,2024-08-03,CUST_01543,Male,36,Home & Kitchen,Blender,4,177.42,709.68,South,Credit Card
7393,2024-08-04,CUST_01390,Female,22,Home & Kitchen,Storage Container,1,216.96,216.96,South,Credit Card
8702,2024-08-04,CUST_01308,Male,24,Electronics,USB Cable,1,477.12,477.12,South,UPI
4681,2024-08-04,CUST_00730,Male,65,Clothing,Sneakers,1,17.77,17.77,East,Debit Card
1399,2024-08-04,CUST_00955,Female,42,Food,Granola,1,31.49,31.49,West,UPI
10822,2024-08-04,CUST_01249,Female,43,Clothing,Hoodie,2,75.59,151.18,North,Credit Card
4033,2024-08-04,CUST_00062,Male,53,Food,Granola,3,24.17,72.51,North,UPI
8630,2024-08-04,CUST_01540,Female,57,Beauty,Perfume,1,116.28,116.28,West,Debit Card
3341,2024-08-04,CUST_00560,Male,68,Sports,Water Bottle,2,175.32,350.64,West,UPI
5605,2024-08-04,CUST_01079,Female,70,Sports,Running Shoes,3,42.07,126.21,East,UPI
4738,2024-08-04,CUST_00077,Male,66,Home & Kitchen,Pillow,7,83.45,584.15,West,UPI
4631,2024-08-04,CUST_00705,Male,69,Home & Kitchen,Cookware Set,4,144.68,578.72,East,UPI
1389,2024-08-04,CUST_00726,Female,68,Home & Kitchen,Cookware Set,3,143.88,431.64,North,Credit Card
6185,2024-08-05,CUST_01554,Male,21,Electronics,Power Bank,1,584.78,584.78,East,Credit Card
2995,2024-08-05,CUST_01771,Female,35,Food,Dark Chocolate,3,38.31,114.93,East,Debit Card
1420,2024-08-05,CUST_01405,Male,66,Food,Olive Oil,3,7.18,21.54,East,Credit Card
10347,2024-08-05,CUST_00676,Female,58,Beauty,Lipstick,1,113.16,113.16,West,Credit Card
5714,2024-08-05,CUST_00625,Female,67,Beauty,Lipstick,5,34.21,171.05,East,Credit Card
4993,2024-08-05,CUST_01845,Female,60,Beauty,Sunscreen,2,96.43,192.86,North,UPI
4326,2024-08-05,CUST_01784,Female,55,Beauty,Moisturizer,4,108.83,435.32,West,Credit Card
8655,2024-08-05,CUST_00193,Female,28,Electronics,Tablet,2,439.68,879.36,East,UPI
4891,2024-08-05,CUST_01534,Female,27,Sports,Water Bottle,3,103.4,310.2,North,UPI
6492,2024-08-05,CUST_00242,Female,63,Electronics,Smart Watch,1,239.18,239.18,East,Cash
10072,2024-08-05,CUST_01737,Female,51,Home & Kitchen,Knife Set,6,62.62,375.72,North,Debit Card
5639,2024-08-05,CUST_00528,Male,41,Beauty,Face Wash,2,101.12,202.24,South,UPI
2156,2024-08-06,CUST_00662,Female,35,Electronics,Tablet,2,253.4,506.8,West,Cash
8147,2024-08-06,CUST_00036,Female,51,Food,Olive Oil,1,27.01,27.01,East,UPI
5191,2024-08-06,CUST_01180,Male,48,Beauty,Lipstick,1,14.08,14.08,South,UPI
9346,2024-08-06,CUST_00710,Male,53,Food,Olive Oil,2,18.02,36.04,West,UPI
9722,2024-08-06,CUST_01540,Female,57,Home & Kitchen,Wall Clock,1,136.34,136.34,West,Credit Card
1448,2024-08-06,CUST_00156,Female,38,Home & Kitchen,Pillow,1,117.4,117.4,South,Credit Card
8656,2024-08-06,CUST_01355,Female,35,Home & Kitchen,Table Lamp,1,139.84,139.84,West,Credit Card
7951,2024-08-06,CUST_00753,Female,48,Home & Kitchen,Cookware Set,2,93.41,186.82,East,Credit Card
3539,2024-08-06,CUST_01904,Male,67,Beauty,Lipstick,1,70.08,70.08,South,Cash
7016,2024-08-06,CUST_00149,Male,57,Sports,Resistance Band,3,89.03,267.09,East,Cash
4739,2024-08-06,CUST_01701,Female,33,Beauty,Lipstick,2,83.37,166.74,East,UPI
10413,2024-08-06,CUST_02000,Male,48,Home & Kitchen,Knife Set,2,136.96,273.92,North,Credit Card
7559,2024-08-07,CUST_00890,Male,50,Home & Kitchen,Knife Set,1,158.13,158.13,West,Cash
3929,2024-08-07,CUST_01868,Male,51,Beauty,Foundation,5,36.61,183.05,North,Cash
6695,2024-08-07,CUST_00163,Male,53,Clothing,Sneakers,3,139.21,417.63,West,Credit Card
10327,2024-08-07,CUST_01823,Female,63,Food,Green Tea,2,18.91,37.82,East,Credit Card
1559,2024-08-07,CUST_01586,Female,34,Food,Organic Honey,5,19.63,98.15,North,UPI
2857,2024-08-07,CUST_01448,Male,18,Electronics,Smart Watch,2,329.63,659.26,East,UPI
5303,2024-08-07,CUST_01942,Male,18,Clothing,Jeans,2,107.38,214.76,West,UPI
3211,2024-08-07,CUST_00012,Female,33,Clothing,Jacket,1,15.23,15.23,North,UPI
10084,2024-08-07,CUST_01696,Male,27,Clothing,Dress,3,118.26,354.78,West,Debit Card
1400,2024-08-07,CUST_00377,Male,38,Electronics,USB Cable,1,750.11,750.11,South,Debit Card
5763,2024-08-07,CUST_00699,Male,30,Clothing,Sneakers,3,141.43,424.29,East,Debit Card
2646,2024-08-07,CUST_01582,Male,59,Beauty,Lipstick,5,36.62,183.1,East,Debit Card
9981,2024-08-07,CUST_00106,Female,70,Clothing,Dress,4,118.95,475.8,North,Debit Card
3842,2024-08-07,CUST_00441,Male,33,Beauty,Foundation,2,40.9,81.8,South,Debit Card
7132,2024-08-08,CUST_01647,Female,50,Clothing,Sneakers,5,129.14,645.7,West,Credit Card
6158,2024-08-08,CUST_01031,Male,24,Sports,Resistance Band,2,98.91,197.82,East,Debit Card
2631,2024-08-08,CUST_01845,Female,60,Electronics,Headphones,1,360.43,360.43,North,UPI
5243,2024-08-08,CUST_01763,Female,22,Electronics,Headphones,1,127.71,127.71,West,Debit Card
9904,2024-08-08,CUST_00190,Female,41,Home & Kitchen,Wall Clock,1,212.63,212.63,West,Credit Card
1108,2024-08-08,CUST_01398,Male,25,Food,Olive Oil,2,18.94,37.88,North,Debit Card
6214,2024-08-08,CUST_00654,Male,60,Beauty,Perfume,2,109.4,218.8,South,Cash
9007,2024-08-08,CUST_01066,Male,42,Home & Kitchen,Blender,5,135.48,677.4,North,Cash
7641,2024-08-08,CUST_01052,Female,70,Home & Kitchen,Cookware Set,6,20.26,121.56,West,Credit Card
3423,2024-08-08,CUST_00952,Male,32,Home & Kitchen,Pillow,3,103.73,311.19,West,UPI
3807,2024-08-09,CUST_00482,Female,60,Food,Peanut Butter,2,25.95,51.9,East,Cash
6119,2024-08-09,CUST_00329,Female,41,Beauty,Hair Oil,4,51.53,206.12,West,Credit Card
4433,2024-08-09,CUST_01446,Male,69,Home & Kitchen,Blender,4,27.37,109.48,North,Debit Card
7245,2024-08-09,CUST_00685,Female,21,Sports,Dumbbells,1,93.5,93.5,North,Cash
3071,2024-08-09,CUST_00901,Female,37,Clothing,Dress,1,115.87,115.87,West,Debit Card
10958,2024-08-09,CUST_00135,Male,22,Beauty,Foundation,1,66.7,66.7,South,Cash
4941,2024-08-09,CUST_00838,Male,18,Electronics,USB Cable,5,766.7,3833.5,West,Cash
4743,2024-08-09,CUST_01321,Female,60,Food,Olive Oil,4,11.01,44.04,North,Credit Card
7666,2024-08-09,CUST_01007,Female,68,Food,Green Tea,1,16.46,16.46,North,Credit Card
8978,2024-08-09,CUST_00932,Female,35,Home & Kitchen,Cookware Set,3,190.94,572.82,West,Credit Card
1332,2024-08-09,CUST_00040,Female,31,Clothing,Sneakers,6,35.52,213.12,South,Debit Card
6631,2024-08-09,CUST_00613,Male,24,Clothing,Jacket,1,145.04,145.04,South,Cash
7046,2024-08-10,CUST_00091,Female,65,Food,Granola,3,11.78,35.34,North,Cash
2108,2024-08-10,CUST_01536,Male,20,Beauty,Moisturizer,2,29.38,58.76,South,Debit Card
8279,2024-08-10,CUST_01454,Male,53,Beauty,Perfume,2,33.79,67.58,North,Debit Card
6686,2024-08-10,CUST_01349,Male,69,Electronics,Power Bank,3,395.34,1186.02,East,Debit Card
9263,2024-08-10,CUST_01293,Male,66,Home & Kitchen,Cookware Set,4,228.34,913.36,West,Cash
3945,2024-08-10,CUST_00831,Male,36,Food,Peanut Butter,6,14.56,87.36,North,Cash
4338,2024-08-10,CUST_01221,Male,70,Home & Kitchen,Table Lamp,1,21.81,21.81,North,Cash
5574,2024-08-10,CUST_01408,Female,32,Home & Kitchen,Knife Set,2,227.0,454.0,West,Debit Card
3868,2024-08-10,CUST_00656,Male,31,Food,Olive Oil,4,35.9,143.6,West,Debit Card
2201,2024-08-10,CUST_00869,Female,55,Home & Kitchen,Wall Clock,3,206.15,618.45,East,Credit Card
1711,2024-08-11,CUST_00528,Male,41,Electronics,Tablet,6,401.53,2409.18,South,Cash
6154,2024-08-11,CUST_01544,Male,34,Electronics,Smartphone,1,484.92,484.92,South,Cash
6624,2024-08-11,CUST_00754,Female,36,Clothing,Hoodie,2,98.51,197.02,East,Cash
4528,2024-08-11,CUST_00047,Male,34,Food,Dark Chocolate,1,13.78,13.78,South,Debit Card
2749,2024-08-11,CUST_00313,Female,69,Home & Kitchen,Wall Clock,5,74.61,373.05,East,Credit Card
3006,2024-08-11,CUST_01762,Male,32,Electronics,Headphones,3,352.43,1057.29,East,UPI
8356,2024-08-11,CUST_00193,Female,28,Beauty,Face Wash,2,7.71,15.42,East,Cash
5003,2024-08-11,CUST_01932,Female,67,Clothing,Dress,1,59.56,59.56,East,Credit Card
5919,2024-08-11,CUST_01846,Male,18,Beauty,Hair Oil,4,102.91,411.64,East,UPI
5575,2024-08-11,CUST_01440,Male,51,Sports,Resistance Band,5,98.14,490.7,East,Debit Card
7087,2024-08-11,CUST_00022,Male,52,Home & Kitchen,Pillow,5,149.85,749.25,East,Cash
4645,2024-08-11,CUST_00773,Male,54,Clothing,Jeans,2,109.33,218.66,South,Cash
6303,2024-08-12,CUST_00006,Female,21,Electronics,Smartphone,5,549.53,2747.65,North,Debit Card
2903,2024-08-12,CUST_00568,Male,41,Beauty,Sunscreen,5,12.27,61.35,West,UPI
3839,2024-08-12,CUST_00011,Female,25,Home & Kitchen,Bedsheet,2,75.17,150.34,East,Cash
9419,2024-08-12,CUST_00642,Male,35,Clothing,Formal Shirt,2,77.55,155.1,East,Credit Card
10344,2024-08-12,CUST_00756,Male,46,Clothing,T-Shirt,4,55.23,220.92,South,Cash
4377,2024-08-12,CUST_01474,Male,62,Home & Kitchen,Blender,2,177.21,354.42,West,UPI
1158,2024-08-12,CUST_00225,Male,64,Food,Green Tea,1,24.46,24.46,South,Credit Card
1432,2024-08-12,CUST_01195,Female,47,Beauty,Moisturizer,2,105.29,210.58,East,Cash
9212,2024-08-12,CUST_01995,Female,56,Beauty,Sunscreen,4,53.58,214.32,North,UPI
10768,2024-08-12,CUST_01665,Female,42,Beauty,Eye Shadow,2,37.28,74.56,North,Cash
3638,2024-08-12,CUST_00960,Female,30,Beauty,Hair Oil,2,101.63,203.26,East,Cash
3443,2024-08-12,CUST_00649,Male,21,Beauty,Foundation,1,112.4,112.4,West,Debit Card
2179,2024-08-12,CUST_01307,Female,47,Clothing,Formal Shirt,3,79.9,239.7,West,Debit Card
3493,2024-08-12,CUST_01338,Male,67,Clothing,Hoodie,1,102.22,102.22,East,Cash
2884,2024-08-12,CUST_01239,Female,50,Clothing,Dress,3,124.39,373.17,West,UPI
7555,2024-08-12,CUST_00347,Female,51,Food,Granola,3,32.18,96.54,North,Debit Card
2245,2024-08-12,CUST_00400,Female,26,Sports,Dumbbells,3,49.82,149.46,East,Cash
1093,2024-08-12,CUST_01556,Male,27,Clothing,Hoodie,1,66.69,66.69,West,Credit Card
8708,2024-08-13,CUST_01954,Female,40,Food,Peanut Butter,6,24.46,146.76,North,UPI
9588,2024-08-13,CUST_00551,Female,58,Home & Kitchen,Table Lamp,3,97.06,291.18,North,Debit Card
4588,2024-08-13,CUST_01896,Male,27,Food,Mixed Nuts,2,25.09,50.18,East,Credit Card
2478,2024-08-13,CUST_01433,Male,61,Electronics,Smartphone,1,246.19,246.19,North,Cash
5939,2024-08-13,CUST_00326,Female,56,Beauty,Face Wash,4,5.8,23.2,West,Credit Card
1767,2024-08-13,CUST_00762,Female,46,Food,Olive Oil,6,15.33,91.98,North,UPI
6761,2024-08-13,CUST_01504,Female,24,Sports,Football,1,61.03,61.03,East,Debit Card
4423,2024-08-13,CUST_01191,Male,42,Clothing,Shorts,2,30.87,61.74,North,Debit Card
7283,2024-08-13,CUST_01070,Male,31,Home & Kitchen,Table Lamp,1,138.44,138.44,West,Debit Card
7419,2024-08-13,CUST_00738,Female,37,Electronics,Headphones,1,340.23,340.23,West,Cash
6856,2024-08-13,CUST_00436,Female,28,Electronics,Smart Watch,1,268.51,268.51,East,Cash
6041,2024-08-13,CUST_01718,Female,62,Food,Mixed Nuts,2,31.76,63.52,East,Cash
9801,2024-08-14,CUST_00557,Female,63,Beauty,Moisturizer,2,19.08,38.16,West,Credit Card
7946,2024-08-14,CUST_01499,Male,54,Food,Granola,3,36.56,109.68,North,Credit Card
5849,2024-08-14,CUST_00164,Female,33,Home & Kitchen,Knife Set,1,143.47,143.47,West,UPI
5363,2024-08-14,CUST_00495,Male,43,Sports,Dumbbells,3,158.3,474.9,West,Credit Card
7612,2024-08-14,CUST_00153,Male,33,Food,Protein Bar,1,8.13,8.13,North,Debit Card
4169,2024-08-14,CUST_00659,Male,54,Home & Kitchen,Cookware Set,2,216.86,433.72,South,Debit Card
2812,2024-08-14,CUST_00116,Male,48,Home & Kitchen,Bedsheet,1,154.23,154.23,North,UPI
1919,2024-08-14,CUST_01176,Female,24,Clothing,Jacket,3,124.18,372.54,South,UPI
9366,2024-08-14,CUST_01506,Male,43,Clothing,Formal Shirt,4,98.14,392.56,South,Credit Card
3502,2024-08-14,CUST_00057,Male,50,Food,Protein Bar,1,39.38,39.38,West,Cash
10078,2024-08-14,CUST_01705,Male,69,Food,Mixed Nuts,2,19.7,39.4,West,Debit Card
4421,2024-08-14,CUST_01376,Female,45,Food,Organic Honey,1,32.42,32.42,South,Cash
5584,2024-08-15,CUST_00415,Female,35,Food,Organic Honey,1,14.96,14.96,East,Debit Card
3902,2024-08-15,CUST_01598,Female,28,Sports,Running Shoes,2,199.51,399.02,West,Credit Card
2991,2024-08-15,CUST_00351,Female,60,Home & Kitchen,Blender,1,244.23,244.23,South,UPI
5063,2024-08-15,CUST_01459,Female,45,Electronics,Laptop,5,510.33,2551.65,West,Debit Card
6998,2024-08-15,CUST_01755,Male,67,Beauty,Eye Shadow,1,92.62,92.62,East,Credit Card
2690,2024-08-15,CUST_00723,Male,50,Beauty,Sunscreen,2,81.71,163.42,South,Debit Card
10332,2024-08-15,CUST_01080,Female,69,Home & Kitchen,Cookware Set,3,204.99,614.97,West,Credit Card
9486,2024-08-15,CUST_00628,Female,38,Home & Kitchen,Blender,3,101.45,304.35,East,Credit Card
5622,2024-08-15,CUST_00006,Female,21,Electronics,Smartphone,3,39.85,119.55,North,Debit Card
8082,2024-08-15,CUST_00044,Male,26,Clothing,Hoodie,4,103.49,413.96,East,Debit Card
2510,2024-08-15,CUST_00513,Male,21,Sports,Water Bottle,1,129.7,129.7,West,Credit Card
6193,2024-08-15,CUST_00591,Female,56,Home & Kitchen,Table Lamp,2,134.81,269.62,North,UPI
7938,2024-08-16,CUST_01600,Male,67,Clothing,Jacket,1,49.07,49.07,South,Debit Card
3188,2024-08-16,CUST_01869,Female,27,Clothing,Jeans,1,28.16,28.16,South,Cash
3542,2024-08-16,CUST_01447,Female,25,Beauty,Sunscreen,1,13.86,13.86,West,Cash
6479,2024-08-16,CUST_00152,Male,70,Clothing,Sneakers,1,45.04,45.04,North,UPI
7470,2024-08-16,CUST_00310,Female,22,Sports,Skipping Rope,1,141.54,141.54,East,UPI
2057,2024-08-16,CUST_00925,Male,22,Beauty,Foundation,2,24.04,48.08,West,Debit Card
6144,2024-08-16,CUST_01719,Female,19,Home & Kitchen,Pillow,2,38.22,76.44,East,Debit Card
6109,2024-08-16,CUST_00690,Female,44,Electronics,Power Bank,2,629.12,1258.24,South,Debit Card
8004,2024-08-16,CUST_00124,Female,18,Electronics,Smartphone,3,741.29,2223.87,East,Debit Card
8198,2024-08-16,CUST_01533,Male,25,Electronics,Tablet,3,391.59,1174.77,South,Cash
5238,2024-08-16,CUST_00583,Female,44,Food,Dark Chocolate,2,29.83,59.66,North,Credit Card
4323,2024-08-16,CUST_01523,Male,66,Beauty,Eye Shadow,1,12.62,12.62,West,Credit Card
10771,2024-08-16,CUST_01172,Female,53,Clothing,Sneakers,1,72.32,72.32,South,Cash
7428,2024-08-16,CUST_00567,Female,56,Beauty,Face Wash,1,29.34,29.34,South,Cash
10754,2024-08-17,CUST_00390,Female,49,Home & Kitchen,Knife Set,1,103.96,103.96,East,Credit Card
10786,2024-08-17,CUST_01753,Female,34,Beauty,Eye Shadow,2,108.05,216.1,West,Cash
6518,2024-08-17,CUST_00112,Female,35,Clothing,Jacket,1,72.23,72.23,West,UPI
9582,2024-08-17,CUST_00874,Male,35,Clothing,Sneakers,4,87.96,351.84,South,Debit Card
2063,2024-08-17,CUST_00561,Female,32,Home & Kitchen,Bedsheet,1,199.72,199.72,North,Credit Card
8686,2024-08-17,CUST_01505,Male,70,Beauty,Moisturizer,1,33.3,33.3,West,Credit Card
3655,2024-08-17,CUST_01048,Female,25,Clothing,Dress,1,45.83,45.83,West,Debit Card
7881,2024-08-17,CUST_01124,Female,19,Clothing,Sneakers,2,58.28,116.56,East,UPI
9808,2024-08-17,CUST_00775,Female,47,Home & Kitchen,Knife Set,6,219.68,1318.08,East,Credit Card
2743,2024-08-18,CUST_00472,Male,48,Food,Granola,2,35.52,71.04,West,Credit Card
6087,2024-08-18,CUST_00158,Male,36,Clothing,T-Shirt,2,142.96,285.92,East,Debit Card
8671,2024-08-18,CUST_01434,Male,63,Food,Olive Oil,2,11.25,22.5,East,Cash
7879,2024-08-18,CUST_01566,Female,18,Electronics,Bluetooth Speaker,2,486.5,973.0,South,Credit Card
4651,2024-08-18,CUST_00138,Male,30,Electronics,Headphones,2,426.68,853.36,East,Credit Card
6170,2024-08-18,CUST_00907,Female,24,Home & Kitchen,Wall Clock,5,231.11,1155.55,South,Credit Card
5079,2024-08-18,CUST_01254,Male,30,Electronics,Headphones,6,222.03,1332.18,West,UPI
2818,2024-08-18,CUST_00610,Female,33,Electronics,Smartphone,2,502.4,1004.8,West,Cash
1535,2024-08-18,CUST_00615,Female,49,Home & Kitchen,Pillow,4,147.7,590.8,South,Credit Card
3540,2024-08-18,CUST_00819,Male,30,Electronics,Headphones,2,653.97,1307.94,North,UPI
8932,2024-08-18,CUST_01955,Male,27,Sports,Cricket Bat,1,114.19,114.19,East,UPI
5815,2024-08-18,CUST_00992,Female,41,Clothing,T-Shirt,2,68.9,137.8,South,Cash
1689,2024-08-18,CUST_01042,Female,70,Beauty,Eye Shadow,1,86.58,86.58,South,UPI
5990,2024-08-18,CUST_01710,Male,55,Food,Green Tea,1,29.69,29.69,West,Cash
6959,2024-08-18,CUST_01917,Female,59,Electronics,Tablet,1,594.62,594.62,East,UPI
10163,2024-08-18,CUST_00114,Female,46,Electronics,USB Cable,2,445.4,890.8,East,Credit Card
2206,2024-08-19,CUST_00584,Male,38,Sports,Cricket Bat,2,163.14,326.28,South,UPI
9110,2024-08-19,CUST_00170,Female,57,Food,Green Tea,4,9.3,37.2,South,UPI
1982,2024-08-19,CUST_00209,Male,56,Home & Kitchen,Knife Set,5,153.01,765.05,South,Credit Card
3705,2024-08-19,CUST_01716,Female,25,Home & Kitchen,Wall Clock,3,194.93,584.79,North,Credit Card
8178,2024-08-19,CUST_00613,Male,24,Sports,Running Shoes,3,30.83,92.49,South,Debit Card
1095,2024-08-19,CUST_01789,Male,67,Home & Kitchen,Cookware Set,1,221.29,221.29,South,Debit Card
10829,2024-08-19,CUST_01587,Male,30,Beauty,Moisturizer,4,105.97,423.88,West,Debit Card
3893,2024-08-19,CUST_00310,Female,22,Beauty,Foundation,4,100.89,403.56,East,UPI
10721,2024-08-19,CUST_01787,Female,51,Electronics,Power Bank,1,333.6,333.6,East,Credit Card
2243,2024-08-19,CUST_00890,Male,50,Clothing,Jacket,3,95.29,285.87,West,Credit Card
8151,2024-08-19,CUST_01308,Male,24,Clothing,Jacket,3,64.19,192.57,South,Credit Card
1297,2024-08-19,CUST_01091,Female,27,Electronics,Smartphone,2,497.48,994.96,South,UPI
10255,2024-08-19,CUST_00094,Male,68,Food,Protein Bar,6,10.3,61.8,East,Cash
1550,2024-08-20,CUST_01826,Female,63,Clothing,Shorts,1,96.9,96.9,North,Credit Card
10602,2024-08-20,CUST_00349,Male,21,Beauty,Sunscreen,1,26.33,26.33,East,UPI
9016,2024-08-20,CUST_01134,Female,43,Sports,Water Bottle,3,163.68,491.04,South,Credit Card
7979,2024-08-20,CUST_00928,Male,44,Beauty,Hair Oil,2,30.44,60.88,North,Debit Card
7507,2024-08-20,CUST_01130,Female,58,Beauty,Moisturizer,5,63.51,317.55,North,Debit Card
3816,2024-08-20,CUST_01235,Female,48,Home & Kitchen,Table Lamp,1,196.01,196.01,North,Credit Card
6964,2024-08-20,CUST_01344,Male,61,Home & Kitchen,Storage Container,2,30.26,60.52,North,Debit Card
9559,2024-08-20,CUST_00765,Female,35,Home & Kitchen,Blender,4,209.88,839.52,South,Credit Card
1071,2024-08-20,CUST_00109,Male,38,Food,Dark Chocolate,2,12.51,25.02,North,Credit Card
3080,2024-08-20,CUST_00685,Female,21,Home & Kitchen,Cookware Set,1,84.18,84.18,North,Cash
1077,2024-08-20,CUST_00139,Female,19,Beauty,Sunscreen,2,94.62,189.24,North,UPI
9295,2024-08-20,CUST_00686,Male,37,Clothing,T-Shirt,1,113.75,113.75,North,UPI
7721,2024-08-20,CUST_01184,Female,39,Food,Dark Chocolate,2,37.55,75.1,South,Credit Card
8184,2024-08-20,CUST_01459,Female,45,Electronics,USB Cable,1,601.54,601.54,West,Credit Card
6369,2024-08-20,CUST_00353,Female,28,Beauty,Lipstick,2,17.07,34.14,West,Cash
3711,2024-08-21,CUST_01869,Female,27,Clothing,T-Shirt,4,106.69,426.76,South,UPI
7215,2024-08-21,CUST_00148,Female,65,Clothing,Jeans,2,118.92,237.84,North,Credit Card
8929,2024-08-21,CUST_00851,Female,45,Clothing,T-Shirt,2,81.27,162.54,West,Debit Card
9779,2024-08-21,CUST_00439,Male,35,Home & Kitchen,Cookware Set,2,71.49,142.98,South,Debit Card
3700,2024-08-21,CUST_00662,Female,35,Electronics,Smartphone,5,115.79,578.95,West,Debit Card
4320,2024-08-21,CUST_00667,Female,19,Beauty,Foundation,2,35.99,71.98,East,Credit Card
4683,2024-08-21,CUST_00260,Male,38,Clothing,Sneakers,4,57.19,228.76,East,Cash
2387,2024-08-21,CUST_00740,Male,27,Beauty,Lipstick,7,85.51,598.57,South,Cash
6295,2024-08-22,CUST_00757,Female,31,Clothing,Jacket,2,65.91,131.82,East,UPI
3261,2024-08-22,CUST_00808,Male,33,Food,Organic Honey,3,26.52,79.56,North,Debit Card
2806,2024-08-22,CUST_01461,Female,41,Electronics,Headphones,2,132.04,264.08,South,Cash
10259,2024-08-22,CUST_00144,Female,19,Beauty,Sunscreen,1,116.56,116.56,North,Credit Card
10538,2024-08-22,CUST_01180,Male,48,Electronics,Tablet,1,245.05,245.05,South,Credit Card
2824,2024-08-22,CUST_00765,Female,35,Sports,Water Bottle,3,78.04,234.12,South,Credit Card
7435,2024-08-22,CUST_00339,Female,57,Home & Kitchen,Wall Clock,3,167.73,503.19,South,UPI
3699,2024-08-22,CUST_01990,Male,69,Beauty,Perfume,3,94.73,284.19,West,Credit Card
10606,2024-08-22,CUST_01246,Female,27,Electronics,Bluetooth Speaker,2,737.4,1474.8,North,UPI
10063,2024-08-22,CUST_01921,Male,65,Electronics,Headphones,1,221.21,221.21,North,Credit Card
7811,2024-08-22,CUST_01460,Female,34,Home & Kitchen,Pillow,4,86.8,347.2,West,Credit Card
8143,2024-08-22,CUST_00315,Female,43,Home & Kitchen,Knife Set,2,245.18,490.36,South,Debit Card
1052,2024-08-22,CUST_00133,Female,34,Electronics,Bluetooth Speaker,7,48.58,340.06,South,Credit Card
3596,2024-08-23,CUST_00428,Female,68,Food,Olive Oil,3,39.6,118.8,South,UPI
1394,2024-08-23,CUST_01865,Male,22,Beauty,Foundation,2,71.17,142.34,South,Debit Card
9417,2024-08-23,CUST_01763,Female,22,Sports,Running Shoes,6,110.5,663.0,West,Cash
2861,2024-08-23,CUST_00491,Female,38,Electronics,Headphones,2,517.36,1034.72,North,Debit Card
3091,2024-08-23,CUST_01881,Female,66,Food,Dark Chocolate,3,23.05,69.15,West,Debit Card
7092,2024-08-23,CUST_00628,Female,38,Home & Kitchen,Knife Set,5,63.12,315.6,East,Credit Card
5685,2024-08-23,CUST_01536,Male,20,Beauty,Hair Oil,1,113.57,113.57,South,Cash
4693,2024-08-23,CUST_01760,Female,51,Electronics,Smart Watch,5,325.47,1627.35,East,Cash
5853,2024-08-23,CUST_00280,Male,55,Electronics,Laptop,3,122.83,368.49,East,Cash
6516,2024-08-23,CUST_00387,Female,19,Clothing,Sneakers,3,30.35,91.05,West,Credit Card
1861,2024-08-23,CUST_00726,Female,68,Sports,Football,2,52.66,105.32,North,Cash
3008,2024-08-24,CUST_01437,Female,35,Electronics,Headphones,1,392.07,392.07,East,Credit Card
2242,2024-08-24,CUST_00749,Male,36,Home & Kitchen,Cookware Set,5,11.78,58.9,North,Credit Card
6467,2024-08-24,CUST_01519,Male,61,Home & Kitchen,Knife Set,1,93.06,93.06,North,Debit Card
10814,2024-08-24,CUST_00267,Male,57,Home & Kitchen,Table Lamp,5,215.03,1075.15,East,Credit Card
6927,2024-08-24,CUST_01324,Female,64,Home & Kitchen,Storage Container,2,48.48,96.96,North,UPI
6007,2024-08-24,CUST_00100,Male,25,Electronics,Tablet,1,625.66,625.66,East,Debit Card
4569,2024-08-24,CUST_00713,Female,44,Home & Kitchen,Cookware Set,1,126.57,126.57,South,Debit Card
1451,2024-08-24,CUST_00563,Female,59,Electronics,Tablet,2,476.67,953.34,West,Credit Card
9912,2024-08-24,CUST_00837,Female,18,Clothing,Jeans,1,108.08,108.08,North,Credit Card
10426,2024-08-24,CUST_00489,Female,67,Clothing,T-Shirt,1,98.77,98.77,East,UPI
10135,2024-08-24,CUST_00228,Male,36,Clothing,Formal Shirt,3,123.13,369.39,East,Cash
9131,2024-08-25,CUST_00336,Male,24,Electronics,Bluetooth Speaker,1,398.74,398.74,South,Cash
8064,2024-08-25,CUST_00761,Male,53,Sports,Running Shoes,5,180.66,903.3,East,Debit Card
5758,2024-08-25,CUST_01454,Male,53,Clothing,Jacket,2,143.08,286.16,North,Cash
8663,2024-08-25,CUST_01300,Male,52,Beauty,Face Wash,5,40.29,201.45,East,Credit Card
7304,2024-08-25,CUST_00361,Female,18,Electronics,Bluetooth Speaker,2,138.77,277.54,North,Credit Card
6908,2024-08-25,CUST_00466,Male,60,Beauty,Eye Shadow,1,91.26,91.26,East,Credit Card
4376,2024-08-25,CUST_01871,Male,45,Clothing,Jacket,4,29.49,117.96,East,Cash
4472,2024-08-25,CUST_01214,Female,42,Electronics,Headphones,1,296.28,296.28,North,Credit Card
2099,2024-08-26,CUST_00992,Female,41,Food,Dark Chocolate,2,7.49,14.98,South,Cash
6274,2024-08-26,CUST_00666,Male,53,Home & Kitchen,Knife Set,2,232.94,465.88,South,Debit Card
5489,2024-08-26,CUST_01996,Female,53,Home & Kitchen,Cookware Set,2,188.56,377.12,East,Cash
3875,2024-08-26,CUST_01606,Male,32,Electronics,Laptop,2,672.05,1344.1,North,UPI
2177,2024-08-26,CUST_01554,Male,21,Sports,Cricket Bat,1,67.21,67.21,East,Debit Card
8183,2024-08-26,CUST_01002,Male,34,Home & Kitchen,Storage Container,1,155.9,155.9,West,Cash
1200,2024-08-26,CUST_01984,Female,27,Electronics,Laptop,1,355.75,355.75,North,Credit Card
2273,2024-08-26,CUST_01775,Male,54,Food,Green Tea,2,35.75,71.5,West,Credit Card
8547,2024-08-26,CUST_00465,Female,39,Home & Kitchen,Wall Clock,2,29.05,58.1,East,Credit Card
5055,2024-08-26,CUST_00738,Female,37,Beauty,Face Wash,5,15.6,78.0,West,Cash
3723,2024-08-26,CUST_01741,Female,46,Food,Organic Honey,5,38.76,193.8,West,UPI
5150,2024-08-26,CUST_00954,Male,56,Beauty,Perfume,5,27.67,138.35,South,Credit Card
10701,2024-08-27,CUST_00862,Male,36,Clothing,Jacket,1,104.3,104.3,East,Debit Card
2713,2024-08-27,CUST_01458,Female,32,Home & Kitchen,Pillow,1,218.01,218.01,South,Cash
7229,2024-08-27,CUST_01244,Female,44,Clothing,T-Shirt,2,79.81,159.62,East,Credit Card
9528,2024-08-27,CUST_01435,Female,39,Beauty,Hair Oil,3,37.38,112.14,East,UPI
6666,2024-08-27,CUST_00995,Female,67,Food,Granola,7,38.36,268.52,West,Debit Card
10371,2024-08-27,CUST_00906,Male,21,Sports,Resistance Band,7,184.16,1289.12,West,UPI
6754,2024-08-27,CUST_01753,Female,34,Sports,Cricket Bat,3,116.49,349.47,West,Cash
9947,2024-08-27,CUST_01829,Male,20,Sports,Skipping Rope,1,157.85,157.85,West,UPI
3937,2024-08-27,CUST_00168,Female,42,Clothing,Dress,1,140.68,140.68,West,Cash
2563,2024-08-27,CUST_00909,Female,61,Food,Protein Bar,6,24.3,145.8,South,UPI
7500,2024-08-27,CUST_01922,Female,22,Electronics,Laptop,4,702.5,2810.0,East,Debit Card
6374,2024-08-27,CUST_01804,Male,66,Home & Kitchen,Table Lamp,3,26.4,79.2,East,Cash
7854,2024-08-27,CUST_00175,Male,53,Clothing,Jacket,1,130.45,130.45,South,Credit Card
3746,2024-08-27,CUST_01822,Male,64,Food,Mixed Nuts,3,18.58,55.74,West,Credit Card
9903,2024-08-27,CUST_01672,Male,53,Clothing,Dress,4,145.17,580.68,East,Cash
10647,2024-08-28,CUST_01342,Male,27,Sports,Dumbbells,2,12.24,24.48,South,UPI
2470,2024-08-28,CUST_01814,Male,65,Food,Green Tea,2,37.84,75.68,East,Credit Card
2649,2024-08-28,CUST_00895,Male,61,Food,Dark Chocolate,3,38.53,115.59,North,UPI
8986,2024-08-28,CUST_01877,Male,44,Home & Kitchen,Wall Clock,4,234.86,939.44,South,Cash
10734,2024-08-28,CUST_00359,Male,39,Electronics,Bluetooth Speaker,1,488.69,488.69,South,Cash
10670,2024-08-28,CUST_00815,Male,30,Beauty,Foundation,5,73.27,366.35,West,Debit Card
3643,2024-08-28,CUST_00879,Male,49,Food,Mixed Nuts,1,27.11,27.11,North,UPI
5583,2024-08-28,CUST_00378,Male,26,Clothing,Hoodie,1,144.24,144.24,North,Credit Card
7301,2024-08-28,CUST_01401,Male,58,Sports,Water Bottle,3,90.15,270.45,East,Debit Card
5438,2024-08-28,CUST_00898,Female,58,Food,Green Tea,2,10.93,21.86,West,Debit Card
4325,2024-08-28,CUST_00477,Female,24,Electronics,Power Bank,3,597.05,1791.15,West,Credit Card
7512,2024-08-28,CUST_01628,Female,64,Food,Dark Chocolate,3,11.38,34.14,North,UPI
7193,2024-08-28,CUST_00373,Female,59,Food,Olive Oil,5,30.89,154.45,South,UPI
5798,2024-08-29,CUST_00513,Male,21,Electronics,Power Bank,1,708.31,708.31,West,Debit Card
4415,2024-08-29,CUST_00170,Female,57,Home & Kitchen,Pillow,1,161.9,161.9,South,UPI
5351,2024-08-29,CUST_00821,Female,54,Beauty,Sunscreen,2,33.92,67.84,West,Credit Card
1572,2024-08-29,CUST_00793,Female,70,Home & Kitchen,Wall Clock,1,71.0,71.0,North,Cash
10077,2024-08-29,CUST_00616,Female,49,Electronics,Headphones,2,757.14,1514.28,South,Cash
4923,2024-08-29,CUST_00528,Male,41,Home & Kitchen,Wall Clock,3,75.73,227.19,South,UPI
5310,2024-08-29,CUST_00537,Female,53,Food,Dark Chocolate,1,33.29,33.29,North,UPI
2900,2024-08-29,CUST_00127,Male,47,Electronics,Power Bank,2,269.69,539.38,West,UPI
7145,2024-08-29,CUST_00404,Female,22,Electronics,Tablet,2,158.76,317.52,South,Credit Card
8041,2024-08-29,CUST_01638,Male,52,Beauty,Hair Oil,2,110.92,221.84,South,Debit Card
4020,2024-08-29,CUST_00176,Female,38,Electronics,USB Cable,1,600.72,600.72,West,UPI
6301,2024-08-29,CUST_00082,Female,32,Sports,Resistance Band,2,89.09,178.18,South,Debit Card
8987,2024-08-29,CUST_00218,Male,63,Home & Kitchen,Blender,3,233.51,700.53,North,Credit Card
5602,2024-08-29,CUST_01392,Male,36,Home & Kitchen,Wall Clock,3,16.2,48.6,West,Debit Card
3722,2024-08-29,CUST_01600,Male,67,Electronics,Laptop,3,573.8,1721.4,South,Credit Card
9160,2024-08-29,CUST_01387,Male,44,Clothing,Shorts,3,97.98,293.94,West,UPI
1026,2024-08-30,CUST_01997,Female,60,Beauty,Hair Oil,2,73.22,146.44,East,Debit Card
3736,2024-08-30,CUST_01373,Male,27,Sports,Skipping Rope,3,29.81,89.43,North,UPI
10801,2024-08-30,CUST_00706,Male,58,Electronics,Headphones,1,435.28,435.28,East,Credit Card
2943,2024-08-30,CUST_00643,Female,33,Home & Kitchen,Storage Container,1,123.31,123.31,South,Cash
9340,2024-08-30,CUST_01646,Female,28,Beauty,Eye Shadow,2,76.01,152.02,West,Debit Card
2772,2024-08-30,CUST_00566,Male,48,Food,Protein Bar,2,33.9,67.8,North,Debit Card
5707,2024-08-30,CUST_00775,Female,47,Clothing,Formal Shirt,1,68.65,68.65,East,Debit Card
9450,2024-08-30,CUST_00998,Male,62,Food,Granola,3,13.59,40.77,North,Cash
2960,2024-08-30,CUST_01064,Female,58,Home & Kitchen,Blender,3,87.36,262.08,West,Cash
3973,2024-08-31,CUST_01550,Female,32,Electronics,Laptop,2,72.76,145.52,West,Debit Card
8519,2024-08-31,CUST_01411,Male,40,Electronics,Headphones,2,383.27,766.54,South,Debit Card
2081,2024-08-31,CUST_01386,Male,26,Electronics,Headphones,2,623.7,1247.4,South,Credit Card
2775,2024-08-31,CUST_01585,Male,24,Sports,Cricket Bat,1,54.89,54.89,East,UPI
9335,2024-08-31,CUST_00717,Male,58,Home & Kitchen,Pillow,2,106.41,212.82,West,UPI
7126,2024-08-31,CUST_00037,Female,64,Beauty,Foundation,1,47.77,47.77,North,Debit Card
3066,2024-08-31,CUST_01610,Female,55,Home & Kitchen,Pillow,5,236.88,1184.4,East,UPI
10356,2024-09-01,CUST_01886,Female,59,Home & Kitchen,Cookware Set,2,19.93,39.86,West,Credit Card
3847,2024-09-01,CUST_00237,Female,51,Home & Kitchen,Wall Clock,3,165.49,496.47,North,Cash
7187,2024-09-01,CUST_00711,Male,70,Beauty,Foundation,6,26.72,160.32,East,Debit Card
4966,2024-09-01,CUST_01950,Female,25,Beauty,Perfume,2,62.83,125.66,North,Credit Card
9395,2024-09-01,CUST_01248,Female,41,Food,Green Tea,2,25.88,51.76,North,UPI
9301,2024-09-01,CUST_00410,Male,22,Home & Kitchen,Knife Set,2,45.39,90.78,North,UPI
9534,2024-09-01,CUST_01866,Female,70,Home & Kitchen,Pillow,2,46.92,93.84,North,UPI
3189,2024-09-01,CUST_01251,Male,26,Clothing,Jeans,1,121.56,121.56,South,Debit Card
4149,2024-09-01,CUST_00031,Female,39,Sports,Resistance Band,3,190.41,571.23,West,Credit Card
1760,2024-09-02,CUST_00216,Female,68,Food,Olive Oil,2,21.68,43.36,North,Cash
4190,2024-09-02,CUST_01435,Female,39,Home & Kitchen,Pillow,3,149.08,447.24,East,Credit Card
9368,2024-09-02,CUST_01215,Female,37,Sports,Football,5,82.69,413.45,East,Credit Card
2945,2024-09-02,CUST_01590,Male,57,Food,Peanut Butter,3,26.16,78.48,North,UPI
8309,2024-09-02,CUST_01152,Female,35,Sports,Resistance Band,2,97.89,195.78,North,UPI
3621,2024-09-02,CUST_01680,Male,53,Clothing,Formal Shirt,2,53.43,106.86,East,Debit Card
7033,2024-09-02,CUST_01461,Female,41,Food,Granola,2,15.88,31.76,South,Debit Card
8537,2024-09-02,CUST_01734,Female,62,Home & Kitchen,Pillow,4,191.84,767.36,East,Debit Card
2328,2024-09-02,CUST_00412,Female,39,Food,Protein Bar,6,31.14,186.84,South,Debit Card
1422,2024-09-02,CUST_00094,Male,68,Food,Mixed Nuts,2,4.52,9.04,East,Cash
1649,2024-09-02,CUST_00225,Male,64,Sports,Dumbbells,2,69.15,138.3,South,UPI
3378,2024-09-02,CUST_00341,Female,67,Home & Kitchen,Knife Set,3,23.85,71.55,North,UPI
10806,2024-09-02,CUST_00074,Female,52,Electronics,Tablet,5,681.22,3406.1,West,Credit Card
3478,2024-09-03,CUST_01899,Male,36,Sports,Football,1,143.34,143.34,East,Cash
7590,2024-09-03,CUST_01164,Male,23,Clothing,Jeans,1,80.78,80.78,North,Debit Card
2675,2024-09-03,CUST_01068,Female,34,Sports,Yoga Mat,4,61.38,245.52,South,Debit Card
6953,2024-09-03,CUST_00318,Male,65,Food,Mixed Nuts,1,20.3,20.3,South,Credit Card
7691,2024-09-03,CUST_01247,Female,18,Beauty,Eye Shadow,4,55.53,222.12,West,Debit Card
2042,2024-09-03,CUST_01077,Male,63,Home & Kitchen,Storage Container,1,119.69,119.69,West,Credit Card
8853,2024-09-03,CUST_01819,Female,62,Beauty,Eye Shadow,1,90.7,90.7,South,Debit Card
10590,2024-09-03,CUST_00756,Male,46,Clothing,Shorts,3,107.68,323.04,South,Credit Card
1421,2024-09-04,CUST_00569,Male,65,Food,Dark Chocolate,2,34.3,68.6,South,Debit Card
5125,2024-09-04,CUST_00582,Female,70,Home & Kitchen,Bedsheet,3,237.29,711.87,West,Cash
8024,2024-09-04,CUST_01483,Female,57,Beauty,Face Wash,4,58.16,232.64,East,Cash
9767,2024-09-04,CUST_00456,Male,45,Food,Protein Bar,6,32.96,197.76,West,Credit Card
10209,2024-09-04,CUST_01247,Female,18,Beauty,Perfume,1,97.84,97.84,West,UPI
4280,2024-09-04,CUST_01438,Female,37,Electronics,USB Cable,1,353.05,353.05,South,Cash
8989,2024-09-04,CUST_00479,Female,56,Sports,Water Bottle,1,98.8,98.8,South,Debit Card
3801,2024-09-04,CUST_00550,Male,68,Beauty,Hair Oil,3,26.83,80.49,South,Debit Card
6971,2024-09-04,CUST_00226,Female,36,Home & Kitchen,Cookware Set,1,225.82,225.82,South,UPI
10102,2024-09-04,CUST_01266,Female,64,Home & Kitchen,Cookware Set,3,73.7,221.1,West,Credit Card
10826,2024-09-04,CUST_00619,Male,70,Home & Kitchen,Storage Container,2,121.89,243.78,North,Cash
10369,2024-09-04,CUST_00572,Male,54,Electronics,Tablet,3,703.61,2110.83,West,UPI
7523,2024-09-04,CUST_01248,Female,41,Clothing,Jeans,6,88.71,532.26,North,Cash
4629,2024-09-04,CUST_01762,Male,32,Home & Kitchen,Wall Clock,1,16.16,16.16,East,Credit Card
10747,2024-09-04,CUST_01978,Male,21,Electronics,Power Bank,1,607.2,607.2,South,UPI
9260,2024-09-05,CUST_00303,Female,69,Home & Kitchen,Table Lamp,1,41.8,41.8,West,UPI
3105,2024-09-05,CUST_01451,Female,57,Clothing,T-Shirt,2,35.09,70.18,East,Debit Card
3784,2024-09-05,CUST_00539,Female,38,Electronics,Bluetooth Speaker,1,305.1,305.1,East,UPI
3096,2024-09-05,CUST_00759,Female,48,Sports,Yoga Mat,2,58.89,117.78,North,Cash
7765,2024-09-05,CUST_00714,Female,37,Food,Olive Oil,3,4.81,14.43,North,Cash
6376,2024-09-05,CUST_01256,Male,48,Clothing,Jeans,1,73.34,73.34,North,Credit Card
1756,2024-09-05,CUST_01387,Male,44,Clothing,Formal Shirt,3,61.45,184.35,West,Debit Card
10775,2024-09-05,CUST_01697,Female,31,Beauty,Moisturizer,2,55.43,110.86,South,Credit Card
4265,2024-09-05,CUST_00580,Male,33,Home & Kitchen,Wall Clock,1,31.3,31.3,South,UPI
5038,2024-09-05,CUST_01922,Female,22,Food,Dark Chocolate,5,26.32,131.6,East,Cash
7066,2024-09-05,CUST_01897,Female,65,Beauty,Lipstick,2,111.81,223.62,West,Credit Card
9238,2024-09-05,CUST_00549,Female,66,Beauty,Foundation,1,95.99,95.99,South,Credit Card
5945,2024-09-05,CUST_00563,Female,59,Food,Peanut Butter,1,32.86,32.86,West,Cash
3480,2024-09-06,CUST_00876,Female,43,Food,Olive Oil,2,3.21,6.42,East,Debit Card
2214,2024-09-06,CUST_00731,Male,18,Electronics,Smart Watch,4,345.1,1380.4,South,UPI
9035,2024-09-06,CUST_00988,Female,55,Beauty,Foundation,4,42.11,168.44,East,UPI
3241,2024-09-06,CUST_01184,Female,39,Home & Kitchen,Cookware Set,2,123.17,246.34,South,Credit Card
1728,2024-09-06,CUST_01040,Male,18,Sports,Water Bottle,4,97.96,391.84,West,UPI
8210,2024-09-06,CUST_01079,Female,70,Electronics,Smartphone,1,206.51,206.51,East,UPI
7642,2024-09-06,CUST_00018,Male,47,Home & Kitchen,Cookware Set,3,151.69,455.07,North,Debit Card
9155,2024-09-06,CUST_01658,Female,48,Home & Kitchen,Bedsheet,1,196.24,196.24,West,Credit Card
1309,2024-09-06,CUST_00009,Male,47,Electronics,Laptop,1,188.85,188.85,South,Credit Card
2925,2024-09-06,CUST_01714,Female,46,Sports,Football,6,166.26,997.56,East,Cash
1231,2024-09-06,CUST_00326,Female,56,Food,Dark Chocolate,2,37.3,74.6,West,Credit Card
6796,2024-09-06,CUST_01672,Male,53,Home & Kitchen,Pillow,3,123.23,369.69,East,Cash
6534,2024-09-06,CUST_01987,Female,68,Beauty,Eye Shadow,3,18.86,56.58,North,Debit Card
3561,2024-09-06,CUST_01511,Male,52,Home & Kitchen,Wall Clock,3,138.69,416.07,East,Debit Card
2634,2024-09-06,CUST_01422,Male,27,Electronics,Smartphone,1,713.91,713.91,South,UPI
5494,2024-09-07,CUST_01081,Male,18,Electronics,Power Bank,3,147.17,441.51,North,Debit Card
4361,2024-09-07,CUST_01554,Male,21,Electronics,Tablet,7,537.26,3760.82,East,Credit Card
8908,2024-09-07,CUST_01382,Male,42,Beauty,Perfume,5,30.62,153.1,West,Credit Card
5831,2024-09-07,CUST_01362,Male,57,Clothing,Shorts,4,144.21,576.84,West,Credit Card
1280,2024-09-07,CUST_01299,Female,19,Beauty,Sunscreen,2,10.09,20.18,West,Debit Card
4619,2024-09-07,CUST_00646,Female,44,Clothing,Sneakers,2,114.39,228.78,East,Debit Card
2251,2024-09-07,CUST_00796,Female,43,Clothing,Sneakers,4,71.35,285.4,South,Debit Card
6723,2024-09-07,CUST_00911,Female,39,Clothing,Formal Shirt,3,73.28,219.84,East,Cash
7814,2024-09-07,CUST_01791,Female,32,Home & Kitchen,Wall Clock,1,108.22,108.22,North,UPI
6835,2024-09-07,CUST_01381,Male,26,Sports,Yoga Mat,3,20.98,62.94,West,Debit Card
4002,2024-09-07,CUST_01567,Male,68,Electronics,Tablet,1,772.43,772.43,West,Debit Card
9233,2024-09-08,CUST_00509,Female,39,Food,Green Tea,2,8.43,16.86,East,UPI
3099,2024-09-08,CUST_01962,Male,52,Home & Kitchen,Bedsheet,1,240.22,240.22,North,Debit Card
9250,2024-09-08,CUST_01695,Female,36,Food,Peanut Butter,1,33.82,33.82,West,Credit Card
5430,2024-09-08,CUST_00567,Female,56,Sports,Dumbbells,5,33.32,166.6,South,Cash
7248,2024-09-08,CUST_00417,Female,67,Sports,Resistance Band,2,123.71,247.42,South,Cash
6247,2024-09-08,CUST_01472,Female,19,Sports,Skipping Rope,2,95.21,190.42,North,Credit Card
2147,2024-09-08,CUST_00912,Male,47,Beauty,Perfume,3,74.45,223.35,South,Cash
1775,2024-09-08,CUST_01375,Female,60,Food,Green Tea,4,15.92,63.68,North,Credit Card
2262,2024-09-08,CUST_00456,Male,45,Home & Kitchen,Cookware Set,1,40.58,40.58,West,Credit Card
2479,2024-09-08,CUST_01668,Male,58,Electronics,Headphones,2,63.21,126.42,West,Cash
4614,2024-09-08,CUST_00220,Male,30,Clothing,Jacket,2,34.87,69.74,North,Debit Card
10178,2024-09-08,CUST_00008,Female,55,Home & Kitchen,Pillow,2,246.82,493.64,North,Cash
6196,2024-09-08,CUST_00918,Female,40,Home & Kitchen,Blender,1,31.02,31.02,North,Debit Card
5550,2024-09-09,CUST_01131,Female,44,Clothing,Sneakers,1,46.94,46.94,North,UPI
3380,2024-09-09,CUST_01783,Female,24,Electronics,Power Bank,3,485.73,1457.19,West,Cash
1277,2024-09-09,CUST_01749,Female,31,Sports,Water Bottle,1,29.35,29.35,North,Debit Card
6752,2024-09-09,CUST_00727,Female,20,Electronics,Headphones,1,404.24,404.24,East,Cash
4532,2024-09-09,CUST_01631,Female,30,Sports,Skipping Rope,5,165.1,825.5,West,Credit Card
1612,2024-09-09,CUST_00103,Male,50,Food,Dark Chocolate,1,39.6,39.6,North,Debit Card
1991,2024-09-09,CUST_00809,Female,43,Home & Kitchen,Blender,5,186.94,934.7,West,Credit Card
7514,2024-09-09,CUST_01029,Male,56,Home & Kitchen,Bedsheet,3,186.93,560.79,South,Debit Card
7221,2024-09-09,CUST_01964,Female,56,Beauty,Moisturizer,2,69.05,138.1,South,Debit Card
5448,2024-09-09,CUST_00620,Male,70,Food,Granola,3,15.42,46.26,East,Credit Card
2829,2024-09-09,CUST_00768,Female,60,Beauty,Lipstick,1,67.11,67.11,East,UPI
2054,2024-09-09,CUST_01248,Female,41,Electronics,USB Cable,6,234.46,1406.76,North,Cash
5347,2024-09-10,CUST_00038,Female,33,Food,Protein Bar,6,36.91,221.46,North,Cash
7806,2024-09-10,CUST_01516,Male,20,Clothing,T-Shirt,1,44.34,44.34,West,UPI
9637,2024-09-10,CUST_00776,Female,48,Clothing,Hoodie,4,140.75,563.0,East,UPI
5883,2024-09-10,CUST_00948,Female,25,Clothing,Hoodie,1,122.77,122.77,South,Credit Card
2893,2024-09-10,CUST_00978,Female,20,Electronics,Tablet,3,624.88,1874.64,North,UPI
4785,2024-09-10,CUST_00553,Male,36,Food,Peanut Butter,2,8.83,17.66,West,Credit Card
3992,2024-09-10,CUST_00988,Female,55,Home & Kitchen,Knife Set,1,139.85,139.85,East,Debit Card
1885,2024-09-10,CUST_00036,Female,51,Food,Olive Oil,2,27.33,54.66,East,Cash
2608,2024-09-10,CUST_00666,Male,53,Home & Kitchen,Blender,4,166.19,664.76,South,Credit Card
2295,2024-09-10,CUST_01276,Male,32,Food,Organic Honey,3,5.02,15.06,East,UPI
10704,2024-09-10,CUST_01397,Male,22,Sports,Water Bottle,2,125.46,250.92,South,Credit Card
6889,2024-09-10,CUST_00900,Male,26,Sports,Cricket Bat,1,105.48,105.48,East,Credit Card
1924,2024-09-10,CUST_00131,Male,38,Home & Kitchen,Table Lamp,5,139.95,699.75,North,Cash
6461,2024-09-10,CUST_01692,Male,34,Electronics,Laptop,1,272.06,272.06,West,Debit Card
2756,2024-09-11,CUST_00348,Male,57,Beauty,Hair Oil,3,18.99,56.97,North,Debit Card
7140,2024-09-11,CUST_01444,Female,65,Food,Granola,3,12.8,38.4,North,Credit Card
7125,2024-09-11,CUST_00833,Female,34,Clothing,Hoodie,2,34.24,68.48,North,Credit Card
9105,2024-09-11,CUST_00397,Male,36,Electronics,Smart Watch,1,405.3,405.3,South,Cash
10298,2024-09-11,CUST_01708,Male,37,Food,Peanut Butter,1,9.45,9.45,South,UPI
1068,2024-09-11,CUST_00077,Male,66,Food,Olive Oil,2,15.1,30.2,West,Debit Card
7908,2024-09-11,CUST_01790,Male,68,Food,Organic Honey,3,17.76,53.28,West,Debit Card
2308,2024-09-11,CUST_00996,Male,45,Food,Olive Oil,2,35.04,70.08,East,Credit Card
9023,2024-09-11,CUST_00036,Female,51,Clothing,Formal Shirt,2,90.37,180.74,East,UPI
9055,2024-09-11,CUST_00794,Male,61,Clothing,T-Shirt,2,74.37,148.74,East,Credit Card
8893,2024-09-11,CUST_01772,Male,66,Food,Olive Oil,4,33.5,134.0,West,Credit Card
5633,2024-09-11,CUST_00692,Male,41,Food,Peanut Butter,1,8.18,8.18,West,Credit Card
6207,2024-09-11,CUST_00869,Female,55,Home & Kitchen,Blender,1,165.39,165.39,East,Cash
5750,2024-09-11,CUST_01077,Male,63,Food,Granola,2,35.76,71.52,West,Credit Card
4679,2024-09-11,CUST_01302,Male,68,Beauty,Foundation,2,33.2,66.4,South,Credit Card
9547,2024-09-12,CUST_00299,Male,39,Home & Kitchen,Table Lamp,3,166.4,499.2,South,UPI
4502,2024-09-12,CUST_01348,Male,62,Food,Green Tea,5,13.08,65.4,East,Debit Card
2529,2024-09-12,CUST_00692,Male,41,Beauty,Moisturizer,3,25.97,77.91,West,Debit Card
9172,2024-09-12,CUST_01853,Male,46,Food,Protein Bar,2,38.26,76.52,North,Debit Card
4327,2024-09-12,CUST_00769,Female,30,Electronics,Headphones,1,272.9,272.9,West,Debit Card
8778,2024-09-12,CUST_01888,Female,57,Home & Kitchen,Table Lamp,3,189.07,567.21,West,Debit Card
8904,2024-09-12,CUST_00087,Female,68,Home & Kitchen,Cookware Set,3,124.41,373.23,East,Debit Card
9464,2024-09-12,CUST_01026,Male,66,Food,Green Tea,3,10.3,30.9,West,Debit Card
3121,2024-09-12,CUST_00369,Female,65,Beauty,Lipstick,1,107.67,107.67,South,Credit Card
9333,2024-09-12,CUST_01913,Female,24,Beauty,Perfume,4,95.8,383.2,East,Cash
4476,2024-09-12,CUST_00874,Male,35,Electronics,Power Bank,1,171.5,171.5,South,UPI
1821,2024-09-12,CUST_01249,Female,43,Electronics,Smartphone,2,610.51,1221.02,North,UPI
2982,2024-09-12,CUST_00942,Male,67,Food,Olive Oil,4,20.37,81.48,South,Cash
4551,2024-09-12,CUST_00155,Male,49,Electronics,Tablet,5,763.06,3815.3,North,Cash
3301,2024-09-12,CUST_00310,Female,22,Food,Mixed Nuts,1,33.21,33.21,East,Debit Card
3569,2024-09-12,CUST_01451,Female,57,Home & Kitchen,Cookware Set,4,28.78,115.12,East,UPI
1117,2024-09-12,CUST_01641,Female,38,Food,Green Tea,6,17.27,103.62,South,UPI
7011,2024-09-12,CUST_00344,Male,49,Clothing,Jeans,3,22.74,68.22,South,UPI
8057,2024-09-12,CUST_00459,Male,27,Clothing,Shorts,1,76.18,76.18,South,Cash
1386,2024-09-12,CUST_00366,Male,36,Electronics,Tablet,3,353.77,1061.31,West,UPI
4288,2024-09-12,CUST_00962,Female,26,Home & Kitchen,Storage Container,4,193.6,774.4,North,UPI
7186,2024-09-12,CUST_01648,Female,52,Sports,Dumbbells,1,185.78,185.78,North,Debit Card
5290,2024-09-12,CUST_00149,Male,57,Sports,Running Shoes,3,50.19,150.57,East,Credit Card
7694,2024-09-12,CUST_00992,Female,41,Clothing,Jacket,2,49.85,99.7,South,Debit Card
7216,2024-09-12,CUST_01154,Female,66,Home & Kitchen,Pillow,2,37.12,74.24,South,Cash
4300,2024-09-12,CUST_00252,Female,38,Food,Dark Chocolate,1,34.22,34.22,South,Cash
3212,2024-09-13,CUST_00661,Male,52,Beauty,Moisturizer,4,34.61,138.44,North,Credit Card
4319,2024-09-13,CUST_01468,Male,20,Sports,Water Bottle,5,29.21,146.05,South,Credit Card
6052,2024-09-13,CUST_01227,Female,58,Food,Protein Bar,2,15.28,30.56,East,Debit Card
7788,2024-09-13,CUST_01862,Female,19,Electronics,USB Cable,6,60.48,362.88,East,Credit Card
4131,2024-09-13,CUST_01038,Male,65,Food,Protein Bar,2,9.74,19.48,North,UPI
10317,2024-09-13,CUST_01886,Female,59,Home & Kitchen,Table Lamp,1,169.81,169.81,West,UPI
10586,2024-09-13,CUST_01663,Female,54,Home & Kitchen,Storage Container,3,139.65,418.95,South,Credit Card
7542,2024-09-13,CUST_00336,Male,24,Sports,Water Bottle,1,187.61,187.61,South,UPI
9766,2024-09-13,CUST_01746,Female,51,Clothing,Formal Shirt,1,112.12,112.12,South,Credit Card
8117,2024-09-13,CUST_00882,Female,52,Food,Olive Oil,2,39.88,79.76,South,Cash
5949,2024-09-13,CUST_01157,Male,55,Clothing,T-Shirt,2,111.23,222.46,North,UPI
5454,2024-09-13,CUST_01311,Female,22,Electronics,Power Bank,4,408.33,1633.32,North,Cash
3525,2024-09-13,CUST_01059,Female,18,Sports,Dumbbells,1,53.98,53.98,South,UPI
3592,2024-09-13,CUST_01350,Male,31,Home & Kitchen,Bedsheet,4,52.54,210.16,South,Credit Card
4447,2024-09-13,CUST_01671,Female,56,Food,Dark Chocolate,2,21.43,42.86,West,Credit Card
6973,2024-09-13,CUST_00162,Female,58,Home & Kitchen,Table Lamp,3,222.29,666.87,South,Credit Card
10484,2024-09-13,CUST_00425,Female,36,Electronics,Smart Watch,4,134.74,538.96,West,Debit Card
10888,2024-09-13,CUST_01828,Male,49,Electronics,Headphones,1,753.28,753.28,East,UPI
2936,2024-09-13,CUST_00296,Female,31,Electronics,Power Bank,1,704.43,704.43,East,Credit Card
9543,2024-09-13,CUST_00849,Female,43,Sports,Running Shoes,2,11.91,23.82,South,Debit Card
5002,2024-09-14,CUST_00035,Male,68,Food,Peanut Butter,1,9.41,9.41,East,Credit Card
2408,2024-09-14,CUST_01149,Male,60,Food,Mixed Nuts,2,35.44,70.88,East,Debit Card
4920,2024-09-14,CUST_01500,Male,27,Clothing,Hoodie,2,103.98,207.96,South,Debit Card
9030,2024-09-14,CUST_00236,Female,44,Home & Kitchen,Pillow,3,117.84,353.52,East,UPI
10368,2024-09-14,CUST_01233,Male,20,Beauty,Face Wash,2,43.33,86.66,West,Cash
2674,2024-09-14,CUST_01912,Male,26,Beauty,Eye Shadow,3,99.13,297.39,East,Debit Card
1619,2024-09-14,CUST_00636,Female,51,Electronics,Headphones,1,483.47,483.47,East,Cash
8265,2024-09-14,CUST_01380,Male,31,Clothing,Shorts,1,105.55,105.55,East,Cash
3063,2024-09-14,CUST_01142,Female,29,Clothing,Jacket,2,145.53,291.06,North,Debit Card
2005,2024-09-14,CUST_01838,Female,53,Home & Kitchen,Pillow,1,174.02,174.02,East,Debit Card
2547,2024-09-14,CUST_00952,Male,32,Electronics,Bluetooth Speaker,2,74.03,148.06,West,Credit Card
9711,2024-09-14,CUST_00793,Female,70,Sports,Yoga Mat,2,89.32,178.64,North,Cash
8012,2024-09-14,CUST_01940,Male,26,Sports,Water Bottle,1,129.69,129.69,East,Cash
4982,2024-09-14,CUST_01330,Female,24,Clothing,Sneakers,1,74.5,74.5,North,Credit Card
4823,2024-09-14,CUST_01579,Male,62,Food,Dark Chocolate,1,30.86,30.86,South,Credit Card
10864,2024-09-14,CUST_01435,Female,39,Clothing,Hoodie,2,87.36,174.72,East,Cash
3960,2024-09-15,CUST_00590,Male,27,Clothing,Formal Shirt,1,99.04,99.04,East,Debit Card
7506,2024-09-15,CUST_01083,Female,39,Clothing,T-Shirt,4,133.92,535.68,South,Debit Card
7627,2024-09-15,CUST_00829,Female,35,Home & Kitchen,Bedsheet,2,107.56,215.12,West,Debit Card
3773,2024-09-15,CUST_00648,Female,54,Food,Mixed Nuts,2,25.96,51.92,North,Credit Card
2477,2024-09-15,CUST_01154,Female,66,Home & Kitchen,Pillow,2,90.89,181.78,South,UPI
7604,2024-09-15,CUST_01959,Male,62,Home & Kitchen,Storage Container,7,32.79,229.53,South,UPI
7897,2024-09-15,CUST_01969,Male,39,Food,Olive Oil,3,30.04,90.12,West,Credit Card
1390,2024-09-15,CUST_00004,Male,34,Electronics,Tablet,1,252.22,252.22,East,Credit Card
1121,2024-09-15,CUST_00827,Female,70,Clothing,Jeans,1,42.17,42.17,North,Debit Card
3927,2024-09-15,CUST_00031,Female,39,Home & Kitchen,Wall Clock,2,176.39,352.78,West,Debit Card
4406,2024-09-15,CUST_01272,Male,55,Home & Kitchen,Pillow,4,92.25,369.0,North,Credit Card
7672,2024-09-15,CUST_01202,Male,64,Beauty,Sunscreen,2,85.75,171.5,South,Credit Card
6517,2024-09-15,CUST_00542,Male,51,Clothing,Hoodie,1,127.11,127.11,West,Credit Card
7730,2024-09-15,CUST_01827,Male,40,Beauty,Face Wash,1,74.03,74.03,West,Debit Card
3706,2024-09-15,CUST_00694,Female,32,Home & Kitchen,Wall Clock,3,25.25,75.75,North,Debit Card
8490,2024-09-15,CUST_01437,Female,35,Beauty,Perfume,2,64.71,129.42,East,Credit Card
7699,2024-09-16,CUST_01271,Male,34,Food,Organic Honey,2,33.94,67.88,East,Cash
4542,2024-09-16,CUST_01351,Female,27,Sports,Yoga Mat,2,52.61,105.22,North,Credit Card
9682,2024-09-16,CUST_00070,Male,35,Home & Kitchen,Table Lamp,4,86.14,344.56,East,Credit Card
1271,2024-09-16,CUST_00733,Female,32,Clothing,Dress,5,138.8,694.0,West,Debit Card
1114,2024-09-16,CUST_01631,Female,30,Electronics,Bluetooth Speaker,2,191.29,382.58,West,UPI
1036,2024-09-16,CUST_01203,Female,22,Beauty,Face Wash,1,61.63,61.63,West,Debit Card
5862,2024-09-16,CUST_00107,Male,66,Food,Green Tea,2,11.14,22.28,East,UPI
5617,2024-09-16,CUST_01503,Male,65,Food,Granola,6,27.62,165.72,South,UPI
3553,2024-09-16,CUST_01847,Male,57,Food,Mixed Nuts,2,36.71,73.42,South,Debit Card
7310,2024-09-16,CUST_00715,Female,46,Electronics,Smartphone,4,417.14,1668.56,East,Debit Card
4832,2024-09-16,CUST_01091,Female,27,Clothing,Jacket,1,86.08,86.08,South,Credit Card
9636,2024-09-16,CUST_01335,Male,40,Home & Kitchen,Blender,2,224.36,448.72,East,Cash
10700,2024-09-16,CUST_01390,Female,22,Electronics,Tablet,4,258.97,1035.88,South,UPI
8734,2024-09-17,CUST_00417,Female,67,Home & Kitchen,Table Lamp,3,131.38,394.14,South,Cash
5325,2024-09-17,CUST_01990,Male,69,Clothing,Jeans,3,86.05,258.15,West,UPI
9670,2024-09-17,CUST_00608,Male,54,Beauty,Sunscreen,4,61.47,245.88,South,Cash
6341,2024-09-17,CUST_00409,Male,22,Home & Kitchen,Bedsheet,1,101.05,101.05,West,UPI
8393,2024-09-17,CUST_01719,Female,19,Home & Kitchen,Blender,1,37.64,37.64,East,Credit Card
2124,2024-09-17,CUST_01678,Female,65,Clothing,Jacket,2,50.73,101.46,South,Debit Card
1272,2024-09-17,CUST_01926,Male,21,Clothing,Shorts,1,39.92,39.92,North,Credit Card
10330,2024-09-17,CUST_01809,Female,67,Clothing,T-Shirt,1,75.77,75.77,West,Credit Card
9885,2024-09-17,CUST_01581,Female,43,Home & Kitchen,Storage Container,3,137.15,411.45,North,Debit Card
1708,2024-09-17,CUST_01020,Male,55,Beauty,Face Wash,4,119.11,476.44,East,Credit Card
9491,2024-09-17,CUST_01692,Male,34,Clothing,Sneakers,2,72.46,144.92,West,UPI
5224,2024-09-17,CUST_01334,Male,62,Beauty,Hair Oil,2,8.62,17.24,South,Credit Card
10194,2024-09-17,CUST_01468,Male,20,Clothing,Dress,2,54.15,108.3,South,Debit Card
5525,2024-09-17,CUST_01596,Female,34,Home & Kitchen,Cookware Set,2,63.17,126.34,East,Debit Card
10265,2024-09-17,CUST_00333,Female,45,Clothing,T-Shirt,2,118.94,237.88,East,UPI
6379,2024-09-17,CUST_00517,Male,44,Clothing,Jeans,2,52.84,105.68,East,Cash
8560,2024-09-17,CUST_00711,Male,70,Home & Kitchen,Storage Container,3,140.63,421.89,East,Cash
1518,2024-09-17,CUST_00157,Female,30,Electronics,USB Cable,1,146.68,146.68,West,UPI
7465,2024-09-18,CUST_00860,Male,40,Home & Kitchen,Pillow,1,22.52,22.52,South,Debit Card
9347,2024-09-18,CUST_00115,Male,53,Home & Kitchen,Knife Set,4,109.39,437.56,East,Credit Card
2835,2024-09-18,CUST_00449,Male,23,Clothing,Shorts,3,113.42,340.26,West,UPI
5640,2024-09-18,CUST_01224,Female,31,Electronics,Smart Watch,2,428.02,856.04,South,Cash
5546,2024-09-18,CUST_00576,Male,30,Electronics,Tablet,4,49.52,198.08,North,Cash
6481,2024-09-18,CUST_00585,Male,48,Home & Kitchen,Wall Clock,3,53.64,160.92,East,UPI
6960,2024-09-18,CUST_01771,Female,35,Clothing,Sneakers,3,103.67,311.01,East,Credit Card
10840,2024-09-18,CUST_01864,Male,69,Food,Olive Oil,3,16.09,48.27,North,Cash
10108,2024-09-18,CUST_01193,Female,56,Home & Kitchen,Blender,7,186.63,1306.41,West,Credit Card
3749,2024-09-18,CUST_00913,Female,38,Clothing,Jeans,3,66.6,199.8,East,Credit Card
5940,2024-09-18,CUST_00900,Male,26,Sports,Skipping Rope,3,189.51,568.53,East,Cash
10893,2024-09-18,CUST_01364,Male,20,Sports,Water Bottle,5,55.89,279.45,East,Credit Card
7941,2024-09-18,CUST_01362,Male,57,Beauty,Hair Oil,1,21.73,21.73,West,UPI
3889,2024-09-18,CUST_01385,Female,26,Clothing,Sneakers,2,120.67,241.34,South,Cash
7826,2024-09-18,CUST_00809,Female,43,Electronics,USB Cable,4,190.59,762.36,West,UPI
6663,2024-09-19,CUST_00800,Female,65,Home & Kitchen,Table Lamp,1,75.46,75.46,South,Debit Card
8654,2024-09-19,CUST_01077,Male,63,Home & Kitchen,Cookware Set,2,81.81,163.62,West,UPI
6869,2024-09-19,CUST_01452,Male,39,Food,Mixed Nuts,4,34.16,136.64,South,Cash
5178,2024-09-19,CUST_01335,Male,40,Home & Kitchen,Cookware Set,3,181.8,545.4,East,Credit Card
2511,2024-09-19,CUST_01129,Female,51,Food,Dark Chocolate,2,12.36,24.72,West,Debit Card
9361,2024-09-19,CUST_01398,Male,25,Home & Kitchen,Blender,1,146.88,146.88,North,UPI
10018,2024-09-19,CUST_01991,Male,55,Food,Olive Oil,1,21.48,21.48,North,Cash
1445,2024-09-19,CUST_01081,Male,18,Electronics,Power Bank,2,671.57,1343.14,North,Debit Card
10465,2024-09-19,CUST_01072,Male,23,Clothing,Hoodie,4,38.24,152.96,North,UPI
1531,2024-09-19,CUST_00729,Female,53,Beauty,Eye Shadow,2,117.76,235.52,East,UPI
8195,2024-09-19,CUST_00876,Female,43,Food,Protein Bar,1,20.84,20.84,East,UPI
8250,2024-09-19,CUST_00670,Male,32,Home & Kitchen,Pillow,5,71.64,358.2,South,Cash
1732,2024-09-20,CUST_00076,Male,39,Electronics,Smartphone,1,389.15,389.15,East,Cash
5330,2024-09-20,CUST_00819,Male,30,Clothing,T-Shirt,1,70.53,70.53,North,Cash
4179,2024-09-20,CUST_00693,Female,24,Food,Organic Honey,2,19.41,38.82,North,Cash
10190,2024-09-20,CUST_01516,Male,20,Electronics,Laptop,3,150.68,452.04,West,Credit Card
1504,2024-09-20,CUST_00005,Female,65,Home & Kitchen,Wall Clock,4,21.46,85.84,North,Debit Card
5269,2024-09-20,CUST_00486,Male,27,Electronics,Laptop,1,238.16,238.16,North,Credit Card
1379,2024-09-20,CUST_01168,Female,54,Food,Mixed Nuts,2,4.66,9.32,East,Cash
4375,2024-09-20,CUST_01518,Female,26,Clothing,Jacket,4,36.17,144.68,South,Debit Card
7049,2024-09-20,CUST_00418,Female,34,Home & Kitchen,Knife Set,3,170.39,511.17,East,Cash
2310,2024-09-20,CUST_01548,Male,40,Electronics,Power Bank,1,271.25,271.25,West,Credit Card
2729,2024-09-20,CUST_00190,Female,41,Food,Dark Chocolate,1,26.46,26.46,West,Credit Card
4861,2024-09-20,CUST_01327,Male,31,Food,Mixed Nuts,2,24.06,48.12,East,UPI
5870,2024-09-20,CUST_01863,Female,44,Clothing,Shorts,1,55.6,55.6,South,UPI
10607,2024-09-20,CUST_01601,Male,30,Sports,Football,4,130.05,520.2,West,Credit Card
10990,2024-09-21,CUST_00433,Female,69,Sports,Skipping Rope,2,174.83,349.66,West,Credit Card
1074,2024-09-21,CUST_01607,Female,19,Electronics,Smartphone,1,338.04,338.04,South,UPI
6804,2024-09-21,CUST_01634,Female,30,Clothing,Shorts,5,113.15,565.75,West,UPI
9171,2024-09-21,CUST_00976,Female,31,Home & Kitchen,Storage Container,1,38.27,38.27,East,Credit Card
2111,2024-09-21,CUST_01959,Male,62,Home & Kitchen,Knife Set,1,232.47,232.47,South,UPI
9101,2024-09-21,CUST_01780,Female,64,Home & Kitchen,Blender,1,172.01,172.01,East,Cash
10476,2024-09-21,CUST_01439,Male,61,Electronics,USB Cable,3,706.45,2119.35,South,UPI
6833,2024-09-21,CUST_00086,Male,57,Home & Kitchen,Knife Set,2,124.98,249.96,East,Cash
2852,2024-09-21,CUST_00337,Male,22,Beauty,Hair Oil,1,55.51,55.51,East,Debit Card
5999,2024-09-21,CUST_00077,Male,66,Clothing,Jacket,1,119.28,119.28,West,UPI
9862,2024-09-22,CUST_00538,Male,68,Food,Granola,4,15.33,61.32,North,Debit Card
2670,2024-09-22,CUST_00061,Male,35,Home & Kitchen,Table Lamp,2,177.7,355.4,West,Debit Card
1907,2024-09-22,CUST_00453,Female,19,Beauty,Perfume,1,92.09,92.09,East,Debit Card
4514,2024-09-22,CUST_01768,Male,64,Food,Protein Bar,3,16.01,48.03,West,UPI
8022,2024-09-22,CUST_00024,Female,37,Electronics,USB Cable,1,396.34,396.34,East,Credit Card
1187,2024-09-22,CUST_00106,Female,70,Food,Olive Oil,1,4.02,4.02,North,Credit Card
1738,2024-09-22,CUST_01587,Male,30,Electronics,Headphones,5,577.3,2886.5,West,Cash
10660,2024-09-22,CUST_00161,Male,47,Beauty,Hair Oil,3,59.78,179.34,South,UPI
9265,2024-09-22,CUST_01799,Male,30,Home & Kitchen,Wall Clock,4,132.53,530.12,North,Cash
2314,2024-09-22,CUST_00311,Female,27,Food,Mixed Nuts,1,12.79,12.79,East,Debit Card
3984,2024-09-22,CUST_00788,Male,53,Food,Organic Honey,6,23.77,142.62,North,UPI
4742,2024-09-22,CUST_01747,Male,54,Home & Kitchen,Blender,3,141.45,424.35,West,Debit Card
4985,2024-09-22,CUST_01975,Male,32,Home & Kitchen,Bedsheet,5,127.2,636.0,South,Credit Card
6176,2024-09-22,CUST_01411,Male,40,Home & Kitchen,Bedsheet,3,41.92,125.76,South,Debit Card
1681,2024-09-22,CUST_01069,Female,27,Electronics,Power Bank,2,305.04,610.08,East,Debit Card
2871,2024-09-22,CUST_01524,Female,18,Beauty,Sunscreen,3,70.32,210.96,East,UPI
3923,2024-09-22,CUST_00362,Female,70,Home & Kitchen,Blender,2,115.79,231.58,North,Credit Card
1990,2024-09-23,CUST_01342,Male,27,Clothing,Formal Shirt,1,119.77,119.77,South,Credit Card
1127,2024-09-23,CUST_00767,Female,33,Beauty,Face Wash,2,54.98,109.96,East,UPI
5774,2024-09-23,CUST_00030,Male,32,Food,Olive Oil,1,13.8,13.8,North,Cash
10994,2024-09-23,CUST_01332,Female,24,Electronics,Headphones,1,191.19,191.19,West,Cash
5057,2024-09-23,CUST_00401,Female,23,Beauty,Face Wash,7,71.45,500.15,North,Debit Card
9989,2024-09-23,CUST_01081,Male,18,Clothing,Hoodie,3,114.26,342.78,North,Cash
10051,2024-09-23,CUST_01828,Male,49,Sports,Resistance Band,1,21.77,21.77,East,Credit Card
4803,2024-09-23,CUST_01459,Female,45,Clothing,T-Shirt,4,106.26,425.04,West,UPI
7625,2024-09-23,CUST_01307,Female,47,Clothing,T-Shirt,4,54.64,218.56,West,UPI
8471,2024-09-23,CUST_00713,Female,44,Home & Kitchen,Knife Set,1,168.45,168.45,South,Credit Card
7012,2024-09-23,CUST_01191,Male,42,Home & Kitchen,Blender,1,34.34,34.34,North,UPI
2481,2024-09-23,CUST_01913,Female,24,Food,Peanut Butter,4,26.23,104.92,East,Debit Card
2166,2024-09-23,CUST_00306,Female,46,Clothing,Formal Shirt,2,37.4,74.8,North,UPI
3141,2024-09-23,CUST_00730,Male,65,Sports,Cricket Bat,1,22.13,22.13,East,Cash
7706,2024-09-23,CUST_00955,Female,42,Beauty,Moisturizer,4,105.57,422.28,West,Debit Card
5818,2024-09-24,CUST_00640,Female,50,Home & Kitchen,Cookware Set,3,110.02,330.06,North,Credit Card
5216,2024-09-24,CUST_00906,Male,21,Electronics,Headphones,1,752.29,752.29,West,UPI
10288,2024-09-24,CUST_00759,Female,48,Clothing,Sneakers,2,62.87,125.74,North,Credit Card
8516,2024-09-24,CUST_00770,Female,22,Sports,Yoga Mat,4,36.78,147.12,East,Cash
5343,2024-09-24,CUST_00742,Male,33,Electronics,Bluetooth Speaker,2,430.91,861.82,North,Debit Card
5709,2024-09-24,CUST_01811,Female,52,Food,Peanut Butter,1,29.59,29.59,North,Debit Card
10684,2024-09-24,CUST_00899,Male,21,Clothing,Sneakers,2,121.06,242.12,East,UPI
6623,2024-09-24,CUST_00685,Female,21,Beauty,Perfume,5,84.14,420.7,North,UPI
7955,2024-09-24,CUST_01881,Female,66,Sports,Running Shoes,4,93.71,374.84,West,Cash
2553,2024-09-24,CUST_01752,Male,68,Food,Green Tea,2,27.53,55.06,South,Credit Card
6788,2024-09-24,CUST_01981,Male,69,Food,Protein Bar,5,39.79,198.95,West,Debit Card
8241,2024-09-24,CUST_01341,Female,32,Home & Kitchen,Cookware Set,4,222.97,891.88,West,UPI
10166,2024-09-24,CUST_01812,Male,32,Food,Peanut Butter,3,6.62,19.86,West,Cash
6642,2024-09-24,CUST_01682,Female,42,Home & Kitchen,Blender,7,68.86,482.02,West,Cash
6573,2024-09-25,CUST_00787,Male,64,Home & Kitchen,Bedsheet,1,95.58,95.58,East,Credit Card
8931,2024-09-25,CUST_00080,Male,26,Clothing,Sneakers,2,14.95,29.9,North,Credit Card
6731,2024-09-25,CUST_00701,Male,49,Food,Peanut Butter,1,4.11,4.11,North,Debit Card
3146,2024-09-25,CUST_01969,Male,39,Home & Kitchen,Blender,3,103.17,309.51,West,Credit Card
10727,2024-09-25,CUST_01084,Male,26,Home & Kitchen,Pillow,2,243.09,486.18,North,Credit Card
4777,2024-09-25,CUST_01132,Female,52,Home & Kitchen,Pillow,2,130.66,261.32,North,Credit Card
6813,2024-09-25,CUST_00330,Female,59,Food,Peanut Butter,2,33.46,66.92,South,Credit Card
3327,2024-09-25,CUST_00700,Male,56,Beauty,Moisturizer,7,5.79,40.53,West,UPI
4276,2024-09-25,CUST_01227,Female,58,Food,Protein Bar,5,15.12,75.6,East,Credit Card
4359,2024-09-25,CUST_01553,Male,68,Beauty,Lipstick,4,27.68,110.72,West,Cash
8845,2024-09-25,CUST_01238,Male,33,Home & Kitchen,Pillow,2,161.19,322.38,East,UPI
6613,2024-09-25,CUST_00427,Male,62,Food,Green Tea,4,16.14,64.56,South,Credit Card
1438,2024-09-25,CUST_01916,Male,68,Food,Dark Chocolate,5,13.42,67.1,South,Credit Card
8569,2024-09-25,CUST_01643,Male,49,Electronics,Smart Watch,3,770.64,2311.92,East,Debit Card
4819,2024-09-25,CUST_00745,Female,31,Sports,Football,1,137.4,137.4,West,UPI
9341,2024-09-25,CUST_00708,Male,34,Home & Kitchen,Storage Container,2,137.2,274.4,East,UPI
5805,2024-09-25,CUST_00482,Female,60,Food,Organic Honey,4,23.04,92.16,East,Credit Card
1770,2024-09-25,CUST_00965,Male,35,Electronics,Smartphone,1,166.59,166.59,West,UPI
2565,2024-09-26,CUST_01281,Male,59,Electronics,Headphones,1,612.59,612.59,South,Credit Card
3089,2024-09-26,CUST_01898,Male,51,Food,Olive Oil,7,28.14,196.98,East,Debit Card
10431,2024-09-26,CUST_00991,Female,52,Beauty,Foundation,2,34.16,68.32,East,Debit Card
3591,2024-09-26,CUST_00295,Female,35,Beauty,Eye Shadow,1,73.05,73.05,North,Credit Card
4562,2024-09-26,CUST_00059,Female,19,Electronics,Power Bank,1,149.41,149.41,South,Debit Card
8886,2024-09-26,CUST_00576,Male,30,Sports,Yoga Mat,4,67.88,271.52,North,UPI
6990,2024-09-26,CUST_00097,Male,28,Clothing,Hoodie,3,122.63,367.89,West,Debit Card
5053,2024-09-26,CUST_00429,Female,61,Food,Mixed Nuts,2,35.89,71.78,North,Debit Card
3657,2024-09-26,CUST_00018,Male,47,Clothing,Formal Shirt,7,117.56,822.92,North,UPI
6779,2024-09-26,CUST_00349,Male,21,Electronics,Smart Watch,2,160.48,320.96,East,Credit Card
1293,2024-09-26,CUST_00080,Male,26,Electronics,Laptop,5,377.85,1889.25,North,Credit Card
8156,2024-09-26,CUST_01030,Female,26,Electronics,Laptop,3,243.73,731.19,West,Cash
4132,2024-09-26,CUST_00911,Female,39,Beauty,Perfume,1,15.42,15.42,East,Debit Card
1508,2024-09-26,CUST_00203,Female,55,Sports,Dumbbells,4,29.34,117.36,North,Cash
2684,2024-09-26,CUST_01761,Female,66,Home & Kitchen,Wall Clock,3,63.19,189.57,North,Credit Card
10931,2024-09-26,CUST_00990,Male,68,Home & Kitchen,Wall Clock,2,69.09,138.18,East,Debit Card
3381,2024-09-26,CUST_01763,Female,22,Beauty,Perfume,5,92.3,461.5,West,Credit Card
4833,2024-09-27,CUST_01510,Female,46,Electronics,Smart Watch,4,616.89,2467.56,West,Cash
5026,2024-09-27,CUST_01226,Male,36,Food,Green Tea,3,34.81,104.43,West,UPI
7472,2024-09-27,CUST_00659,Male,54,Food,Organic Honey,1,33.84,33.84,South,UPI
4896,2024-09-27,CUST_00119,Male,41,Home & Kitchen,Storage Container,1,223.19,223.19,North,UPI
5880,2024-09-27,CUST_01688,Male,18,Clothing,Formal Shirt,1,81.97,81.97,North,Credit Card
4159,2024-09-27,CUST_00266,Male,48,Sports,Dumbbells,4,161.61,646.44,West,Credit Card
10570,2024-09-27,CUST_00922,Female,35,Clothing,Shorts,1,80.87,80.87,East,Debit Card
3325,2024-09-27,CUST_00575,Female,64,Food,Mixed Nuts,1,39.27,39.27,South,Credit Card
2141,2024-09-27,CUST_01476,Female,66,Beauty,Moisturizer,1,49.52,49.52,West,UPI
9952,2024-09-27,CUST_00253,Female,55,Food,Granola,6,30.63,183.78,West,Cash
7344,2024-09-27,CUST_01458,Female,32,Beauty,Foundation,5,102.91,514.55,South,Cash
4818,2024-09-27,CUST_00633,Male,34,Food,Organic Honey,2,28.26,56.52,West,Debit Card
7714,2024-09-27,CUST_00791,Male,21,Clothing,Formal Shirt,6,100.87,605.22,North,Cash
9152,2024-09-27,CUST_01532,Female,34,Clothing,Sneakers,1,44.93,44.93,West,Cash
5349,2024-09-28,CUST_00954,Male,56,Food,Granola,3,19.85,59.55,South,Credit Card
2161,2024-09-28,CUST_00832,Male,36,Food,Protein Bar,3,15.08,45.24,West,Debit Card
3154,2024-09-28,CUST_00735,Male,25,Home & Kitchen,Pillow,1,130.65,130.65,North,Credit Card
5024,2024-09-28,CUST_00513,Male,21,Electronics,Smartphone,3,261.31,783.93,West,Credit Card
9326,2024-09-28,CUST_00010,Male,25,Electronics,Headphones,1,513.47,513.47,East,Cash
2938,2024-09-28,CUST_01523,Male,66,Food,Olive Oil,2,3.78,7.56,West,UPI
4397,2024-09-28,CUST_00272,Female,31,Home & Kitchen,Table Lamp,2,20.74,41.48,East,Credit Card
7791,2024-09-28,CUST_00080,Male,26,Clothing,Shorts,5,18.74,93.7,North,Credit Card
8414,2024-09-28,CUST_01873,Male,19,Beauty,Sunscreen,1,81.98,81.98,South,Credit Card
4607,2024-09-28,CUST_01534,Female,27,Clothing,T-Shirt,7,75.72,530.04,North,Debit Card
6950,2024-09-28,CUST_00257,Female,55,Beauty,Eye Shadow,1,46.9,46.9,West,Credit Card
6970,2024-09-28,CUST_00301,Female,64,Electronics,Bluetooth Speaker,2,215.43,430.86,West,Debit Card
2648,2024-09-28,CUST_01157,Male,55,Electronics,Smart Watch,2,535.91,1071.82,North,Cash
1404,2024-09-29,CUST_01741,Female,46,Home & Kitchen,Cookware Set,2,68.16,136.32,West,UPI
4691,2024-09-29,CUST_00938,Female,40,Clothing,Jeans,1,51.45,51.45,North,Debit Card
4874,2024-09-29,CUST_01236,Male,35,Clothing,Dress,1,27.73,27.73,South,Cash
9641,2024-09-29,CUST_00761,Male,53,Food,Green Tea,2,18.85,37.7,East,Debit Card
3501,2024-09-29,CUST_01211,Male,62,Home & Kitchen,Bedsheet,3,122.16,366.48,East,Credit Card
4653,2024-09-29,CUST_00055,Female,23,Electronics,Bluetooth Speaker,2,510.46,1020.92,East,Credit Card
5776,2024-09-29,CUST_00252,Female,38,Home & Kitchen,Bedsheet,3,130.09,390.27,South,Cash
10556,2024-09-29,CUST_00137,Male,28,Clothing,Formal Shirt,1,93.01,93.01,East,Debit Card
9027,2024-09-29,CUST_00918,Female,40,Food,Mixed Nuts,6,34.09,204.54,North,Cash
7281,2024-09-29,CUST_00346,Female,27,Electronics,Power Bank,5,335.08,1675.4,South,Credit Card
3951,2024-09-29,CUST_01847,Male,57,Home & Kitchen,Table Lamp,5,40.91,204.55,South,Credit Card
4784,2024-09-29,CUST_00901,Female,37,Clothing,Jeans,4,12.22,48.88,West,Cash
5344,2024-09-29,CUST_00757,Female,31,Food,Granola,3,20.95,62.85,East,UPI
6583,2024-09-29,CUST_01976,Male,48,Home & Kitchen,Knife Set,1,178.01,178.01,East,Credit Card
6262,2024-09-29,CUST_00652,Female,56,Electronics,Bluetooth Speaker,2,52.09,104.18,East,Debit Card
2741,2024-09-29,CUST_01018,Male,51,Electronics,Smart Watch,2,343.56,687.12,South,Debit Card
3432,2024-09-29,CUST_00178,Male,61,Food,Peanut Butter,3,21.99,65.97,East,Debit Card
9560,2024-09-30,CUST_01542,Female,48,Home & Kitchen,Pillow,1,136.54,136.54,North,UPI
5664,2024-09-30,CUST_00489,Female,67,Food,Dark Chocolate,1,36.23,36.23,East,Debit Card
9702,2024-09-30,CUST_01450,Female,70,Beauty,Eye Shadow,2,109.73,219.46,South,UPI
5305,2024-09-30,CUST_01214,Female,42,Home & Kitchen,Wall Clock,2,127.37,254.74,North,Credit Card
4189,2024-09-30,CUST_00354,Male,54,Beauty,Face Wash,4,45.56,182.24,North,UPI
10430,2024-09-30,CUST_01606,Male,32,Beauty,Sunscreen,1,40.82,40.82,North,Credit Card
1063,2024-09-30,CUST_00553,Male,36,Electronics,Headphones,1,324.42,324.42,West,Credit Card
7978,2024-09-30,CUST_00937,Female,44,Sports,Dumbbells,2,115.14,230.28,North,Credit Card
3150,2024-09-30,CUST_00832,Male,36,Clothing,Jeans,4,56.86,227.44,West,Debit Card
5309,2024-09-30,CUST_00927,Female,43,Clothing,Jacket,1,40.04,40.04,South,Debit Card
7723,2024-09-30,CUST_01257,Female,56,Electronics,Smart Watch,2,495.65,991.3,North,Credit Card
7378,2024-09-30,CUST_01140,Female,25,Electronics,Smartphone,7,380.82,2665.74,North,UPI
3532,2024-09-30,CUST_01345,Female,63,Sports,Yoga Mat,2,157.42,314.84,South,Credit Card
6544,2024-09-30,CUST_00032,Female,19,Beauty,Moisturizer,1,37.83,37.83,East,UPI
10812,2024-09-30,CUST_00954,Male,56,Beauty,Eye Shadow,3,34.09,102.27,South,Credit Card
2396,2024-09-30,CUST_01549,Male,35,Food,Olive Oil,2,18.15,36.3,South,Cash
2030,2024-09-30,CUST_01010,Female,39,Electronics,USB Cable,6,313.23,1879.38,North,Cash
9300,2024-09-30,CUST_00861,Female,21,Sports,Football,1,17.68,17.68,South,Credit Card
9924,2024-09-30,CUST_00197,Male,69,Food,Olive Oil,3,16.25,48.75,West,Debit Card
9351,2024-10-01,CUST_00840,Female,21,Home & Kitchen,Pillow,1,27.87,27.87,North,UPI
1944,2024-10-01,CUST_00528,Male,41,Home & Kitchen,Bedsheet,5,195.1,975.5,South,UPI
10362,2024-10-01,CUST_01981,Male,69,Food,Granola,1,12.03,12.03,West,Debit Card
3254,2024-10-01,CUST_00756,Male,46,Electronics,Smart Watch,3,257.61,772.83,South,Cash
9918,2024-10-01,CUST_00136,Male,47,Electronics,Bluetooth Speaker,3,341.56,1024.68,South,Cash
7370,2024-10-01,CUST_00653,Male,59,Beauty,Lipstick,3,43.0,129.0,South,Cash
3217,2024-10-01,CUST_00127,Male,47,Home & Kitchen,Cookware Set,1,26.73,26.73,West,Credit Card
6874,2024-10-01,CUST_01731,Female,21,Electronics,Smartphone,4,114.72,458.88,West,Debit Card
5665,2024-10-01,CUST_00273,Male,25,Beauty,Sunscreen,4,15.56,62.24,West,Credit Card
1893,2024-10-01,CUST_01511,Male,52,Home & Kitchen,Storage Container,3,215.33,645.99,East,Credit Card
8549,2024-10-01,CUST_01499,Male,54,Food,Mixed Nuts,3,26.44,79.32,North,Credit Card
10978,2024-10-01,CUST_01372,Female,19,Electronics,USB Cable,3,712.89,2138.67,North,Debit Card
6182,2024-10-01,CUST_01173,Male,67,Clothing,T-Shirt,4,138.7,554.8,South,Debit Card
2972,2024-10-02,CUST_00757,Female,31,Clothing,Formal Shirt,3,118.88,356.64,East,Cash
3248,2024-10-02,CUST_01780,Female,64,Food,Protein Bar,1,32.76,32.76,East,UPI
8958,2024-10-02,CUST_01541,Male,46,Electronics,Power Bank,6,734.35,4406.1,West,UPI
9892,2024-10-02,CUST_00166,Female,65,Home & Kitchen,Storage Container,3,236.6,709.8,West,Cash
5144,2024-10-02,CUST_01839,Female,22,Sports,Dumbbells,3,50.62,151.86,East,Cash
5442,2024-10-02,CUST_01579,Male,62,Beauty,Perfume,3,44.63,133.89,South,UPI
10899,2024-10-02,CUST_00260,Male,38,Sports,Yoga Mat,6,142.91,857.46,East,Debit Card
4760,2024-10-02,CUST_00647,Male,26,Sports,Water Bottle,2,31.63,63.26,North,Debit Card
7060,2024-10-02,CUST_00437,Male,31,Home & Kitchen,Storage Container,1,130.37,130.37,West,UPI
8003,2024-10-02,CUST_01483,Female,57,Food,Protein Bar,2,8.36,16.72,East,Debit Card
1717,2024-10-02,CUST_00872,Male,24,Home & Kitchen,Blender,3,50.14,150.42,South,UPI
8847,2024-10-03,CUST_00945,Male,26,Beauty,Eye Shadow,2,27.59,55.18,North,Cash
5453,2024-10-03,CUST_00334,Female,42,Sports,Water Bottle,1,41.93,41.93,West,Credit Card
8307,2024-10-03,CUST_00966,Female,46,Beauty,Perfume,4,54.97,219.88,West,Credit Card
4006,2024-10-03,CUST_00368,Male,43,Beauty,Foundation,1,92.93,92.93,South,Debit Card
8502,2024-10-03,CUST_01425,Male,59,Beauty,Perfume,4,38.03,152.12,West,Debit Card
10034,2024-10-03,CUST_01292,Male,34,Clothing,Hoodie,3,64.13,192.39,East,Debit Card
4981,2024-10-03,CUST_01734,Female,62,Beauty,Eye Shadow,1,17.84,17.84,East,Credit Card
10561,2024-10-03,CUST_00578,Female,48,Sports,Football,2,68.68,137.36,South,Debit Card
6743,2024-10-03,CUST_01740,Female,26,Home & Kitchen,Table Lamp,2,95.83,191.66,West,Credit Card
4898,2024-10-03,CUST_01469,Female,23,Clothing,Shorts,4,38.25,153.0,North,Credit Card
2167,2024-10-03,CUST_01621,Female,51,Home & Kitchen,Pillow,2,147.39,294.78,East,Debit Card
1013,2024-10-03,CUST_00240,Male,58,Food,Dark Chocolate,1,29.6,29.6,East,Cash
9075,2024-10-03,CUST_01190,Male,37,Food,Granola,5,24.59,122.95,South,Debit Card
6521,2024-10-04,CUST_00955,Female,42,Home & Kitchen,Knife Set,1,178.55,178.55,West,Cash
1932,2024-10-04,CUST_00481,Female,48,Home & Kitchen,Bedsheet,5,223.2,1116.0,East,Cash
7984,2024-10-04,CUST_00180,Male,21,Clothing,Dress,3,115.69,347.07,South,Credit Card
3536,2024-10-04,CUST_01274,Female,63,Home & Kitchen,Blender,4,36.66,146.64,West,UPI
3444,2024-10-04,CUST_01248,Female,41,Home & Kitchen,Knife Set,1,91.3,91.3,North,Debit Card
4952,2024-10-04,CUST_00691,Female,51,Home & Kitchen,Knife Set,4,194.53,778.12,East,Cash
4722,2024-10-04,CUST_00512,Female,44,Beauty,Moisturizer,2,49.5,99.0,North,UPI
6093,2024-10-04,CUST_00759,Female,48,Sports,Dumbbells,1,69.94,69.94,North,Credit Card
6555,2024-10-04,CUST_00467,Male,53,Food,Peanut Butter,2,26.66,53.32,West,Debit Card
4860,2024-10-04,CUST_01853,Male,46,Home & Kitchen,Storage Container,3,95.79,287.37,North,UPI
6668,2024-10-04,CUST_01645,Male,32,Clothing,Sneakers,6,89.91,539.46,South,Credit Card
1166,2024-10-05,CUST_00747,Female,70,Home & Kitchen,Table Lamp,1,237.41,237.41,West,UPI
4275,2024-10-05,CUST_00960,Female,30,Clothing,T-Shirt,1,133.74,133.74,East,Debit Card
5657,2024-10-05,CUST_01396,Male,45,Food,Olive Oil,3,33.66,100.98,South,UPI
7528,2024-10-05,CUST_00433,Female,69,Electronics,Laptop,1,153.29,153.29,West,Debit Card
10690,2024-10-05,CUST_01946,Male,50,Electronics,Bluetooth Speaker,5,538.92,2694.6,North,Debit Card
1315,2024-10-05,CUST_00356,Male,25,Beauty,Hair Oil,2,113.41,226.82,West,Cash
8467,2024-10-05,CUST_00848,Female,22,Sports,Dumbbells,1,21.68,21.68,West,Debit Card
6569,2024-10-05,CUST_00945,Male,26,Electronics,Headphones,2,508.43,1016.86,North,UPI
7174,2024-10-05,CUST_00523,Female,58,Food,Organic Honey,3,29.6,88.8,West,Credit Card
10929,2024-10-05,CUST_00444,Male,52,Food,Organic Honey,3,36.95,110.85,East,Cash
8097,2024-10-05,CUST_01331,Male,18,Food,Green Tea,5,13.83,69.15,North,Debit Card
7160,2024-10-05,CUST_01704,Male,19,Sports,Resistance Band,4,109.13,436.52,West,Credit Card
3682,2024-10-05,CUST_00090,Male,53,Electronics,Power Bank,1,138.41,138.41,South,Cash
8036,2024-10-05,CUST_00780,Female,53,Beauty,Perfume,2,26.1,52.2,West,Debit Card
10357,2024-10-05,CUST_01174,Male,64,Food,Organic Honey,2,21.57,43.14,East,Cash
7259,2024-10-05,CUST_01879,Male,31,Beauty,Lipstick,4,60.85,243.4,North,UPI
3890,2024-10-05,CUST_01092,Male,63,Food,Olive Oil,2,7.66,15.32,East,Debit Card
4206,2024-10-06,CUST_00204,Male,60,Home & Kitchen,Wall Clock,2,139.41,278.82,East,Credit Card
10195,2024-10-06,CUST_01751,Male,45,Electronics,Power Bank,1,739.81,739.81,North,UPI
8511,2024-10-06,CUST_00383,Male,23,Sports,Water Bottle,1,143.26,143.26,West,Cash
4475,2024-10-06,CUST_00113,Female,44,Beauty,Face Wash,4,66.2,264.8,East,UPI
7757,2024-10-06,CUST_01673,Male,37,Electronics,Headphones,2,145.03,290.06,North,Cash
4425,2024-10-06,CUST_01148,Male,68,Electronics,Power Bank,1,320.89,320.89,South,Credit Card
2152,2024-10-06,CUST_00243,Female,42,Home & Kitchen,Cookware Set,1,68.44,68.44,South,Credit Card
6083,2024-10-06,CUST_00258,Female,69,Food,Dark Chocolate,3,15.74,47.22,North,Debit Card
4469,2024-10-06,CUST_00011,Female,25,Clothing,Jeans,1,22.1,22.1,East,Debit Card
3176,2024-10-06,CUST_00673,Male,58,Home & Kitchen,Blender,4,22.65,90.6,South,Cash
2448,2024-10-06,CUST_01207,Female,62,Home & Kitchen,Wall Clock,1,148.02,148.02,South,UPI
8690,2024-10-06,CUST_01943,Male,36,Clothing,Shorts,2,101.39,202.78,South,UPI
9011,2024-10-07,CUST_01991,Male,55,Home & Kitchen,Pillow,1,195.89,195.89,North,Credit Card
3977,2024-10-07,CUST_01989,Male,47,Food,Protein Bar,5,6.15,30.75,North,UPI
4667,2024-10-07,CUST_00817,Female,53,Electronics,Smart Watch,2,122.89,245.78,East,Cash
3611,2024-10-07,CUST_01168,Female,54,Home & Kitchen,Wall Clock,1,121.53,121.53,East,Credit Card
8871,2024-10-07,CUST_00428,Female,68,Sports,Football,1,130.86,130.86,South,Debit Card
1812,2024-10-07,CUST_00335,Male,67,Sports,Resistance Band,1,156.39,156.39,East,Cash
8990,2024-10-07,CUST_00309,Female,36,Food,Dark Chocolate,4,22.48,89.92,North,UPI
5378,2024-10-07,CUST_01966,Female,39,Sports,Water Bottle,4,36.39,145.56,North,Cash
4130,2024-10-07,CUST_01713,Male,23,Sports,Running Shoes,1,99.44,99.44,East,Credit Card
5984,2024-10-07,CUST_00812,Female,47,Food,Mixed Nuts,1,22.09,22.09,North,Cash
1525,2024-10-07,CUST_00511,Male,38,Clothing,Formal Shirt,4,90.27,361.08,East,Debit Card
6616,2024-10-07,CUST_01677,Male,33,Food,Organic Honey,1,18.95,18.95,East,Debit Card
5668,2024-10-07,CUST_01561,Female,30,Sports,Water Bottle,2,70.42,140.84,South,Cash
4582,2024-10-07,CUST_00822,Male,45,Clothing,Jacket,6,83.47,500.82,East,Credit Card
2780,2024-10-08,CUST_01780,Female,64,Beauty,Foundation,2,35.36,70.72,East,Cash
7451,2024-10-08,CUST_01982,Male,68,Beauty,Face Wash,4,110.48,441.92,North,Debit Card
4829,2024-10-08,CUST_01271,Male,34,Clothing,T-Shirt,3,97.43,292.29,East,Debit Card
2559,2024-10-08,CUST_00279,Female,59,Food,Granola,2,30.55,61.1,West,Credit Card
4094,2024-10-08,CUST_00409,Male,22,Sports,Skipping Rope,1,22.38,22.38,West,Debit Card
6638,2024-10-08,CUST_01110,Female,47,Home & Kitchen,Storage Container,1,200.21,200.21,East,UPI
8710,2024-10-08,CUST_01148,Male,68,Clothing,Dress,1,63.52,63.52,South,UPI
2963,2024-10-08,CUST_01062,Male,34,Beauty,Foundation,7,75.11,525.77,East,UPI
4573,2024-10-08,CUST_01254,Male,30,Clothing,Jeans,2,74.17,148.34,West,UPI
8535,2024-10-08,CUST_01086,Male,50,Home & Kitchen,Wall Clock,3,125.46,376.38,East,Debit Card
2874,2024-10-08,CUST_01898,Male,51,Beauty,Lipstick,6,103.89,623.34,East,Cash
8592,2024-10-08,CUST_00707,Female,59,Beauty,Moisturizer,2,27.08,54.16,West,Debit Card
9806,2024-10-09,CUST_01837,Male,57,Food,Olive Oil,3,8.49,25.47,East,UPI
2859,2024-10-09,CUST_01823,Female,63,Electronics,USB Cable,5,529.01,2645.05,East,UPI
7985,2024-10-09,CUST_00840,Female,21,Electronics,Laptop,4,394.02,1576.08,North,Cash
8290,2024-10-09,CUST_01420,Male,55,Food,Green Tea,5,18.55,92.75,East,Debit Card
1726,2024-10-09,CUST_01100,Female,44,Home & Kitchen,Cookware Set,7,147.52,1032.64,West,UPI
6438,2024-10-09,CUST_01677,Male,33,Home & Kitchen,Bedsheet,1,152.26,152.26,East,Credit Card
2980,2024-10-09,CUST_01178,Male,29,Clothing,Hoodie,1,84.51,84.51,West,Credit Card
2642,2024-10-09,CUST_01528,Female,42,Food,Granola,7,29.83,208.81,North,Credit Card
3164,2024-10-09,CUST_01907,Female,57,Home & Kitchen,Pillow,1,238.68,238.68,South,UPI
7530,2024-10-09,CUST_00353,Female,28,Electronics,USB Cable,6,753.88,4523.28,West,Credit Card
3619,2024-10-09,CUST_00270,Female,32,Sports,Water Bottle,3,199.51,598.53,North,Debit Card
1524,2024-10-09,CUST_01429,Male,39,Electronics,Headphones,1,39.6,39.6,West,Debit Card
7967,2024-10-09,CUST_01373,Male,27,Clothing,Jacket,1,14.78,14.78,North,Cash
5396,2024-10-09,CUST_01069,Female,27,Beauty,Lipstick,4,97.28,389.12,East,Credit Card
7198,2024-10-09,CUST_00637,Male,20,Clothing,Sneakers,2,140.35,280.7,North,Cash
7265,2024-10-09,CUST_00425,Female,36,Electronics,Laptop,1,364.13,364.13,West,Debit Card
9022,2024-10-09,CUST_01757,Male,25,Home & Kitchen,Table Lamp,2,76.86,153.72,South,Credit Card
9296,2024-10-09,CUST_00540,Female,23,Electronics,Headphones,1,493.27,493.27,North,Debit Card
6440,2024-10-10,CUST_00155,Male,49,Home & Kitchen,Cookware Set,1,30.81,30.81,North,UPI
7279,2024-10-10,CUST_01450,Female,70,Home & Kitchen,Cookware Set,1,181.53,181.53,South,Debit Card
6097,2024-10-10,CUST_00568,Male,41,Electronics,Smartphone,2,21.04,42.08,West,Cash
3782,2024-10-10,CUST_01611,Male,30,Home & Kitchen,Table Lamp,3,61.29,183.87,West,Cash
10343,2024-10-10,CUST_01123,Female,51,Home & Kitchen,Cookware Set,2,103.91,207.82,East,Cash
4905,2024-10-10,CUST_00541,Male,31,Beauty,Eye Shadow,4,10.29,41.16,South,UPI
7236,2024-10-10,CUST_00677,Male,43,Home & Kitchen,Cookware Set,2,42.6,85.2,West,Credit Card
4277,2024-10-10,CUST_00968,Female,49,Food,Granola,3,7.33,21.99,East,Debit Card
10428,2024-10-10,CUST_00083,Female,28,Beauty,Perfume,2,95.13,190.26,West,UPI
5728,2024-10-10,CUST_00429,Female,61,Clothing,Jacket,1,67.23,67.23,North,Debit Card
6821,2024-10-10,CUST_01216,Female,26,Clothing,Jeans,6,121.98,731.88,North,UPI
6626,2024-10-10,CUST_00601,Female,34,Clothing,T-Shirt,4,70.17,280.68,West,Credit Card
2407,2024-10-10,CUST_01827,Male,40,Electronics,Smartphone,6,416.22,2497.32,West,Cash
9813,2024-10-11,CUST_01215,Female,37,Beauty,Moisturizer,1,89.12,89.12,East,Cash
6469,2024-10-11,CUST_01030,Female,26,Food,Organic Honey,1,16.18,16.18,West,Credit Card
7513,2024-10-11,CUST_00714,Female,37,Sports,Yoga Mat,1,129.67,129.67,North,Credit Card
10907,2024-10-11,CUST_01961,Male,50,Food,Dark Chocolate,6,39.27,235.62,East,Credit Card
2028,2024-10-11,CUST_00341,Female,67,Home & Kitchen,Cookware Set,3,212.57,637.71,North,UPI
2244,2024-10-11,CUST_01260,Female,66,Beauty,Perfume,1,11.11,11.11,North,Credit Card
4900,2024-10-11,CUST_01956,Male,38,Clothing,Jeans,2,125.88,251.76,West,Credit Card
4398,2024-10-11,CUST_00128,Female,36,Electronics,USB Cable,3,287.21,861.63,North,Cash
1377,2024-10-11,CUST_00160,Female,29,Home & Kitchen,Knife Set,3,152.88,458.64,West,Credit Card
5950,2024-10-11,CUST_00069,Female,42,Electronics,Smart Watch,3,45.46,136.38,West,Debit Card
10534,2024-10-11,CUST_01059,Female,18,Sports,Cricket Bat,2,14.22,28.44,South,Debit Card
4618,2024-10-11,CUST_00972,Male,44,Electronics,Tablet,3,282.68,848.04,West,Credit Card
7517,2024-10-11,CUST_01811,Female,52,Beauty,Perfume,4,108.41,433.64,North,Cash
2762,2024-10-11,CUST_01653,Female,28,Sports,Resistance Band,4,74.11,296.44,North,Debit Card
9716,2024-10-11,CUST_00043,Male,69,Electronics,Tablet,4,544.07,2176.28,West,Credit Card
3372,2024-10-11,CUST_01435,Female,39,Clothing,Jacket,2,142.02,284.04,East,Credit Card
9591,2024-10-12,CUST_01794,Male,48,Home & Kitchen,Storage Container,3,232.74,698.22,North,UPI
10303,2024-10-12,CUST_00034,Female,23,Home & Kitchen,Table Lamp,5,177.67,888.35,South,Credit Card
10285,2024-10-12,CUST_00588,Male,62,Beauty,Foundation,2,96.71,193.42,West,Credit Card
7059,2024-10-12,CUST_01085,Female,60,Home & Kitchen,Storage Container,1,159.4,159.4,South,Debit Card
1772,2024-10-12,CUST_01217,Male,37,Home & Kitchen,Knife Set,3,110.02,330.06,East,UPI
5070,2024-10-12,CUST_00494,Male,18,Home & Kitchen,Table Lamp,4,244.78,979.12,East,Debit Card
2854,2024-10-12,CUST_01253,Female,25,Clothing,Hoodie,2,84.17,168.34,South,Debit Card
5607,2024-10-12,CUST_00373,Female,59,Home & Kitchen,Table Lamp,2,149.56,299.12,South,Debit Card
3543,2024-10-12,CUST_00337,Male,22,Home & Kitchen,Bedsheet,1,144.94,144.94,East,Credit Card
10038,2024-10-12,CUST_01009,Female,53,Home & Kitchen,Knife Set,1,206.04,206.04,East,Cash
9286,2024-10-12,CUST_00025,Female,54,Home & Kitchen,Blender,4,12.55,50.2,West,UPI
3719,2024-10-12,CUST_00052,Male,62,Food,Olive Oil,3,35.26,105.78,East,Cash
10219,2024-10-12,CUST_01576,Male,38,Food,Olive Oil,3,30.53,91.59,West,Credit Card
10694,2024-10-12,CUST_00383,Male,23,Electronics,Smartphone,1,51.47,51.47,West,Cash
9520,2024-10-12,CUST_00011,Female,25,Home & Kitchen,Bedsheet,1,107.0,107.0,East,Cash
3509,2024-10-12,CUST_00087,Female,68,Beauty,Foundation,1,87.69,87.69,East,Debit Card
8896,2024-10-13,CUST_00850,Female,30,Beauty,Foundation,5,64.76,323.8,North,Cash
6008,2024-10-13,CUST_00519,Male,26,Home & Kitchen,Knife Set,3,168.84,506.52,North,Cash
9624,2024-10-13,CUST_01718,Female,62,Electronics,Smart Watch,5,766.17,3830.85,East,Debit Card
4704,2024-10-13,CUST_01622,Female,55,Home & Kitchen,Cookware Set,2,112.79,225.58,West,UPI
5943,2024-10-13,CUST_00118,Female,19,Clothing,Shorts,5,92.4,462.0,South,UPI
10847,2024-10-13,CUST_00445,Male,55,Home & Kitchen,Table Lamp,2,243.95,487.9,East,Debit Card
7055,2024-10-13,CUST_01492,Male,36,Home & Kitchen,Pillow,6,119.59,717.54,West,Debit Card
3826,2024-10-13,CUST_01092,Male,63,Beauty,Moisturizer,2,24.1,48.2,East,UPI
3918,2024-10-13,CUST_00332,Female,70,Food,Dark Chocolate,2,9.13,18.26,West,Debit Card
4509,2024-10-13,CUST_01221,Male,70,Home & Kitchen,Table Lamp,1,121.63,121.63,North,UPI
3658,2024-10-14,CUST_00580,Male,33,Food,Dark Chocolate,1,19.19,19.19,South,Cash
2008,2024-10-14,CUST_00778,Female,56,Home & Kitchen,Cookware Set,4,95.7,382.8,South,Cash
6974,2024-10-14,CUST_00152,Male,70,Food,Peanut Butter,2,25.87,51.74,North,UPI
1537,2024-10-14,CUST_00047,Male,34,Sports,Dumbbells,2,127.65,255.3,South,Debit Card
5654,2024-10-14,CUST_01292,Male,34,Food,Organic Honey,5,3.46,17.3,East,Cash
5201,2024-10-14,CUST_01348,Male,62,Home & Kitchen,Bedsheet,4,97.94,391.76,East,Debit Card
8498,2024-10-14,CUST_00998,Male,62,Food,Olive Oil,2,11.06,22.12,North,Cash
1220,2024-10-14,CUST_01689,Male,60,Beauty,Face Wash,2,31.26,62.52,West,Debit Card
3055,2024-10-14,CUST_01500,Male,27,Electronics,Headphones,4,126.69,506.76,South,Debit Card
5089,2024-10-14,CUST_01620,Female,18,Beauty,Perfume,1,83.27,83.27,South,Cash
8364,2024-10-14,CUST_00840,Female,21,Electronics,Bluetooth Speaker,6,336.15,2016.9,North,Credit Card
10861,2024-10-14,CUST_01693,Female,32,Clothing,Formal Shirt,1,12.03,12.03,South,Cash
2666,2024-10-15,CUST_00858,Male,43,Home & Kitchen,Table Lamp,2,161.26,322.52,North,Credit Card
5158,2024-10-15,CUST_00589,Female,46,Home & Kitchen,Table Lamp,4,248.97,995.88,East,UPI
1253,2024-10-15,CUST_00144,Female,19,Home & Kitchen,Knife Set,3,161.17,483.51,North,UPI
7909,2024-10-15,CUST_00419,Male,27,Clothing,T-Shirt,7,63.48,444.36,North,Debit Card
5049,2024-10-15,CUST_01136,Female,64,Electronics,USB Cable,4,739.95,2959.8,East,UPI
7789,2024-10-15,CUST_01152,Female,35,Home & Kitchen,Table Lamp,1,64.77,64.77,North,Debit Card
2137,2024-10-15,CUST_01955,Male,27,Electronics,Tablet,3,128.71,386.13,East,UPI
7262,2024-10-15,CUST_00980,Male,56,Home & Kitchen,Bedsheet,1,187.31,187.31,South,Credit Card
9958,2024-10-15,CUST_01976,Male,48,Electronics,Tablet,3,647.14,1941.42,East,UPI
3041,2024-10-15,CUST_01122,Female,36,Food,Peanut Butter,1,24.83,24.83,South,Credit Card
10743,2024-10-15,CUST_01956,Male,38,Home & Kitchen,Table Lamp,1,141.03,141.03,West,Debit Card
6671,2024-10-15,CUST_01384,Female,69,Home & Kitchen,Pillow,1,160.21,160.21,North,Credit Card
6853,2024-10-15,CUST_01253,Female,25,Electronics,Power Bank,3,112.97,338.91,South,Debit Card
2149,2024-10-15,CUST_00205,Male,22,Beauty,Foundation,5,84.29,421.45,West,Cash
4515,2024-10-16,CUST_01269,Male,37,Electronics,Smart Watch,2,263.77,527.54,South,Debit Card
8927,2024-10-16,CUST_01666,Female,35,Electronics,Power Bank,1,772.92,772.92,West,Cash
6359,2024-10-16,CUST_00209,Male,56,Food,Protein Bar,2,31.76,63.52,South,UPI
9353,2024-10-16,CUST_00263,Male,40,Clothing,Sneakers,4,23.78,95.12,East,Debit Card
9960,2024-10-16,CUST_01519,Male,61,Food,Protein Bar,2,22.8,45.6,North,Cash
3234,2024-10-16,CUST_01366,Female,50,Home & Kitchen,Pillow,1,96.21,96.21,North,UPI
1552,2024-10-16,CUST_01596,Female,34,Sports,Skipping Rope,3,127.37,382.11,East,UPI
1250,2024-10-16,CUST_01184,Female,39,Home & Kitchen,Storage Container,2,247.28,494.56,South,Cash
7022,2024-10-16,CUST_00563,Female,59,Beauty,Lipstick,5,101.33,506.65,West,UPI
9384,2024-10-16,CUST_01762,Male,32,Sports,Resistance Band,3,44.76,134.28,East,Cash
7098,2024-10-16,CUST_01046,Female,23,Electronics,Bluetooth Speaker,4,722.39,2889.56,North,Debit Card
10062,2024-10-16,CUST_01001,Female,22,Home & Kitchen,Bedsheet,2,204.95,409.9,North,Credit Card
8251,2024-10-16,CUST_00059,Female,19,Beauty,Hair Oil,1,73.47,73.47,South,Debit Card
6130,2024-10-16,CUST_01195,Female,47,Clothing,Hoodie,2,27.78,55.56,East,UPI
10167,2024-10-17,CUST_01689,Male,60,Clothing,Dress,3,106.66,319.98,West,Credit Card
10359,2024-10-17,CUST_01819,Female,62,Home & Kitchen,Bedsheet,3,199.71,599.13,South,Credit Card
4283,2024-10-17,CUST_01611,Male,30,Electronics,Power Bank,4,755.62,3022.48,West,Debit Card
7509,2024-10-17,CUST_01534,Female,27,Clothing,Sneakers,3,131.0,393.0,North,UPI
8808,2024-10-17,CUST_00204,Male,60,Beauty,Hair Oil,1,5.23,5.23,East,Cash
7594,2024-10-17,CUST_01012,Female,27,Clothing,Jeans,2,10.76,21.52,South,Debit Card
3507,2024-10-17,CUST_00905,Female,38,Home & Kitchen,Table Lamp,3,235.06,705.18,West,Cash
6003,2024-10-17,CUST_00221,Female,26,Home & Kitchen,Pillow,4,36.13,144.52,West,Cash
9756,2024-10-17,CUST_01758,Female,18,Clothing,Formal Shirt,1,66.93,66.93,West,Debit Card
9842,2024-10-17,CUST_01468,Male,20,Beauty,Hair Oil,1,5.97,5.97,South,Credit Card
3785,2024-10-17,CUST_01557,Female,47,Electronics,Bluetooth Speaker,6,499.13,2994.78,West,UPI
2373,2024-10-17,CUST_00035,Male,68,Clothing,T-Shirt,2,131.8,263.6,East,Debit Card
3882,2024-10-17,CUST_00303,Female,69,Beauty,Moisturizer,3,75.15,225.45,West,UPI
5812,2024-10-17,CUST_01522,Male,54,Electronics,Tablet,4,798.61,3194.44,North,Debit Card
10172,2024-10-18,CUST_00528,Male,41,Beauty,Moisturizer,1,18.18,18.18,South,UPI
7875,2024-10-18,CUST_01652,Male,51,Clothing,Shorts,2,16.38,32.76,West,Credit Card
7413,2024-10-18,CUST_01096,Female,35,Sports,Running Shoes,3,72.31,216.93,East,Credit Card
3965,2024-10-18,CUST_01242,Male,68,Home & Kitchen,Knife Set,3,122.6,367.8,North,Credit Card
3174,2024-10-18,CUST_00314,Female,43,Home & Kitchen,Pillow,6,161.95,971.7,North,Cash
1352,2024-10-18,CUST_01630,Female,44,Clothing,Sneakers,2,60.61,121.22,South,Credit Card
10350,2024-10-18,CUST_01386,Male,26,Electronics,Power Bank,3,15.38,46.14,South,UPI
9038,2024-10-18,CUST_01375,Female,60,Beauty,Face Wash,4,25.79,103.16,North,Debit Card
7023,2024-10-18,CUST_00839,Female,64,Clothing,T-Shirt,3,109.67,329.01,South,Cash
3245,2024-10-18,CUST_01275,Female,63,Home & Kitchen,Storage Container,1,187.88,187.88,North,Credit Card
1892,2024-10-18,CUST_01312,Female,70,Food,Peanut Butter,4,13.32,53.28,West,Cash
1337,2024-10-18,CUST_01343,Female,65,Food,Mixed Nuts,3,15.69,47.07,North,Debit Card
5621,2024-10-19,CUST_00941,Female,70,Sports,Cricket Bat,1,29.86,29.86,South,Debit Card
5767,2024-10-19,CUST_00275,Female,63,Food,Organic Honey,3,14.97,44.91,West,UPI
6269,2024-10-19,CUST_00293,Male,60,Electronics,Power Bank,1,348.6,348.6,West,Credit Card
9782,2024-10-19,CUST_00127,Male,47,Home & Kitchen,Bedsheet,1,186.64,186.64,West,UPI
10996,2024-10-19,CUST_01434,Male,63,Home & Kitchen,Pillow,2,236.85,473.7,East,UPI
7400,2024-10-19,CUST_01391,Female,40,Beauty,Sunscreen,1,52.06,52.06,West,Cash
4407,2024-10-19,CUST_00381,Female,56,Home & Kitchen,Wall Clock,1,187.87,187.87,West,UPI
3107,2024-10-19,CUST_01548,Male,40,Food,Mixed Nuts,4,29.29,117.16,West,Credit Card
3382,2024-10-19,CUST_01629,Male,19,Electronics,Power Bank,2,96.65,193.3,East,Debit Card
9319,2024-10-19,CUST_01972,Female,23,Clothing,T-Shirt,2,31.62,63.24,South,Credit Card
7715,2024-10-19,CUST_01709,Female,65,Food,Organic Honey,4,27.57,110.28,East,Debit Card
6020,2024-10-19,CUST_00025,Female,54,Beauty,Moisturizer,3,73.14,219.42,West,UPI
8826,2024-10-19,CUST_01500,Male,27,Beauty,Moisturizer,2,115.27,230.54,South,Debit Card
5620,2024-10-20,CUST_00664,Female,36,Home & Kitchen,Knife Set,3,120.86,362.58,South,Cash
5570,2024-10-20,CUST_00625,Female,67,Clothing,Hoodie,3,41.75,125.25,East,Credit Card
8227,2024-10-20,CUST_00686,Male,37,Electronics,Laptop,1,133.54,133.54,North,Credit Card
7819,2024-10-20,CUST_01646,Female,28,Sports,Yoga Mat,1,100.88,100.88,West,UPI
4207,2024-10-20,CUST_01367,Male,61,Electronics,USB Cable,2,22.53,45.06,East,Debit Card
7676,2024-10-20,CUST_00281,Female,56,Clothing,Shorts,3,132.62,397.86,South,Cash
3208,2024-10-20,CUST_01648,Female,52,Home & Kitchen,Storage Container,2,241.23,482.46,North,Debit Card
4204,2024-10-20,CUST_00266,Male,48,Clothing,Formal Shirt,1,102.7,102.7,West,UPI
10057,2024-10-20,CUST_01587,Male,30,Home & Kitchen,Knife Set,3,68.53,205.59,West,Cash
7650,2024-10-20,CUST_00174,Male,27,Sports,Cricket Bat,1,139.24,139.24,North,Credit Card
1397,2024-10-20,CUST_00576,Male,30,Clothing,Dress,5,16.41,82.05,North,Debit Card
9448,2024-10-20,CUST_00617,Male,37,Clothing,T-Shirt,2,122.22,244.44,South,UPI
6658,2024-10-20,CUST_00905,Female,38,Clothing,Formal Shirt,3,83.07,249.21,West,UPI
3140,2024-10-20,CUST_01305,Male,63,Home & Kitchen,Knife Set,4,74.38,297.52,North,Debit Card
6468,2024-10-20,CUST_00233,Female,30,Electronics,Smartphone,7,336.97,2358.79,South,Cash
10841,2024-10-20,CUST_00923,Female,49,Electronics,Laptop,7,778.8,5451.6,West,UPI
9399,2024-10-20,CUST_00931,Male,61,Beauty,Face Wash,4,15.14,60.56,West,Debit Card
5643,2024-10-20,CUST_01013,Female,69,Home & Kitchen,Wall Clock,1,114.22,114.22,South,Credit Card
10455,2024-10-20,CUST_01047,Male,30,Clothing,Sneakers,1,61.25,61.25,West,UPI
3045,2024-10-21,CUST_01073,Male,18,Home & Kitchen,Bedsheet,1,104.82,104.82,East,Debit Card
1128,2024-10-21,CUST_01211,Male,62,Food,Green Tea,2,11.29,22.58,East,Credit Card
10616,2024-10-21,CUST_01372,Female,19,Sports,Running Shoes,1,88.03,88.03,North,UPI
4584,2024-10-21,CUST_01441,Male,27,Clothing,Jacket,3,21.94,65.82,North,Credit Card
10712,2024-10-21,CUST_00703,Female,30,Beauty,Perfume,2,104.24,208.48,East,Credit Card
9575,2024-10-21,CUST_01253,Female,25,Clothing,Dress,1,28.05,28.05,South,Credit Card
8495,2024-10-21,CUST_01803,Male,63,Home & Kitchen,Pillow,4,26.26,105.04,West,UPI
5810,2024-10-21,CUST_00936,Female,49,Food,Green Tea,3,33.71,101.13,East,Credit Card
2272,2024-10-21,CUST_00553,Male,36,Sports,Football,1,166.23,166.23,West,Credit Card
8167,2024-10-21,CUST_00534,Female,29,Clothing,Hoodie,3,21.99,65.97,North,Credit Card
8621,2024-10-21,CUST_01988,Female,32,Home & Kitchen,Pillow,6,119.2,715.2,West,UPI
9256,2024-10-21,CUST_00898,Female,58,Electronics,Bluetooth Speaker,4,284.16,1136.64,West,Debit Card
9863,2024-10-21,CUST_01358,Female,23,Electronics,Smartphone,1,558.02,558.02,East,Cash
3958,2024-10-22,CUST_01932,Female,67,Food,Protein Bar,2,33.09,66.18,East,Credit Card
3990,2024-10-22,CUST_00792,Female,48,Clothing,Formal Shirt,5,30.58,152.9,North,Credit Card
7744,2024-10-22,CUST_01506,Male,43,Clothing,Shorts,2,74.68,149.36,South,Debit Card
2853,2024-10-22,CUST_01894,Female,59,Home & Kitchen,Pillow,7,104.48,731.36,South,Credit Card
10120,2024-10-22,CUST_01529,Male,29,Clothing,Formal Shirt,1,89.84,89.84,South,Credit Card
1575,2024-10-22,CUST_00298,Male,24,Electronics,Smart Watch,3,589.02,1767.06,South,Debit Card
2686,2024-10-22,CUST_00704,Female,23,Home & Kitchen,Blender,1,84.85,84.85,West,Credit Card
5521,2024-10-22,CUST_00737,Female,21,Home & Kitchen,Knife Set,2,48.51,97.02,West,Debit Card
5755,2024-10-22,CUST_01864,Male,69,Beauty,Hair Oil,4,106.88,427.52,North,UPI
1869,2024-10-22,CUST_01342,Male,27,Beauty,Foundation,5,33.1,165.5,South,Debit Card
9434,2024-10-22,CUST_00414,Female,27,Clothing,Sneakers,3,20.08,60.24,West,Credit Card
4570,2024-10-22,CUST_01572,Female,66,Sports,Resistance Band,1,14.99,14.99,North,Cash
9603,2024-10-22,CUST_00935,Female,22,Sports,Cricket Bat,2,72.42,144.84,South,UPI
8332,2024-10-22,CUST_01593,Male,66,Beauty,Face Wash,5,17.57,87.85,West,UPI
2027,2024-10-22,CUST_01026,Male,66,Beauty,Sunscreen,1,8.51,8.51,West,Cash
9628,2024-10-22,CUST_01981,Male,69,Home & Kitchen,Table Lamp,1,167.74,167.74,West,UPI
9091,2024-10-22,CUST_00598,Female,60,Beauty,Hair Oil,3,62.26,186.78,North,Credit Card
2123,2024-10-22,CUST_00775,Female,47,Home & Kitchen,Blender,4,183.05,732.2,East,UPI
5634,2024-10-22,CUST_01978,Male,21,Clothing,Shorts,2,72.35,144.7,South,Cash
10855,2024-10-23,CUST_01507,Male,45,Home & Kitchen,Knife Set,3,190.77,572.31,South,Cash
9946,2024-10-23,CUST_00986,Female,68,Home & Kitchen,Blender,1,51.51,51.51,North,Credit Card
2500,2024-10-23,CUST_00341,Female,67,Clothing,Dress,7,94.78,663.46,North,Credit Card
6255,2024-10-23,CUST_00138,Male,30,Electronics,Power Bank,2,628.72,1257.44,East,Debit Card
9943,2024-10-23,CUST_00543,Female,59,Clothing,Jeans,1,55.0,55.0,South,Credit Card
9329,2024-10-23,CUST_00390,Female,49,Home & Kitchen,Pillow,2,110.54,221.08,East,UPI
1081,2024-10-23,CUST_00585,Male,48,Clothing,Jacket,2,69.37,138.74,East,Cash
10348,2024-10-23,CUST_00547,Female,40,Food,Peanut Butter,1,34.17,34.17,West,UPI
2574,2024-10-23,CUST_01583,Female,58,Sports,Dumbbells,3,121.57,364.71,East,Debit Card
4497,2024-10-23,CUST_01542,Female,48,Electronics,Tablet,1,373.83,373.83,North,UPI
8928,2024-10-23,CUST_01138,Female,66,Clothing,Hoodie,6,107.52,645.12,West,Cash
3488,2024-10-23,CUST_01188,Female,19,Food,Mixed Nuts,4,4.64,18.56,East,Credit Card
6390,2024-10-23,CUST_01535,Male,36,Food,Dark Chocolate,5,4.34,21.7,North,Credit Card
8248,2024-10-23,CUST_01133,Female,65,Clothing,Hoodie,2,42.85,85.7,West,Credit Card
6854,2024-10-23,CUST_01527,Male,30,Electronics,Power Bank,1,501.89,501.89,West,UPI
9725,2024-10-24,CUST_00079,Female,42,Beauty,Eye Shadow,1,55.3,55.3,South,UPI
4429,2024-10-24,CUST_00004,Male,34,Food,Granola,7,22.37,156.59,East,Credit Card
3198,2024-10-24,CUST_00255,Female,38,Home & Kitchen,Wall Clock,2,88.44,176.88,North,Cash
7683,2024-10-24,CUST_01296,Female,65,Food,Granola,7,10.98,76.86,North,UPI
1680,2024-10-24,CUST_01036,Female,22,Beauty,Perfume,2,10.21,20.42,West,UPI
4545,2024-10-24,CUST_00454,Female,52,Food,Olive Oil,7,35.64,249.48,South,UPI
3498,2024-10-24,CUST_00902,Male,59,Clothing,T-Shirt,3,109.49,328.47,South,UPI
3996,2024-10-24,CUST_01993,Male,52,Home & Kitchen,Bedsheet,2,94.29,188.58,West,Debit Card
6248,2024-10-24,CUST_00034,Female,23,Sports,Skipping Rope,2,34.66,69.32,South,UPI
5065,2024-10-24,CUST_01586,Female,34,Beauty,Foundation,1,18.27,18.27,North,Credit Card
6112,2024-10-24,CUST_01072,Male,23,Clothing,Hoodie,3,102.93,308.79,North,UPI
7652,2024-10-24,CUST_00145,Female,35,Clothing,Hoodie,3,71.66,214.98,East,Cash
2237,2024-10-24,CUST_01041,Female,38,Home & Kitchen,Storage Container,2,111.23,222.46,South,UPI
1530,2024-10-24,CUST_01383,Female,43,Food,Organic Honey,2,29.22,58.44,West,Cash
8016,2024-10-24,CUST_01084,Male,26,Sports,Football,6,111.34,668.04,North,UPI
1008,2024-10-25,CUST_00932,Female,35,Clothing,Formal Shirt,2,133.64,267.28,West,Credit Card
6400,2024-10-25,CUST_01485,Female,32,Sports,Resistance Band,6,157.48,944.88,North,Cash
7239,2024-10-25,CUST_00492,Female,18,Beauty,Eye Shadow,2,104.6,209.2,East,UPI
2351,2024-10-25,CUST_00582,Female,70,Beauty,Face Wash,3,88.17,264.51,West,Debit Card
5455,2024-10-25,CUST_01320,Female,20,Home & Kitchen,Knife Set,4,195.28,781.12,North,Cash
7942,2024-10-25,CUST_01937,Female,70,Beauty,Moisturizer,2,97.35,194.7,West,UPI
1273,2024-10-25,CUST_00772,Male,23,Electronics,Power Bank,2,136.01,272.02,West,UPI
5756,2024-10-25,CUST_01710,Male,55,Beauty,Lipstick,2,81.57,163.14,West,Cash
7040,2024-10-25,CUST_00682,Male,38,Electronics,Headphones,1,36.71,36.71,South,UPI
5041,2024-10-25,CUST_01583,Female,58,Home & Kitchen,Cookware Set,5,187.16,935.8,East,Debit Card
8137,2024-10-25,CUST_01586,Female,34,Food,Peanut Butter,1,10.91,10.91,North,Debit Card
1514,2024-10-25,CUST_01007,Female,68,Clothing,Jacket,2,137.16,274.32,North,Credit Card
4076,2024-10-25,CUST_00948,Female,25,Beauty,Hair Oil,5,75.7,378.5,South,Credit Card
9317,2024-10-25,CUST_00011,Female,25,Beauty,Face Wash,4,15.82,63.28,East,UPI
6877,2024-10-25,CUST_01238,Male,33,Clothing,Jeans,4,27.27,109.08,East,Credit Card
2150,2024-10-25,CUST_01107,Female,42,Food,Peanut Butter,3,13.11,39.33,West,Debit Card
3861,2024-10-25,CUST_01079,Female,70,Food,Peanut Butter,4,24.71,98.84,East,UPI
8238,2024-10-26,CUST_01080,Female,69,Clothing,Sneakers,4,13.26,53.04,West,Cash
9129,2024-10-26,CUST_00424,Female,41,Food,Mixed Nuts,2,35.61,71.22,East,UPI
6513,2024-10-26,CUST_00774,Female,52,Beauty,Hair Oil,2,16.77,33.54,South,Debit Card
6543,2024-10-26,CUST_01102,Female,25,Beauty,Foundation,1,83.42,83.42,South,Debit Card
2343,2024-10-26,CUST_00720,Female,66,Clothing,Jacket,1,32.1,32.1,East,UPI
6393,2024-10-26,CUST_01958,Male,55,Home & Kitchen,Cookware Set,3,173.38,520.14,North,Cash
2410,2024-10-26,CUST_01278,Male,39,Sports,Running Shoes,3,121.36,364.08,West,Cash
1921,2024-10-26,CUST_01494,Male,23,Electronics,Smartphone,6,98.32,589.92,East,Credit Card
1468,2024-10-26,CUST_00532,Female,65,Food,Mixed Nuts,2,34.39,68.78,West,Credit Card
2673,2024-10-26,CUST_01594,Male,31,Home & Kitchen,Wall Clock,1,127.55,127.55,South,Debit Card
7295,2024-10-26,CUST_00090,Male,53,Home & Kitchen,Table Lamp,1,126.27,126.27,South,Credit Card
7287,2024-10-26,CUST_00977,Female,60,Food,Mixed Nuts,2,21.12,42.24,West,Debit Card
2241,2024-10-26,CUST_00189,Female,58,Clothing,Sneakers,2,139.73,279.46,North,Debit Card
2430,2024-10-26,CUST_00515,Male,37,Beauty,Hair Oil,3,14.0,42.0,South,Debit Card
4956,2024-10-26,CUST_01049,Female,54,Home & Kitchen,Pillow,3,21.15,63.45,West,Debit Card
2445,2024-10-26,CUST_01442,Male,55,Beauty,Lipstick,2,105.03,210.06,East,UPI
3476,2024-10-27,CUST_01865,Male,22,Clothing,Hoodie,4,17.45,69.8,South,Debit Card
9049,2024-10-27,CUST_01695,Female,36,Electronics,Tablet,4,134.11,536.44,West,Debit Card
2453,2024-10-27,CUST_00548,Male,31,Clothing,Formal Shirt,1,113.72,113.72,North,Debit Card
7772,2024-10-27,CUST_01517,Female,64,Electronics,Smart Watch,1,521.48,521.48,South,Cash
1815,2024-10-27,CUST_00612,Male,52,Electronics,Power Bank,1,468.05,468.05,East,Cash
6607,2024-10-27,CUST_01798,Male,18,Sports,Yoga Mat,1,186.96,186.96,East,UPI
7611,2024-10-27,CUST_01479,Female,66,Food,Organic Honey,1,28.39,28.39,North,Cash
6005,2024-10-27,CUST_00989,Male,35,Home & Kitchen,Table Lamp,1,58.03,58.03,North,Debit Card
8840,2024-10-27,CUST_00100,Male,25,Electronics,Laptop,2,542.17,1084.34,East,UPI
6209,2024-10-27,CUST_00351,Female,60,Sports,Football,3,138.85,416.55,South,Credit Card
10922,2024-10-27,CUST_00315,Female,43,Electronics,USB Cable,2,182.07,364.14,South,UPI
2049,2024-10-27,CUST_01372,Female,19,Electronics,Laptop,4,279.03,1116.12,North,Debit Card
3187,2024-10-28,CUST_00498,Female,61,Home & Kitchen,Table Lamp,4,224.04,896.16,East,Debit Card
8455,2024-10-28,CUST_00451,Male,70,Beauty,Moisturizer,1,32.8,32.8,South,Credit Card
4000,2024-10-28,CUST_01423,Female,31,Home & Kitchen,Cookware Set,3,223.51,670.53,East,Credit Card
10458,2024-10-28,CUST_01549,Male,35,Home & Kitchen,Pillow,1,178.84,178.84,South,Credit Card
5287,2024-10-28,CUST_01257,Female,56,Food,Peanut Butter,1,8.15,8.15,North,Debit Card
10985,2024-10-28,CUST_00749,Male,36,Home & Kitchen,Knife Set,1,208.65,208.65,North,UPI
4990,2024-10-28,CUST_01484,Male,24,Clothing,Jacket,2,13.78,27.56,South,Cash
2469,2024-10-28,CUST_00791,Male,21,Electronics,Power Bank,2,209.64,419.28,North,Debit Card
8479,2024-10-28,CUST_00211,Female,55,Clothing,Jeans,4,130.59,522.36,East,Debit Card
2323,2024-10-28,CUST_01506,Male,43,Clothing,Jacket,2,129.01,258.02,South,Credit Card
2196,2024-10-28,CUST_01058,Male,67,Food,Protein Bar,7,11.95,83.65,South,UPI
8669,2024-10-28,CUST_01805,Female,44,Electronics,Smart Watch,3,294.33,882.99,North,UPI
2376,2024-10-28,CUST_01172,Female,53,Food,Olive Oil,3,18.49,55.47,South,Cash
10022,2024-10-28,CUST_01498,Female,32,Food,Dark Chocolate,2,11.02,22.04,East,Credit Card
2306,2024-10-28,CUST_00073,Male,33,Sports,Football,2,11.89,23.78,East,UPI
3076,2024-10-28,CUST_00196,Female,37,Clothing,Jeans,1,42.98,42.98,North,UPI
2159,2024-10-28,CUST_01418,Female,51,Food,Granola,2,8.03,16.06,East,Credit Card
8473,2024-10-28,CUST_00478,Female,68,Clothing,Hoodie,5,74.86,374.3,East,Debit Card
9221,2024-10-28,CUST_01799,Male,30,Electronics,Bluetooth Speaker,2,69.21,138.42,North,Debit Card
4628,2024-10-28,CUST_01469,Female,23,Home & Kitchen,Cookware Set,4,199.51,798.04,North,Cash
1116,2024-10-28,CUST_01041,Female,38,Sports,Water Bottle,6,192.27,1153.62,South,Debit Card
4249,2024-10-28,CUST_01320,Female,20,Electronics,Bluetooth Speaker,6,749.48,4496.88,North,Cash
7404,2024-10-29,CUST_01415,Male,38,Electronics,Laptop,4,45.61,182.44,North,UPI
9475,2024-10-29,CUST_01717,Female,36,Home & Kitchen,Wall Clock,2,36.94,73.88,East,Debit Card
10628,2024-10-29,CUST_01613,Female,19,Clothing,Dress,2,147.03,294.06,South,UPI
9191,2024-10-29,CUST_00213,Male,44,Home & Kitchen,Cookware Set,2,169.79,339.58,East,Debit Card
9913,2024-10-29,CUST_01124,Female,19,Beauty,Perfume,4,53.48,213.92,East,Cash
7003,2024-10-29,CUST_01182,Male,32,Clothing,T-Shirt,2,118.98,237.96,South,Credit Card
2979,2024-10-29,CUST_00072,Male,25,Beauty,Perfume,4,60.53,242.12,West,Cash
5192,2024-10-29,CUST_01811,Female,52,Food,Protein Bar,4,18.82,75.28,North,Debit Card
5649,2024-10-29,CUST_01541,Male,46,Home & Kitchen,Knife Set,3,215.52,646.56,West,Debit Card
2356,2024-10-29,CUST_01575,Female,53,Home & Kitchen,Knife Set,1,204.84,204.84,North,UPI
2003,2024-10-29,CUST_00866,Female,19,Beauty,Eye Shadow,1,46.6,46.6,North,Credit Card
3219,2024-10-29,CUST_01850,Female,59,Electronics,Bluetooth Speaker,3,47.85,143.55,South,Credit Card
2882,2024-10-29,CUST_01065,Male,68,Clothing,T-Shirt,4,130.93,523.72,West,Debit Card
10096,2024-10-29,CUST_00436,Female,28,Sports,Resistance Band,2,186.29,372.58,East,Debit Card
1796,2024-10-29,CUST_00479,Female,56,Food,Protein Bar,1,11.34,11.34,South,Debit Card
7100,2024-10-30,CUST_01458,Female,32,Home & Kitchen,Cookware Set,5,182.78,913.9,South,UPI
6765,2024-10-30,CUST_00790,Female,32,Home & Kitchen,Pillow,3,78.47,235.41,West,Cash
9283,2024-10-30,CUST_01674,Male,42,Home & Kitchen,Cookware Set,2,214.8,429.6,East,Debit Card
7786,2024-10-30,CUST_01726,Female,43,Clothing,Jeans,1,47.7,47.7,East,Credit Card
7038,2024-10-30,CUST_01995,Female,56,Food,Protein Bar,5,25.88,129.4,North,Cash
4624,2024-10-30,CUST_01364,Male,20,Electronics,Headphones,5,508.09,2540.45,East,Credit Card
6845,2024-10-30,CUST_00815,Male,30,Sports,Dumbbells,3,10.84,32.52,West,Credit Card
2061,2024-10-30,CUST_00637,Male,20,Home & Kitchen,Cookware Set,3,224.83,674.49,North,Credit Card
3312,2024-10-30,CUST_00711,Male,70,Beauty,Foundation,1,76.27,76.27,East,Debit Card
10374,2024-10-30,CUST_01440,Male,51,Clothing,Formal Shirt,4,25.23,100.92,East,Debit Card
5175,2024-10-30,CUST_01875,Male,42,Clothing,Dress,1,53.4,53.4,West,Debit Card
1949,2024-10-30,CUST_00602,Male,47,Beauty,Foundation,4,44.47,177.88,North,Debit Card
2051,2024-10-30,CUST_00474,Female,42,Clothing,Dress,6,23.73,142.38,North,Cash
10939,2024-10-30,CUST_00837,Female,18,Electronics,Laptop,3,227.9,683.7,North,Credit Card
1615,2024-10-30,CUST_01977,Female,41,Beauty,Foundation,2,34.87,69.74,South,Credit Card
9587,2024-10-30,CUST_01047,Male,30,Electronics,USB Cable,2,640.86,1281.72,West,Debit Card
5441,2024-10-30,CUST_00143,Female,20,Electronics,Laptop,4,254.53,1018.12,South,Debit Card
7027,2024-10-30,CUST_01847,Male,57,Food,Mixed Nuts,1,39.19,39.19,South,Debit Card
3354,2024-10-30,CUST_00409,Male,22,Sports,Football,3,119.28,357.84,West,Cash
5314,2024-10-31,CUST_01685,Male,64,Home & Kitchen,Blender,5,89.41,447.05,North,Cash
5787,2024-10-31,CUST_00772,Male,23,Electronics,Smartphone,3,639.71,1919.13,West,Credit Card
7144,2024-10-31,CUST_00217,Female,27,Sports,Dumbbells,1,36.66,36.66,South,UPI
5618,2024-10-31,CUST_01646,Female,28,Clothing,T-Shirt,2,84.07,168.14,West,Cash
10379,2024-10-31,CUST_00570,Female,26,Food,Protein Bar,2,11.85,23.7,South,Debit Card
10297,2024-10-31,CUST_01500,Male,27,Home & Kitchen,Pillow,2,83.15,166.3,South,Debit Card
10353,2024-10-31,CUST_00382,Female,66,Home & Kitchen,Wall Clock,5,85.7,428.5,South,Cash
3896,2024-10-31,CUST_00194,Female,39,Electronics,Smart Watch,4,243.26,973.04,East,Credit Card
8360,2024-10-31,CUST_00688,Female,32,Electronics,Tablet,2,62.88,125.76,East,Debit Card
9844,2024-10-31,CUST_01859,Female,41,Electronics,Smart Watch,2,32.81,65.62,North,Credit Card
8276,2024-10-31,CUST_00857,Female,64,Food,Organic Honey,4,23.36,93.44,East,Credit Card
4198,2024-10-31,CUST_01639,Female,44,Electronics,USB Cable,2,63.02,126.04,North,Credit Card
2672,2024-11-01,CUST_01742,Male,65,Sports,Running Shoes,1,86.6,86.6,East,UPI
8051,2024-11-01,CUST_01821,Male,46,Electronics,Laptop,4,575.17,2300.68,West,Cash
1555,2024-11-01,CUST_01492,Male,36,Beauty,Lipstick,3,29.52,88.56,West,UPI
1384,2024-11-01,CUST_01208,Female,47,Home & Kitchen,Storage Container,2,223.29,446.58,North,UPI
3482,2024-11-01,CUST_00621,Female,30,Sports,Running Shoes,1,166.27,166.27,West,Debit Card
10386,2024-11-01,CUST_00239,Female,21,Clothing,Jeans,1,127.01,127.01,East,Debit Card
8834,2024-11-01,CUST_00462,Female,28,Sports,Dumbbells,3,88.76,266.28,South,Credit Card
5385,2024-11-01,CUST_00678,Male,31,Home & Kitchen,Storage Container,2,211.94,423.88,North,Credit Card
9540,2024-11-01,CUST_00969,Male,20,Beauty,Lipstick,1,109.4,109.4,South,Debit Card
1184,2024-11-01,CUST_00382,Female,66,Clothing,Jeans,2,14.99,29.98,South,Debit Card
1265,2024-11-01,CUST_00740,Male,27,Electronics,Laptop,2,572.21,1144.42,South,Debit Card
1768,2024-11-01,CUST_01015,Male,56,Clothing,Jeans,1,77.26,77.26,West,UPI
4292,2024-11-01,CUST_00214,Male,63,Clothing,Shorts,4,27.8,111.2,North,Credit Card
1736,2024-11-01,CUST_01289,Female,45,Beauty,Perfume,2,34.53,69.06,South,UPI
2912,2024-11-01,CUST_01014,Male,38,Sports,Water Bottle,2,90.46,180.92,South,Debit Card
9610,2024-11-01,CUST_00620,Male,70,Food,Granola,1,14.09,14.09,East,UPI
4116,2024-11-01,CUST_00349,Male,21,Electronics,Power Bank,1,428.52,428.52,East,Debit Card
2118,2024-11-01,CUST_00117,Male,54,Home & Kitchen,Pillow,2,210.93,421.86,East,Cash
3074,2024-11-01,CUST_00921,Male,64,Food,Green Tea,2,16.73,33.46,West,Credit Card
6260,2024-11-01,CUST_01142,Female,29,Electronics,Power Bank,3,752.3,2256.9,North,UPI
6538,2024-11-01,CUST_00408,Female,31,Food,Peanut Butter,3,33.79,101.37,North,Debit Card
6617,2024-11-01,CUST_00999,Female,68,Home & Kitchen,Knife Set,3,105.47,316.41,North,UPI
10478,2024-11-02,CUST_00159,Male,42,Food,Dark Chocolate,5,9.07,45.35,South,UPI
3255,2024-11-02,CUST_00836,Female,62,Food,Peanut Butter,2,19.07,38.14,West,Debit Card
6146,2024-11-02,CUST_01862,Female,19,Electronics,Laptop,3,496.53,1489.59,East,Debit Card
4386,2024-11-02,CUST_01924,Male,59,Beauty,Sunscreen,3,28.15,84.45,North,Cash
2146,2024-11-02,CUST_01220,Female,51,Beauty,Sunscreen,2,23.75,47.5,South,Credit Card
5696,2024-11-02,CUST_01095,Male,43,Electronics,Power Bank,2,559.48,1118.96,East,Cash
8961,2024-11-02,CUST_00178,Male,61,Beauty,Face Wash,3,42.54,127.62,East,Debit Card
5672,2024-11-02,CUST_01758,Female,18,Sports,Resistance Band,3,42.65,127.95,West,Credit Card
2084,2024-11-02,CUST_00027,Male,65,Sports,Yoga Mat,1,121.05,121.05,South,Cash
8124,2024-11-02,CUST_00736,Male,49,Food,Peanut Butter,3,16.24,48.72,East,UPI
3662,2024-11-02,CUST_00314,Female,43,Food,Olive Oil,6,14.82,88.92,North,Debit Card
3462,2024-11-02,CUST_00083,Female,28,Electronics,Smartphone,4,618.92,2475.68,West,Cash
9660,2024-11-02,CUST_01637,Female,47,Clothing,Dress,2,144.57,289.14,South,Credit Card
4878,2024-11-02,CUST_01147,Male,53,Home & Kitchen,Bedsheet,2,67.46,134.92,East,Cash
2611,2024-11-02,CUST_01624,Male,22,Sports,Yoga Mat,5,87.84,439.2,North,Credit Card
5563,2024-11-02,CUST_01429,Male,39,Clothing,Jacket,1,35.15,35.15,West,UPI
3075,2024-11-02,CUST_01850,Female,59,Food,Protein Bar,2,7.26,14.52,South,Credit Card
8783,2024-11-02,CUST_00813,Male,66,Beauty,Face Wash,1,38.29,38.29,East,Debit Card
9825,2024-11-02,CUST_00146,Male,30,Home & Kitchen,Bedsheet,1,90.03,90.03,South,Credit Card
5470,2024-11-02,CUST_01452,Male,39,Clothing,Shorts,5,148.05,740.25,South,Debit Card
6944,2024-11-02,CUST_00611,Female,44,Home & Kitchen,Bedsheet,2,115.47,230.94,North,Debit Card
2473,2024-11-02,CUST_00274,Female,63,Food,Granola,4,9.85,39.4,East,Debit Card
8109,2024-11-03,CUST_01079,Female,70,Clothing,Sneakers,1,103.25,103.25,East,Credit Card
7433,2024-11-03,CUST_01909,Female,29,Beauty,Perfume,2,28.9,57.8,East,Credit Card
4493,2024-11-03,CUST_01923,Male,51,Food,Granola,1,14.28,14.28,North,Cash
9564,2024-11-03,CUST_01461,Female,41,Sports,Skipping Rope,4,28.69,114.76,South,UPI
7296,2024-11-03,CUST_01526,Female,47,Clothing,Formal Shirt,3,89.17,267.51,East,UPI
8911,2024-11-03,CUST_01312,Female,70,Home & Kitchen,Blender,2,234.74,469.48,West,UPI
3129,2024-11-03,CUST_01249,Female,43,Clothing,Dress,3,10.85,32.55,North,Cash
5924,2024-11-03,CUST_01159,Male,28,Beauty,Face Wash,3,22.0,66.0,West,Credit Card
7769,2024-11-03,CUST_00681,Female,29,Electronics,Bluetooth Speaker,2,70.98,141.96,North,Credit Card
8692,2024-11-03,CUST_00683,Male,69,Home & Kitchen,Storage Container,1,37.88,37.88,South,Debit Card
2158,2024-11-03,CUST_01499,Male,54,Home & Kitchen,Wall Clock,3,37.97,113.91,North,Credit Card
4178,2024-11-03,CUST_01235,Female,48,Clothing,Jeans,3,20.12,60.36,North,Cash
7574,2024-11-03,CUST_01374,Male,41,Electronics,Laptop,3,560.2,1680.6,South,Debit Card
7581,2024-11-03,CUST_00606,Female,47,Home & Kitchen,Cookware Set,7,242.71,1698.97,East,UPI
8758,2024-11-03,CUST_00483,Female,20,Electronics,Tablet,2,150.88,301.76,South,Cash
5262,2024-11-04,CUST_00724,Male,56,Sports,Running Shoes,6,96.52,579.12,East,Credit Card
4082,2024-11-04,CUST_00932,Female,35,Electronics,Laptop,4,708.7,2834.8,West,Credit Card
10473,2024-11-04,CUST_01713,Male,23,Electronics,Smart Watch,1,602.53,602.53,East,UPI
8673,2024-11-04,CUST_00286,Male,25,Food,Green Tea,2,18.97,37.94,North,Credit Card
9719,2024-11-04,CUST_01606,Male,32,Home & Kitchen,Bedsheet,1,88.81,88.81,North,Debit Card
4284,2024-11-04,CUST_00496,Male,30,Clothing,T-Shirt,1,34.68,34.68,West,Credit Card
9090,2024-11-04,CUST_00024,Female,37,Home & Kitchen,Knife Set,2,15.88,31.76,East,Credit Card
3512,2024-11-04,CUST_00878,Male,42,Clothing,Sneakers,7,25.31,177.17,West,Cash
2103,2024-11-04,CUST_01004,Male,35,Home & Kitchen,Knife Set,2,122.27,244.54,North,Credit Card
7402,2024-11-04,CUST_00453,Female,19,Beauty,Eye Shadow,1,112.4,112.4,East,Cash
7949,2024-11-04,CUST_01912,Male,26,Electronics,Headphones,3,672.08,2016.24,East,UPI
3120,2024-11-04,CUST_01281,Male,59,Beauty,Face Wash,1,85.6,85.6,South,Debit Card
2554,2024-11-04,CUST_01172,Female,53,Beauty,Eye Shadow,3,57.69,173.07,South,Debit Card
4494,2024-11-04,CUST_00604,Female,22,Electronics,Smart Watch,3,120.68,362.04,South,Credit Card
5886,2024-11-04,CUST_01849,Female,48,Electronics,USB Cable,2,196.78,393.56,East,Credit Card
2045,2024-11-05,CUST_00474,Female,42,Clothing,Shorts,3,81.95,245.85,North,Cash
4706,2024-11-05,CUST_00936,Female,49,Food,Protein Bar,2,7.73,15.46,East,UPI
6177,2024-11-05,CUST_01104,Male,54,Food,Peanut Butter,1,14.32,14.32,West,Debit Card
9583,2024-11-05,CUST_00770,Female,22,Clothing,Shorts,3,31.53,94.59,East,Credit Card
4750,2024-11-05,CUST_01167,Male,45,Home & Kitchen,Knife Set,4,131.85,527.4,North,Credit Card
5911,2024-11-05,CUST_00236,Female,44,Electronics,Tablet,3,146.27,438.81,East,Credit Card
5017,2024-11-05,CUST_01648,Female,52,Clothing,Jeans,1,114.13,114.13,North,Credit Card
10765,2024-11-05,CUST_00644,Female,29,Beauty,Lipstick,7,80.27,561.89,South,Debit Card
6228,2024-11-05,CUST_00275,Female,63,Food,Granola,3,13.14,39.42,West,UPI
5554,2024-11-05,CUST_01085,Female,60,Food,Protein Bar,2,17.49,34.98,South,Cash
8900,2024-11-05,CUST_00047,Male,34,Electronics,Headphones,4,127.69,510.76,South,Debit Card
10322,2024-11-05,CUST_00209,Male,56,Beauty,Hair Oil,1,97.83,97.83,South,Cash
4498,2024-11-05,CUST_01780,Female,64,Beauty,Perfume,5,60.57,302.85,East,Cash
4885,2024-11-05,CUST_01615,Female,29,Clothing,Sneakers,4,115.1,460.4,North,Cash
2917,2024-11-05,CUST_00297,Male,41,Home & Kitchen,Pillow,2,92.28,184.56,West,Debit Card
1428,2024-11-06,CUST_00210,Male,56,Food,Protein Bar,1,30.74,30.74,North,Cash
5819,2024-11-06,CUST_00788,Male,53,Home & Kitchen,Storage Container,4,81.0,324.0,North,Cash
1089,2024-11-06,CUST_01715,Male,46,Food,Protein Bar,3,38.17,114.51,South,Credit Card
5860,2024-11-06,CUST_01202,Male,64,Clothing,Jeans,5,28.24,141.2,South,Credit Card
2849,2024-11-06,CUST_00453,Female,19,Clothing,Hoodie,1,146.4,146.4,East,Debit Card
2736,2024-11-06,CUST_00582,Female,70,Beauty,Face Wash,3,58.56,175.68,West,UPI
10071,2024-11-06,CUST_01081,Male,18,Electronics,Smartphone,4,163.22,652.88,North,UPI
8172,2024-11-06,CUST_00985,Female,19,Electronics,Laptop,5,443.33,2216.65,East,UPI
6837,2024-11-06,CUST_01392,Male,36,Food,Dark Chocolate,2,29.84,59.68,West,Debit Card
5676,2024-11-06,CUST_01751,Male,45,Home & Kitchen,Storage Container,1,135.26,135.26,North,Credit Card
1199,2024-11-06,CUST_01625,Male,23,Food,Granola,1,36.78,36.78,North,Debit Card
9538,2024-11-06,CUST_00786,Female,60,Clothing,Sneakers,3,56.91,170.73,South,UPI
8304,2024-11-06,CUST_01366,Female,50,Food,Dark Chocolate,1,15.77,15.77,North,Credit Card
4393,2024-11-06,CUST_00318,Male,65,Home & Kitchen,Table Lamp,2,102.38,204.76,South,Credit Card
8884,2024-11-06,CUST_00318,Male,65,Home & Kitchen,Table Lamp,2,179.08,358.16,South,UPI
6309,2024-11-06,CUST_01443,Male,48,Home & Kitchen,Knife Set,1,91.2,91.2,East,Credit Card
1281,2024-11-07,CUST_00434,Female,21,Beauty,Moisturizer,7,59.85,418.95,North,Debit Card
7406,2024-11-07,CUST_00356,Male,25,Electronics,Headphones,1,304.5,304.5,West,Debit Card
8627,2024-11-07,CUST_01830,Female,32,Electronics,Laptop,1,280.17,280.17,North,UPI
4575,2024-11-07,CUST_00186,Female,22,Beauty,Perfume,1,76.05,76.05,East,Cash
8100,2024-11-07,CUST_01048,Female,25,Electronics,Laptop,1,141.06,141.06,West,Debit Card
10837,2024-11-07,CUST_01861,Female,42,Electronics,Power Bank,2,340.33,680.66,West,Cash
9715,2024-11-07,CUST_01957,Female,38,Electronics,Bluetooth Speaker,1,204.18,204.18,West,UPI
7538,2024-11-07,CUST_01769,Male,26,Clothing,Jacket,2,106.39,212.78,North,Debit Card
7380,2024-11-07,CUST_00099,Female,40,Electronics,Headphones,2,541.49,1082.98,North,Debit Card
3582,2024-11-07,CUST_01398,Male,25,Home & Kitchen,Table Lamp,1,132.4,132.4,North,Credit Card
5059,2024-11-07,CUST_01694,Female,54,Home & Kitchen,Table Lamp,1,79.84,79.84,West,Credit Card
3395,2024-11-07,CUST_00948,Female,25,Sports,Running Shoes,1,70.06,70.06,South,UPI
3758,2024-11-07,CUST_01964,Female,56,Beauty,Lipstick,3,23.64,70.92,South,UPI
10121,2024-11-07,CUST_00121,Female,47,Electronics,Bluetooth Speaker,1,133.15,133.15,South,Debit Card
3430,2024-11-07,CUST_00117,Male,54,Home & Kitchen,Bedsheet,6,52.52,315.12,East,Cash
2121,2024-11-07,CUST_01765,Male,19,Clothing,Shorts,5,76.18,380.9,East,Debit Card
6498,2024-11-07,CUST_01012,Female,27,Home & Kitchen,Cookware Set,1,228.14,228.14,South,Credit Card
4341,2024-11-07,CUST_00724,Male,56,Food,Dark Chocolate,3,33.07,99.21,East,UPI
6741,2024-11-08,CUST_00680,Female,26,Sports,Cricket Bat,2,174.87,349.74,East,Credit Card
1474,2024-11-08,CUST_01433,Male,61,Home & Kitchen,Wall Clock,1,183.85,183.85,North,Debit Card
10527,2024-11-08,CUST_00571,Female,61,Electronics,Smartphone,6,209.48,1256.88,East,UPI
4226,2024-11-08,CUST_01546,Female,33,Home & Kitchen,Pillow,1,100.55,100.55,North,Credit Card
10228,2024-11-08,CUST_00114,Female,46,Electronics,Power Bank,1,345.57,345.57,East,Debit Card
8759,2024-11-08,CUST_00604,Female,22,Clothing,Hoodie,6,49.63,297.78,South,Cash
6284,2024-11-08,CUST_00067,Female,30,Electronics,Bluetooth Speaker,1,726.61,726.61,North,Credit Card
1490,2024-11-08,CUST_00746,Female,32,Electronics,Smartphone,1,19.66,19.66,North,Cash
8874,2024-11-08,CUST_00274,Female,63,Food,Dark Chocolate,2,11.66,23.32,East,Cash
3136,2024-11-08,CUST_00545,Male,48,Sports,Football,2,141.17,282.34,South,Debit Card
1229,2024-11-08,CUST_01784,Female,55,Electronics,Power Bank,1,457.91,457.91,West,Debit Card
10568,2024-11-08,CUST_00928,Male,44,Food,Protein Bar,5,34.72,173.6,North,Cash
5109,2024-11-08,CUST_00019,Male,34,Electronics,Power Bank,2,292.67,585.34,West,UPI
2773,2024-11-08,CUST_00848,Female,22,Electronics,Smartphone,1,722.53,722.53,West,Cash
4335,2024-11-08,CUST_01212,Female,49,Sports,Skipping Rope,4,39.06,156.24,South,Debit Card
6608,2024-11-08,CUST_01383,Female,43,Electronics,Tablet,2,258.96,517.92,West,UPI
8154,2024-11-08,CUST_00487,Female,69,Home & Kitchen,Storage Container,1,166.28,166.28,North,Debit Card
1646,2024-11-08,CUST_01939,Male,34,Home & Kitchen,Bedsheet,2,234.18,468.36,East,Debit Card
5523,2024-11-08,CUST_01531,Male,36,Electronics,Bluetooth Speaker,2,379.46,758.92,South,UPI
3675,2024-11-08,CUST_01200,Male,70,Food,Mixed Nuts,4,32.29,129.16,West,Credit Card
10887,2024-11-08,CUST_00378,Male,26,Clothing,Sneakers,3,30.54,91.62,North,Credit Card
3622,2024-11-08,CUST_00920,Male,59,Beauty,Lipstick,1,12.8,12.8,East,Credit Card
3510,2024-11-09,CUST_00940,Female,61,Electronics,USB Cable,1,534.38,534.38,West,Credit Card
1906,2024-11-09,CUST_00404,Female,22,Sports,Water Bottle,5,12.9,64.5,South,Cash
8566,2024-11-09,CUST_01648,Female,52,Clothing,Formal Shirt,2,68.85,137.7,North,Credit Card
6304,2024-11-09,CUST_01641,Female,38,Electronics,USB Cable,2,686.37,1372.74,South,Credit Card
8955,2024-11-09,CUST_01807,Female,42,Home & Kitchen,Knife Set,2,239.11,478.22,West,Cash
9938,2024-11-09,CUST_01540,Female,57,Home & Kitchen,Bedsheet,3,246.57,739.71,West,Credit Card
10930,2024-11-09,CUST_01882,Female,68,Home & Kitchen,Storage Container,3,37.42,112.26,East,Credit Card
6310,2024-11-09,CUST_01504,Female,24,Clothing,Jacket,1,110.14,110.14,East,Cash
3871,2024-11-09,CUST_00500,Male,58,Food,Organic Honey,4,28.89,115.56,South,UPI
3873,2024-11-09,CUST_00317,Male,30,Electronics,Bluetooth Speaker,3,613.25,1839.75,East,Cash
3263,2024-11-09,CUST_01903,Male,20,Food,Mixed Nuts,1,12.33,12.33,West,UPI
1759,2024-11-09,CUST_00545,Male,48,Clothing,Dress,1,59.95,59.95,South,Credit Card
3237,2024-11-09,CUST_00864,Male,40,Home & Kitchen,Pillow,6,226.48,1358.88,East,UPI
7665,2024-11-09,CUST_00972,Male,44,Clothing,T-Shirt,2,134.11,268.22,West,UPI
3114,2024-11-09,CUST_00522,Male,57,Home & Kitchen,Knife Set,4,159.54,638.16,North,Debit Card
7240,2024-11-09,CUST_01261,Male,41,Home & Kitchen,Bedsheet,1,196.57,196.57,South,Cash
9020,2024-11-09,CUST_01639,Female,44,Food,Olive Oil,1,24.77,24.77,North,Debit Card
2231,2024-11-09,CUST_00448,Male,46,Electronics,Laptop,3,354.06,1062.18,East,Debit Card
1119,2024-11-09,CUST_00820,Female,19,Beauty,Perfume,1,67.2,67.2,South,UPI
6930,2024-11-09,CUST_01967,Female,31,Food,Green Tea,1,26.71,26.71,South,Credit Card
1054,2024-11-10,CUST_00157,Female,30,Home & Kitchen,Bedsheet,4,18.58,74.32,West,Debit Card
7644,2024-11-10,CUST_00616,Female,49,Clothing,Sneakers,3,135.2,405.6,South,Debit Card
10832,2024-11-10,CUST_01399,Female,64,Beauty,Eye Shadow,4,72.37,289.48,West,UPI
4147,2024-11-10,CUST_00873,Male,56,Beauty,Foundation,4,58.05,232.2,East,Debit Card
2786,2024-11-10,CUST_00300,Male,29,Sports,Water Bottle,5,42.0,210.0,South,Credit Card
4751,2024-11-10,CUST_00034,Female,23,Beauty,Eye Shadow,2,55.87,111.74,South,UPI
6707,2024-11-10,CUST_01006,Female,51,Electronics,Smartphone,3,726.69,2180.07,West,Cash
5018,2024-11-10,CUST_00530,Male,46,Electronics,Smartphone,2,198.41,396.82,East,Credit Card
1406,2024-11-10,CUST_00201,Male,55,Food,Peanut Butter,3,29.13,87.39,East,UPI
8225,2024-11-10,CUST_00412,Female,39,Home & Kitchen,Blender,4,221.59,886.36,South,Cash
10124,2024-11-10,CUST_00955,Female,42,Electronics,Laptop,2,727.34,1454.68,West,Credit Card
1923,2024-11-10,CUST_00538,Male,68,Beauty,Lipstick,5,78.9,394.5,North,Debit Card
6406,2024-11-10,CUST_01240,Male,20,Home & Kitchen,Knife Set,1,145.63,145.63,South,Cash
8398,2024-11-10,CUST_01798,Male,18,Clothing,Formal Shirt,1,13.97,13.97,East,Credit Card
2312,2024-11-10,CUST_00508,Female,34,Home & Kitchen,Storage Container,2,227.36,454.72,West,Credit Card
4260,2024-11-10,CUST_00506,Female,40,Beauty,Eye Shadow,2,79.49,158.98,West,Credit Card
8594,2024-11-10,CUST_01037,Female,55,Beauty,Eye Shadow,2,70.23,140.46,South,UPI
8970,2024-11-10,CUST_00631,Female,35,Home & Kitchen,Wall Clock,1,186.73,186.73,East,Cash
1632,2024-11-10,CUST_01585,Male,24,Electronics,Smart Watch,1,185.71,185.71,East,Credit Card
2600,2024-11-10,CUST_00431,Male,24,Sports,Resistance Band,2,173.75,347.5,North,Debit Card
9791,2024-11-10,CUST_01573,Male,63,Food,Peanut Butter,2,27.47,54.94,West,Credit Card
1198,2024-11-11,CUST_00383,Male,23,Electronics,Headphones,1,237.88,237.88,West,Credit Card
7648,2024-11-11,CUST_01457,Female,43,Electronics,Smart Watch,4,724.24,2896.96,North,Cash
10997,2024-11-11,CUST_01242,Male,68,Beauty,Hair Oil,4,17.64,70.56,North,Cash
5223,2024-11-11,CUST_00506,Female,40,Sports,Football,4,127.53,510.12,West,Cash
5606,2024-11-11,CUST_01015,Male,56,Food,Olive Oil,3,6.84,20.52,West,Credit Card
9562,2024-11-11,CUST_00571,Female,61,Home & Kitchen,Cookware Set,2,186.85,373.7,East,UPI
1672,2024-11-11,CUST_01539,Female,26,Sports,Dumbbells,5,181.71,908.55,East,Cash
4505,2024-11-11,CUST_00037,Female,64,Food,Dark Chocolate,3,9.92,29.76,North,Credit Card
6966,2024-11-11,CUST_00440,Female,67,Food,Organic Honey,1,16.84,16.84,West,Credit Card
5566,2024-11-11,CUST_00520,Female,53,Food,Olive Oil,2,7.75,15.5,North,Cash
5972,2024-11-11,CUST_01143,Female,29,Clothing,Sneakers,1,22.9,22.9,East,UPI
1898,2024-11-11,CUST_00798,Female,31,Clothing,Dress,2,85.01,170.02,North,UPI
1192,2024-11-11,CUST_00365,Male,57,Sports,Football,2,148.9,297.8,West,Cash
1122,2024-11-11,CUST_01453,Male,61,Beauty,Eye Shadow,2,34.3,68.6,East,Debit Card
4392,2024-11-11,CUST_01532,Female,34,Home & Kitchen,Table Lamp,1,129.04,129.04,West,Debit Card
8779,2024-11-11,CUST_00256,Male,35,Home & Kitchen,Table Lamp,5,111.75,558.75,North,Debit Card
5996,2024-11-11,CUST_01181,Female,21,Sports,Water Bottle,3,22.85,68.55,North,Debit Card
7896,2024-11-11,CUST_00258,Female,69,Clothing,Jacket,2,92.05,184.1,North,UPI
1595,2024-11-11,CUST_00582,Female,70,Food,Olive Oil,5,3.05,15.25,West,Credit Card
8436,2024-11-11,CUST_01131,Female,44,Beauty,Foundation,3,95.65,286.95,North,Debit Card
9224,2024-11-11,CUST_00237,Female,51,Beauty,Eye Shadow,7,61.5,430.5,North,Cash
5518,2024-11-11,CUST_00546,Female,27,Clothing,T-Shirt,1,141.71,141.71,East,Debit Card
4942,2024-11-11,CUST_01290,Male,64,Home & Kitchen,Knife Set,2,135.3,270.6,South,Cash
9568,2024-11-12,CUST_00589,Female,46,Beauty,Hair Oil,6,52.47,314.82,East,Credit Card
1854,2024-11-12,CUST_00363,Female,70,Home & Kitchen,Cookware Set,2,189.9,379.8,North,Credit Card
1204,2024-11-12,CUST_00381,Female,56,Food,Organic Honey,6,39.73,238.38,West,Cash
10225,2024-11-12,CUST_01779,Female,62,Clothing,Formal Shirt,7,134.93,944.51,South,UPI
10485,2024-11-12,CUST_01085,Female,60,Home & Kitchen,Pillow,3,119.08,357.24,South,UPI
2518,2024-11-12,CUST_00231,Male,47,Clothing,Dress,2,100.55,201.1,North,Debit Card
3721,2024-11-12,CUST_01734,Female,62,Beauty,Foundation,3,22.04,66.12,East,Cash
3018,2024-11-12,CUST_00172,Female,36,Home & Kitchen,Blender,2,46.59,93.18,East,UPI
6148,2024-11-12,CUST_00166,Female,65,Clothing,Dress,4,20.29,81.16,West,Cash
1746,2024-11-12,CUST_01475,Male,37,Food,Mixed Nuts,1,9.72,9.72,South,UPI
4780,2024-11-12,CUST_00538,Male,68,Home & Kitchen,Blender,2,145.39,290.78,North,UPI
8059,2024-11-12,CUST_00940,Female,61,Beauty,Moisturizer,2,75.39,150.78,West,Cash
7647,2024-11-12,CUST_01841,Male,57,Home & Kitchen,Wall Clock,2,96.12,192.24,North,Debit Card
9764,2024-11-12,CUST_00368,Male,43,Food,Organic Honey,5,15.73,78.65,South,Debit Card
1193,2024-11-13,CUST_01891,Female,22,Electronics,Smart Watch,4,311.46,1245.84,South,Credit Card
9462,2024-11-13,CUST_00413,Male,29,Home & Kitchen,Table Lamp,1,159.31,159.31,North,UPI
2560,2024-11-13,CUST_01519,Male,61,Home & Kitchen,Bedsheet,2,33.23,66.46,North,Debit Card
7892,2024-11-13,CUST_00196,Female,37,Clothing,Jacket,1,83.95,83.95,North,UPI
1948,2024-11-13,CUST_00605,Male,66,Food,Olive Oil,1,22.21,22.21,East,Debit Card
2782,2024-11-13,CUST_01564,Female,62,Home & Kitchen,Pillow,1,234.91,234.91,South,Debit Card
8613,2024-11-13,CUST_01294,Female,43,Electronics,USB Cable,1,699.02,699.02,West,Credit Card
8629,2024-11-13,CUST_01009,Female,53,Clothing,Jacket,4,55.79,223.16,East,Cash
7532,2024-11-13,CUST_01999,Male,62,Food,Green Tea,4,28.54,114.16,North,UPI
5124,2024-11-13,CUST_01120,Male,54,Clothing,Shorts,4,148.09,592.36,North,Debit Card
8370,2024-11-13,CUST_00209,Male,56,Food,Olive Oil,3,29.72,89.16,South,Debit Card
4289,2024-11-13,CUST_01230,Female,26,Clothing,Formal Shirt,3,134.49,403.47,East,UPI
1486,2024-11-13,CUST_00804,Female,37,Home & Kitchen,Blender,2,28.26,56.52,North,UPI
8943,2024-11-13,CUST_00198,Female,53,Home & Kitchen,Table Lamp,6,228.02,1368.12,North,Credit Card
4395,2024-11-13,CUST_00593,Female,48,Electronics,Smartphone,2,126.3,252.6,West,Credit Card
2357,2024-11-13,CUST_01515,Female,46,Food,Mixed Nuts,2,9.05,18.1,South,Debit Card
3426,2024-11-13,CUST_01184,Female,39,Food,Granola,2,11.61,23.22,South,UPI
7710,2024-11-14,CUST_01600,Male,67,Home & Kitchen,Blender,3,233.95,701.85,South,UPI
8725,2024-11-14,CUST_00548,Male,31,Beauty,Hair Oil,1,68.52,68.52,North,Credit Card
3926,2024-11-14,CUST_01959,Male,62,Sports,Cricket Bat,1,122.91,122.91,South,Debit Card
1402,2024-11-14,CUST_00970,Female,41,Food,Dark Chocolate,2,7.57,15.14,North,UPI
5338,2024-11-14,CUST_00979,Male,64,Food,Mixed Nuts,1,3.22,3.22,West,Debit Card
3233,2024-11-14,CUST_01596,Female,34,Home & Kitchen,Pillow,3,133.22,399.66,East,Cash
10296,2024-11-14,CUST_00126,Male,58,Food,Organic Honey,1,24.83,24.83,South,Credit Card
10613,2024-11-14,CUST_00817,Female,53,Beauty,Lipstick,5,112.91,564.55,East,UPI
9328,2024-11-14,CUST_00137,Male,28,Sports,Football,1,118.53,118.53,East,UPI
4772,2024-11-14,CUST_01265,Female,42,Clothing,T-Shirt,2,27.25,54.5,North,Cash
3357,2024-11-14,CUST_00695,Female,27,Beauty,Perfume,3,83.42,250.26,West,Credit Card
7835,2024-11-15,CUST_00059,Female,19,Electronics,Smart Watch,2,350.29,700.58,South,Credit Card
8254,2024-11-15,CUST_00908,Female,60,Electronics,Smartphone,3,531.5,1594.5,South,Cash
1569,2024-11-15,CUST_00030,Male,32,Clothing,T-Shirt,2,78.73,157.46,North,Debit Card
9096,2024-11-15,CUST_00335,Male,67,Sports,Skipping Rope,4,130.31,521.24,East,Cash
1409,2024-11-15,CUST_00634,Female,67,Beauty,Hair Oil,3,51.27,153.81,East,Credit Card
10191,2024-11-15,CUST_01250,Female,52,Home & Kitchen,Table Lamp,1,62.68,62.68,West,Debit Card
5788,2024-11-15,CUST_01969,Male,39,Home & Kitchen,Blender,6,47.72,286.32,West,Debit Card
4976,2024-11-15,CUST_00154,Female,56,Beauty,Lipstick,1,22.09,22.09,South,Cash
8604,2024-11-15,CUST_00123,Female,24,Food,Granola,1,33.37,33.37,West,UPI
1368,2024-11-15,CUST_00089,Male,35,Electronics,Power Bank,1,738.93,738.93,North,Debit Card
8242,2024-11-15,CUST_01181,Female,21,Electronics,USB Cable,3,268.75,806.25,North,Debit Card
7766,2024-11-15,CUST_01640,Female,49,Electronics,Smart Watch,1,638.48,638.48,West,Debit Card
4741,2024-11-15,CUST_01406,Male,32,Home & Kitchen,Table Lamp,3,121.65,364.95,West,UPI
7637,2024-11-16,CUST_01394,Female,42,Home & Kitchen,Bedsheet,1,77.27,77.27,South,Cash
1105,2024-11-16,CUST_01250,Female,52,Beauty,Sunscreen,3,36.55,109.65,West,Cash
4007,2024-11-16,CUST_01974,Female,33,Food,Organic Honey,1,12.88,12.88,East,UPI
5471,2024-11-16,CUST_00947,Female,25,Sports,Running Shoes,3,177.39,532.17,East,UPI
3013,2024-11-16,CUST_01552,Male,26,Beauty,Sunscreen,3,59.9,179.7,West,UPI
8121,2024-11-16,CUST_00172,Female,36,Electronics,Power Bank,3,710.23,2130.69,East,UPI
3108,2024-11-16,CUST_00322,Male,60,Food,Protein Bar,5,27.81,139.05,West,UPI
3192,2024-11-16,CUST_01335,Male,40,Electronics,Smartphone,7,241.89,1693.23,East,Credit Card
1749,2024-11-16,CUST_01993,Male,52,Home & Kitchen,Knife Set,1,231.83,231.83,West,Credit Card
8819,2024-11-16,CUST_01736,Male,19,Beauty,Face Wash,5,99.74,498.7,West,Credit Card
9594,2024-11-16,CUST_00629,Male,48,Electronics,Tablet,1,479.24,479.24,North,Cash
8974,2024-11-16,CUST_01126,Male,43,Electronics,Tablet,5,420.86,2104.3,South,UPI
3321,2024-11-16,CUST_01412,Female,63,Home & Kitchen,Table Lamp,6,137.68,826.08,North,UPI
1454,2024-11-16,CUST_01779,Female,62,Clothing,Jacket,5,90.96,454.8,South,Credit Card
7104,2024-11-16,CUST_01832,Female,22,Electronics,Bluetooth Speaker,2,664.42,1328.84,South,UPI
6710,2024-11-16,CUST_01456,Male,53,Beauty,Foundation,3,52.78,158.34,West,Cash
3003,2024-11-16,CUST_01976,Male,48,Clothing,Sneakers,2,116.64,233.28,East,Debit Card
7455,2024-11-16,CUST_01819,Female,62,Home & Kitchen,Bedsheet,1,229.43,229.43,South,Debit Card
3572,2024-11-16,CUST_00166,Female,65,Sports,Skipping Rope,4,180.62,722.48,West,Credit Card
6967,2024-11-16,CUST_01549,Male,35,Clothing,Hoodie,2,113.47,226.94,South,Credit Card
4642,2024-11-17,CUST_00618,Male,69,Food,Mixed Nuts,2,19.3,38.6,South,UPI
6339,2024-11-17,CUST_00186,Female,22,Beauty,Sunscreen,5,103.16,515.8,East,Credit Card
5937,2024-11-17,CUST_01076,Male,50,Clothing,Shorts,4,93.72,374.88,West,Credit Card
7853,2024-11-17,CUST_01635,Female,39,Clothing,Dress,4,142.17,568.68,South,Debit Card
5603,2024-11-17,CUST_01926,Male,21,Electronics,USB Cable,2,294.32,588.64,North,Debit Card
4752,2024-11-17,CUST_00795,Female,58,Sports,Skipping Rope,1,163.49,163.49,South,Debit Card
8116,2024-11-17,CUST_01406,Male,32,Food,Protein Bar,1,16.62,16.62,West,Credit Card
10161,2024-11-17,CUST_00954,Male,56,Sports,Cricket Bat,1,32.01,32.01,South,Debit Card
2368,2024-11-17,CUST_01264,Female,35,Beauty,Lipstick,3,117.16,351.48,East,Cash
5294,2024-11-17,CUST_00288,Male,67,Home & Kitchen,Bedsheet,4,93.47,373.88,East,Credit Card
4337,2024-11-17,CUST_00656,Male,31,Home & Kitchen,Bedsheet,5,238.85,1194.25,West,Cash
5817,2024-11-17,CUST_01034,Female,61,Home & Kitchen,Cookware Set,1,80.49,80.49,South,Cash
1786,2024-11-17,CUST_01730,Male,48,Clothing,Hoodie,2,111.75,223.5,West,Cash
10468,2024-11-17,CUST_01400,Male,55,Electronics,Smart Watch,4,776.94,3107.76,West,Debit Card
7845,2024-11-17,CUST_00847,Male,36,Home & Kitchen,Storage Container,3,26.39,79.17,West,Debit Card
6786,2024-11-17,CUST_00161,Male,47,Home & Kitchen,Wall Clock,1,93.91,93.91,South,Cash
6153,2024-11-17,CUST_01283,Male,32,Sports,Yoga Mat,2,28.66,57.32,South,Credit Card
3084,2024-11-17,CUST_00323,Female,36,Electronics,Smart Watch,5,505.6,2528.0,East,Cash
4353,2024-11-17,CUST_00079,Female,42,Electronics,Laptop,3,521.48,1564.44,South,Credit Card
3802,2024-11-17,CUST_01404,Male,49,Clothing,Shorts,2,148.5,297.0,North,Cash
9531,2024-11-17,CUST_01508,Female,47,Food,Mixed Nuts,4,35.43,141.72,East,Debit Card
3473,2024-11-17,CUST_00566,Male,48,Beauty,Moisturizer,3,115.9,347.7,North,UPI
10211,2024-11-17,CUST_01950,Female,25,Beauty,Sunscreen,4,16.34,65.36,North,Debit Card
3252,2024-11-17,CUST_00350,Male,22,Clothing,Shorts,3,84.11,252.33,South,Credit Card
1151,2024-11-17,CUST_00597,Male,44,Home & Kitchen,Knife Set,4,223.37,893.48,North,Debit Card
7859,2024-11-17,CUST_01232,Male,49,Home & Kitchen,Blender,2,223.25,446.5,North,Debit Card
10912,2024-11-17,CUST_01602,Male,55,Beauty,Perfume,3,109.13,327.39,South,Credit Card
5803,2024-11-17,CUST_01541,Male,46,Beauty,Sunscreen,5,24.06,120.3,West,UPI
7862,2024-11-17,CUST_00296,Female,31,Home & Kitchen,Storage Container,3,35.98,107.94,East,Debit Card
8999,2024-11-17,CUST_00278,Male,34,Food,Olive Oil,2,11.27,22.54,West,Debit Card
1044,2024-11-17,CUST_00301,Female,64,Food,Olive Oil,3,26.38,79.14,West,Cash
6244,2024-11-18,CUST_01198,Male,54,Clothing,Formal Shirt,6,126.85,761.1,North,UPI
5234,2024-11-18,CUST_01472,Female,19,Sports,Football,6,89.67,538.02,North,Cash
3210,2024-11-18,CUST_01537,Male,40,Clothing,Formal Shirt,3,40.19,120.57,West,UPI
7998,2024-11-18,CUST_00555,Female,67,Beauty,Lipstick,3,44.07,132.21,North,UPI
7232,2024-11-18,CUST_01526,Female,47,Beauty,Face Wash,1,16.88,16.88,East,Debit Card
10218,2024-11-18,CUST_00534,Female,29,Electronics,USB Cable,6,277.79,1666.74,North,Debit Card
7918,2024-11-18,CUST_01038,Male,65,Home & Kitchen,Blender,2,97.01,194.02,North,Credit Card
9612,2024-11-18,CUST_00936,Female,49,Sports,Yoga Mat,3,174.51,523.53,East,Credit Card
6755,2024-11-18,CUST_00225,Male,64,Electronics,Bluetooth Speaker,4,498.53,1994.12,South,Credit Card
3624,2024-11-18,CUST_00944,Female,34,Food,Granola,3,29.83,89.49,West,UPI
4660,2024-11-18,CUST_00490,Male,69,Beauty,Lipstick,6,16.87,101.22,North,UPI
6622,2024-11-18,CUST_01745,Female,59,Clothing,Hoodie,1,137.91,137.91,South,Cash
10869,2024-11-18,CUST_00308,Male,35,Clothing,Dress,3,144.53,433.59,South,UPI
5900,2024-11-18,CUST_00843,Male,52,Home & Kitchen,Table Lamp,2,59.8,119.6,North,Credit Card
10984,2024-11-18,CUST_00797,Female,69,Beauty,Eye Shadow,1,102.65,102.65,North,Cash
1507,2024-11-18,CUST_01794,Male,48,Home & Kitchen,Table Lamp,5,199.58,997.9,North,Credit Card
8060,2024-11-18,CUST_00826,Male,28,Sports,Resistance Band,6,67.88,407.28,South,Credit Card
10001,2024-11-19,CUST_01806,Female,66,Beauty,Lipstick,4,11.81,47.24,South,Debit Card
6579,2024-11-19,CUST_01851,Male,34,Electronics,Headphones,6,591.5,3549.0,South,UPI
3352,2024-11-19,CUST_00736,Male,49,Beauty,Face Wash,2,60.49,120.98,East,Credit Card
6180,2024-11-19,CUST_01690,Female,40,Food,Peanut Butter,4,37.7,150.8,North,Debit Card
5528,2024-11-19,CUST_00305,Female,64,Food,Organic Honey,4,32.04,128.16,East,Debit Card
10387,2024-11-19,CUST_01237,Female,24,Sports,Cricket Bat,6,151.53,909.18,West,UPI
6688,2024-11-19,CUST_00510,Male,67,Home & Kitchen,Knife Set,4,215.43,861.72,South,Credit Card
9902,2024-11-19,CUST_01999,Male,62,Food,Olive Oil,1,12.35,12.35,North,UPI
9249,2024-11-19,CUST_01869,Female,27,Home & Kitchen,Cookware Set,6,231.79,1390.74,South,Cash
8220,2024-11-19,CUST_00915,Female,61,Clothing,Jeans,1,80.78,80.78,East,Debit Card
6770,2024-11-19,CUST_00526,Female,25,Food,Olive Oil,3,6.08,18.24,North,Credit Card
2361,2024-11-19,CUST_01721,Female,67,Home & Kitchen,Bedsheet,4,95.79,383.16,North,Cash
7374,2024-11-19,CUST_00444,Male,52,Food,Peanut Butter,6,8.22,49.32,East,Credit Card
1274,2024-11-19,CUST_00111,Male,62,Home & Kitchen,Bedsheet,1,57.01,57.01,West,Debit Card
6125,2024-11-19,CUST_01000,Male,52,Home & Kitchen,Cookware Set,1,38.73,38.73,South,Cash
4192,2024-11-20,CUST_01515,Female,46,Electronics,Smartphone,2,61.96,123.92,South,Cash
5727,2024-11-20,CUST_01920,Female,36,Electronics,USB Cable,5,331.07,1655.35,South,Cash
1837,2024-11-20,CUST_00129,Female,58,Beauty,Face Wash,1,100.1,100.1,East,UPI
6490,2024-11-20,CUST_01881,Female,66,Home & Kitchen,Pillow,4,133.16,532.64,West,Debit Card
8252,2024-11-20,CUST_01904,Male,67,Home & Kitchen,Pillow,5,186.87,934.35,South,UPI
1938,2024-11-20,CUST_00893,Female,43,Sports,Yoga Mat,6,30.34,182.04,West,Credit Card
7508,2024-11-20,CUST_01538,Male,51,Beauty,Eye Shadow,2,73.69,147.38,South,Debit Card
1243,2024-11-20,CUST_01363,Female,38,Clothing,Shorts,2,66.08,132.16,North,Credit Card
9551,2024-11-20,CUST_00329,Female,41,Beauty,Face Wash,4,97.53,390.12,West,Debit Card
7418,2024-11-20,CUST_00421,Female,23,Clothing,Formal Shirt,2,40.31,80.62,South,Credit Card
3101,2024-11-20,CUST_01180,Male,48,Sports,Resistance Band,3,54.55,163.65,South,Cash
4103,2024-11-20,CUST_01317,Male,36,Home & Kitchen,Bedsheet,3,119.45,358.35,West,Debit Card
4903,2024-11-20,CUST_00353,Female,28,Electronics,Bluetooth Speaker,1,148.92,148.92,West,Debit Card
8737,2024-11-20,CUST_00279,Female,59,Food,Green Tea,1,26.16,26.16,West,Debit Card
6705,2024-11-20,CUST_01321,Female,60,Clothing,Dress,2,103.21,206.42,North,UPI
8463,2024-11-20,CUST_00558,Male,27,Electronics,USB Cable,2,593.06,1186.12,West,Cash
6683,2024-11-20,CUST_00884,Male,64,Beauty,Lipstick,1,96.95,96.95,West,Credit Card
6897,2024-11-20,CUST_01320,Female,20,Electronics,Bluetooth Speaker,1,317.38,317.38,North,Cash
10246,2024-11-20,CUST_00023,Female,21,Clothing,Dress,4,40.28,161.12,North,Credit Card
7841,2024-11-20,CUST_01488,Female,40,Sports,Water Bottle,1,48.55,48.55,North,Credit Card
1954,2024-11-20,CUST_00770,Female,22,Clothing,Sneakers,3,67.26,201.78,East,Credit Card
2019,2024-11-20,CUST_01195,Female,47,Electronics,USB Cable,2,662.57,1325.14,East,Credit Card
8306,2024-11-20,CUST_01605,Male,35,Electronics,USB Cable,3,196.26,588.78,North,Credit Card
4887,2024-11-21,CUST_00969,Male,20,Electronics,Power Bank,3,258.95,776.85,South,Debit Card
5117,2024-11-21,CUST_01651,Male,29,Clothing,Formal Shirt,4,95.67,382.68,West,Credit Card
10905,2024-11-21,CUST_01996,Female,53,Beauty,Lipstick,4,52.45,209.8,East,Debit Card
9509,2024-11-21,CUST_01665,Female,42,Home & Kitchen,Wall Clock,1,227.69,227.69,North,Debit Card
3383,2024-11-21,CUST_01977,Female,41,Sports,Dumbbells,1,50.25,50.25,South,Cash
5916,2024-11-21,CUST_00328,Male,25,Beauty,Perfume,3,102.79,308.37,North,Debit Card
6888,2024-11-21,CUST_00779,Male,40,Electronics,Smart Watch,2,710.72,1421.44,South,Debit Card
8579,2024-11-21,CUST_01812,Male,32,Beauty,Eye Shadow,1,52.31,52.31,West,UPI
1997,2024-11-21,CUST_01502,Male,69,Food,Green Tea,2,3.82,7.64,East,UPI
9871,2024-11-21,CUST_01125,Female,27,Home & Kitchen,Storage Container,4,100.23,400.92,North,Cash
3755,2024-11-21,CUST_01734,Female,62,Home & Kitchen,Knife Set,1,157.32,157.32,East,Cash
6794,2024-11-21,CUST_00081,Male,47,Home & Kitchen,Knife Set,2,109.36,218.72,East,Cash
2663,2024-11-22,CUST_00623,Male,18,Clothing,Shorts,4,73.83,295.32,South,UPI
2855,2024-11-22,CUST_00086,Male,57,Electronics,Bluetooth Speaker,2,612.39,1224.78,East,Debit Card
3843,2024-11-22,CUST_00992,Female,41,Home & Kitchen,Cookware Set,5,178.35,891.75,South,UPI
8112,2024-11-22,CUST_01276,Male,32,Food,Green Tea,6,7.84,47.04,East,UPI
7834,2024-11-22,CUST_01046,Female,23,Electronics,Smart Watch,4,549.45,2197.8,North,Debit Card
5145,2024-11-22,CUST_00786,Female,60,Food,Mixed Nuts,3,9.24,27.72,South,Credit Card
10475,2024-11-22,CUST_01656,Male,45,Home & Kitchen,Wall Clock,3,232.58,697.74,West,Debit Card
5859,2024-11-22,CUST_00510,Male,67,Home & Kitchen,Bedsheet,3,29.26,87.78,South,Credit Card
5930,2024-11-22,CUST_00086,Male,57,Electronics,USB Cable,2,542.76,1085.52,East,UPI
3854,2024-11-22,CUST_00071,Male,55,Beauty,Sunscreen,2,114.32,228.64,West,Cash
3206,2024-11-22,CUST_00871,Female,54,Food,Olive Oil,1,32.43,32.43,East,Cash
9567,2024-11-22,CUST_00278,Male,34,Clothing,Formal Shirt,3,36.32,108.96,West,Credit Card
7599,2024-11-23,CUST_00274,Female,63,Beauty,Foundation,2,27.91,55.82,East,Cash
9148,2024-11-23,CUST_00131,Male,38,Home & Kitchen,Knife Set,3,188.51,565.53,North,Cash
4637,2024-11-23,CUST_01236,Male,35,Clothing,Formal Shirt,1,143.57,143.57,South,Credit Card
5720,2024-11-23,CUST_00690,Female,44,Electronics,Headphones,2,702.77,1405.54,South,Debit Card
7577,2024-11-23,CUST_01870,Male,65,Home & Kitchen,Storage Container,1,94.91,94.91,East,Debit Card
7355,2024-11-23,CUST_00760,Female,64,Food,Olive Oil,1,5.44,5.44,East,Debit Card
4142,2024-11-23,CUST_00390,Female,49,Food,Olive Oil,3,16.13,48.39,East,Cash
7241,2024-11-23,CUST_00873,Male,56,Home & Kitchen,Bedsheet,1,63.56,63.56,East,Credit Card
7203,2024-11-23,CUST_00377,Male,38,Home & Kitchen,Pillow,2,87.94,175.88,South,Debit Card
9839,2024-11-23,CUST_00080,Male,26,Clothing,Jacket,3,47.29,141.87,North,Credit Card
6069,2024-11-23,CUST_01304,Male,44,Home & Kitchen,Wall Clock,1,166.49,166.49,West,Credit Card
3955,2024-11-23,CUST_01087,Female,28,Clothing,Jeans,5,69.73,348.65,West,Cash
1814,2024-11-23,CUST_01940,Male,26,Electronics,Smart Watch,1,59.62,59.62,East,Cash
2249,2024-11-23,CUST_00861,Female,21,Food,Mixed Nuts,1,39.25,39.25,South,Credit Card
8567,2024-11-23,CUST_01725,Male,59,Beauty,Eye Shadow,3,105.2,315.6,West,Credit Card
1826,2024-11-23,CUST_00216,Female,68,Food,Peanut Butter,5,15.71,78.55,North,Cash
3836,2024-11-23,CUST_01348,Male,62,Home & Kitchen,Table Lamp,2,128.47,256.94,East,UPI
9851,2024-11-23,CUST_00919,Male,21,Electronics,Headphones,2,343.09,686.18,South,UPI
4484,2024-11-23,CUST_00627,Female,25,Electronics,Headphones,1,405.3,405.3,West,UPI
1616,2024-11-23,CUST_01876,Male,35,Clothing,Formal Shirt,1,148.18,148.18,North,Debit Card
2687,2024-11-24,CUST_01748,Female,24,Clothing,Sneakers,3,20.65,61.95,East,UPI
8186,2024-11-24,CUST_00368,Male,43,Beauty,Perfume,1,42.17,42.17,South,UPI
9004,2024-11-24,CUST_00265,Male,63,Beauty,Face Wash,3,99.74,299.22,South,UPI
10061,2024-11-24,CUST_01190,Male,37,Home & Kitchen,Wall Clock,1,237.43,237.43,South,UPI
9518,2024-11-24,CUST_01225,Female,66,Beauty,Sunscreen,5,39.02,195.1,West,Credit Card
7113,2024-11-24,CUST_01524,Female,18,Food,Organic Honey,1,10.18,10.18,East,UPI
6062,2024-11-24,CUST_01886,Female,59,Beauty,Lipstick,2,105.03,210.06,West,Debit Card
1800,2024-11-24,CUST_01785,Male,30,Clothing,Sneakers,3,17.55,52.65,West,Debit Card
5434,2024-11-24,CUST_00250,Male,47,Beauty,Lipstick,1,72.59,72.59,South,Credit Card
9251,2024-11-24,CUST_00409,Male,22,Sports,Water Bottle,1,172.49,172.49,West,UPI
6040,2024-11-24,CUST_00321,Male,46,Electronics,Laptop,1,373.66,373.66,North,Cash
8977,2024-11-24,CUST_00833,Female,34,Clothing,Dress,4,87.37,349.48,North,UPI
8718,2024-11-24,CUST_01070,Male,31,Clothing,Dress,2,125.99,251.98,West,Credit Card
8092,2024-11-24,CUST_00928,Male,44,Home & Kitchen,Blender,2,101.09,202.18,North,Cash
1056,2024-11-24,CUST_00002,Male,31,Home & Kitchen,Knife Set,5,110.48,552.4,East,Debit Card
9875,2024-11-25,CUST_01322,Male,59,Electronics,Power Bank,7,261.38,1829.66,North,Debit Card
2023,2024-11-25,CUST_00045,Female,50,Sports,Yoga Mat,4,24.91,99.64,East,Debit Card
2016,2024-11-25,CUST_01071,Female,21,Clothing,Jacket,2,31.16,62.32,North,Debit Card
6122,2024-11-25,CUST_01697,Female,31,Home & Kitchen,Pillow,1,97.46,97.46,South,Credit Card
10421,2024-11-25,CUST_01575,Female,53,Clothing,Jeans,2,71.76,143.52,North,Cash
7476,2024-11-25,CUST_01941,Male,35,Home & Kitchen,Pillow,3,180.41,541.23,West,Debit Card
1183,2024-11-25,CUST_01622,Female,55,Home & Kitchen,Wall Clock,5,170.94,854.7,West,Cash
8788,2024-11-25,CUST_00021,Female,60,Clothing,Dress,2,149.81,299.62,East,UPI
6730,2024-11-25,CUST_00176,Female,38,Home & Kitchen,Storage Container,1,125.21,125.21,West,Credit Card
10761,2024-11-25,CUST_00213,Male,44,Electronics,Bluetooth Speaker,1,417.91,417.91,East,Debit Card
2520,2024-11-26,CUST_01856,Male,28,Clothing,Jeans,2,53.46,106.92,West,Credit Card
3516,2024-11-26,CUST_00468,Male,63,Sports,Dumbbells,1,23.12,23.12,East,Debit Card
5905,2024-11-26,CUST_01185,Male,53,Home & Kitchen,Storage Container,3,213.39,640.17,West,UPI
2640,2024-11-26,CUST_01822,Male,64,Food,Mixed Nuts,3,25.55,76.65,West,Credit Card
2635,2024-11-26,CUST_01094,Female,49,Clothing,Jacket,2,16.55,33.1,South,Credit Card
4167,2024-11-26,CUST_00537,Female,53,Home & Kitchen,Wall Clock,5,176.44,882.2,North,UPI
1808,2024-11-26,CUST_00988,Female,55,Electronics,Smartphone,1,665.2,665.2,East,Debit Card
4957,2024-11-26,CUST_00952,Male,32,Electronics,Bluetooth Speaker,5,775.4,3877.0,West,Debit Card
7533,2024-11-26,CUST_00683,Male,69,Home & Kitchen,Cookware Set,1,177.1,177.1,South,Credit Card
6912,2024-11-26,CUST_01736,Male,19,Sports,Water Bottle,3,150.16,450.48,West,Debit Card
10467,2024-11-26,CUST_00671,Female,37,Home & Kitchen,Table Lamp,2,98.38,196.76,North,Credit Card
6313,2024-11-26,CUST_00339,Female,57,Beauty,Face Wash,1,27.41,27.41,South,Cash
4609,2024-11-26,CUST_01698,Male,61,Food,Olive Oil,1,9.63,9.63,East,Credit Card
1578,2024-11-26,CUST_01353,Male,65,Beauty,Lipstick,1,77.6,77.6,West,Cash
3821,2024-11-26,CUST_00206,Male,62,Beauty,Moisturizer,1,117.95,117.95,West,Credit Card
10797,2024-11-26,CUST_01713,Male,23,Food,Mixed Nuts,1,33.15,33.15,East,Credit Card
2104,2024-11-27,CUST_01773,Female,62,Beauty,Sunscreen,3,65.78,197.34,South,Debit Card
4440,2024-11-27,CUST_01752,Male,68,Clothing,Jeans,4,139.38,557.52,South,Debit Card
9701,2024-11-27,CUST_00664,Female,36,Home & Kitchen,Blender,2,118.37,236.74,South,Credit Card
6589,2024-11-27,CUST_01167,Male,45,Home & Kitchen,Blender,3,152.58,457.74,North,UPI
7272,2024-11-27,CUST_00214,Male,63,Food,Green Tea,2,32.69,65.38,North,Credit Card
10504,2024-11-27,CUST_00513,Male,21,Food,Protein Bar,1,23.36,23.36,West,Debit Card
5734,2024-11-27,CUST_00952,Male,32,Clothing,Hoodie,3,10.19,30.57,West,UPI
4687,2024-11-27,CUST_01293,Male,66,Beauty,Lipstick,2,48.02,96.04,West,UPI
5094,2024-11-27,CUST_00919,Male,21,Sports,Resistance Band,1,160.16,160.16,South,Debit Card
6512,2024-11-27,CUST_00162,Female,58,Clothing,Formal Shirt,2,147.54,295.08,South,Cash
9944,2024-11-27,CUST_01812,Male,32,Home & Kitchen,Blender,1,107.5,107.5,West,UPI
10233,2024-11-27,CUST_00157,Female,30,Home & Kitchen,Knife Set,1,76.61,76.61,West,Debit Card
4439,2024-11-27,CUST_01281,Male,59,Beauty,Hair Oil,5,96.05,480.25,South,Cash
10226,2024-11-27,CUST_01089,Female,53,Food,Peanut Butter,3,11.84,35.52,West,Credit Card
6819,2024-11-27,CUST_00225,Male,64,Clothing,T-Shirt,2,29.91,59.82,South,UPI
7995,2024-11-27,CUST_00570,Female,26,Clothing,T-Shirt,3,98.76,296.28,South,Credit Card
2839,2024-11-27,CUST_01162,Male,65,Home & Kitchen,Bedsheet,1,211.58,211.58,East,Credit Card
9483,2024-11-27,CUST_01451,Female,57,Food,Olive Oil,3,4.64,13.92,East,Credit Card
3570,2024-11-27,CUST_01845,Female,60,Home & Kitchen,Table Lamp,4,143.96,575.84,North,Debit Card
4726,2024-11-27,CUST_01863,Female,44,Clothing,Jacket,3,130.67,392.01,South,Cash
1246,2024-11-27,CUST_01617,Female,57,Electronics,Bluetooth Speaker,3,482.47,1447.41,East,Credit Card
1685,2024-11-28,CUST_00165,Male,25,Clothing,Formal Shirt,1,74.09,74.09,South,Cash
10800,2024-11-28,CUST_01088,Male,68,Electronics,Power Bank,1,368.33,368.33,South,UPI
8053,2024-11-28,CUST_01530,Male,51,Food,Mixed Nuts,1,31.25,31.25,East,UPI
8722,2024-11-28,CUST_01491,Female,21,Sports,Resistance Band,4,18.55,74.2,South,Credit Card
2456,2024-11-28,CUST_01720,Male,33,Home & Kitchen,Blender,4,10.6,42.4,West,Credit Card
7707,2024-11-28,CUST_00830,Female,30,Beauty,Sunscreen,3,26.7,80.1,South,Debit Card
4986,2024-11-28,CUST_00677,Male,43,Home & Kitchen,Storage Container,3,180.14,540.42,West,UPI
7893,2024-11-28,CUST_00172,Female,36,Sports,Running Shoes,1,182.12,182.12,East,Credit Card
6565,2024-11-28,CUST_00749,Male,36,Sports,Cricket Bat,3,128.42,385.26,North,Cash
2668,2024-11-28,CUST_01685,Male,64,Home & Kitchen,Wall Clock,1,16.5,16.5,North,Credit Card
6194,2024-11-28,CUST_01966,Female,39,Home & Kitchen,Table Lamp,2,210.29,420.58,North,Cash
1716,2024-11-28,CUST_01953,Male,27,Electronics,Bluetooth Speaker,1,684.08,684.08,East,UPI
8510,2024-11-28,CUST_00129,Female,58,Clothing,Formal Shirt,2,11.21,22.42,East,Cash
9948,2024-11-28,CUST_01734,Female,62,Home & Kitchen,Storage Container,1,86.44,86.44,East,Credit Card
1396,2024-11-28,CUST_00201,Male,55,Food,Mixed Nuts,5,14.55,72.75,East,Debit Card
6025,2024-11-28,CUST_01689,Male,60,Home & Kitchen,Pillow,5,112.88,564.4,West,Debit Card
1113,2024-11-28,CUST_00219,Male,55,Sports,Resistance Band,2,195.75,391.5,North,Debit Card
7886,2024-11-29,CUST_01904,Male,67,Food,Green Tea,3,10.39,31.17,South,UPI
7831,2024-11-29,CUST_01227,Female,58,Food,Protein Bar,1,11.67,11.67,East,UPI
6061,2024-11-29,CUST_00907,Female,24,Clothing,Jeans,1,45.25,45.25,South,Credit Card
5551,2024-11-29,CUST_00128,Female,36,Home & Kitchen,Storage Container,1,110.43,110.43,North,Cash
10157,2024-11-29,CUST_00642,Male,35,Home & Kitchen,Blender,1,226.05,226.05,East,Credit Card
9847,2024-11-29,CUST_01434,Male,63,Food,Organic Honey,2,26.79,53.58,East,Credit Card
8199,2024-11-29,CUST_01812,Male,32,Clothing,Shorts,3,132.14,396.42,West,UPI
10750,2024-11-29,CUST_01707,Female,31,Electronics,Laptop,4,340.79,1363.16,South,Credit Card
1797,2024-11-29,CUST_00878,Male,42,Food,Peanut Butter,3,31.04,93.12,West,Credit Card
2956,2024-11-29,CUST_00908,Female,60,Food,Granola,1,32.04,32.04,South,Debit Card
7818,2024-11-29,CUST_01825,Female,40,Electronics,USB Cable,1,197.29,197.29,West,UPI
4776,2024-11-29,CUST_00604,Female,22,Home & Kitchen,Pillow,2,36.32,72.64,South,Debit Card
9484,2024-11-29,CUST_00394,Male,26,Beauty,Moisturizer,1,60.56,60.56,West,UPI
10000,2024-11-29,CUST_01847,Male,57,Beauty,Foundation,1,84.59,84.59,South,UPI
9402,2024-11-29,CUST_01630,Female,44,Electronics,Bluetooth Speaker,2,114.98,229.96,South,UPI
8949,2024-11-29,CUST_01018,Male,51,Clothing,Jacket,6,62.2,373.2,South,Credit Card
2184,2024-11-29,CUST_00313,Female,69,Food,Dark Chocolate,4,9.59,38.36,East,Credit Card
5559,2024-11-29,CUST_00301,Female,64,Home & Kitchen,Cookware Set,1,53.27,53.27,West,Credit Card
1513,2024-11-29,CUST_00994,Female,59,Beauty,Perfume,3,79.6,238.8,North,Debit Card
8045,2024-11-29,CUST_01531,Male,36,Food,Green Tea,2,25.33,50.66,South,Cash
6140,2024-11-29,CUST_00853,Female,65,Beauty,Sunscreen,1,81.0,81.0,West,Debit Card
10205,2024-11-29,CUST_01499,Male,54,Beauty,Face Wash,1,43.12,43.12,North,Cash
3950,2024-11-29,CUST_01252,Female,26,Clothing,Formal Shirt,3,27.02,81.06,North,Debit Card
4837,2024-11-29,CUST_01862,Female,19,Clothing,Dress,1,21.51,21.51,East,Cash
4133,2024-11-29,CUST_00214,Male,63,Beauty,Hair Oil,4,106.19,424.76,North,UPI
7852,2024-11-29,CUST_01970,Male,55,Home & Kitchen,Bedsheet,1,40.38,40.38,South,Credit Card
6988,2024-11-29,CUST_00134,Female,30,Clothing,Jacket,2,29.42,58.84,North,UPI
3305,2024-11-29,CUST_01811,Female,52,Beauty,Lipstick,2,74.37,148.74,North,Credit Card
5581,2024-11-30,CUST_00581,Male,37,Home & Kitchen,Wall Clock,4,130.29,521.16,South,UPI
7921,2024-11-30,CUST_00820,Female,19,Clothing,Formal Shirt,4,109.11,436.44,South,UPI
2522,2024-11-30,CUST_00694,Female,32,Beauty,Foundation,3,70.43,211.29,North,Cash
4699,2024-11-30,CUST_01401,Male,58,Beauty,Foundation,1,41.18,41.18,East,Cash
7983,2024-11-30,CUST_01222,Female,45,Home & Kitchen,Pillow,1,40.42,40.42,South,UPI
8145,2024-11-30,CUST_00162,Female,58,Beauty,Perfume,3,45.97,137.91,South,Debit Card
7469,2024-11-30,CUST_01626,Male,70,Sports,Running Shoes,4,83.33,333.32,East,UPI
2420,2024-11-30,CUST_00910,Female,68,Home & Kitchen,Storage Container,3,241.65,724.95,East,Debit Card
10532,2024-11-30,CUST_01006,Female,51,Beauty,Face Wash,3,17.11,51.33,West,UPI
7316,2024-11-30,CUST_01303,Female,38,Clothing,T-Shirt,1,12.53,12.53,East,Cash
8205,2024-11-30,CUST_01944,Female,61,Home & Kitchen,Wall Clock,4,132.35,529.4,West,Credit Card
4886,2024-11-30,CUST_01903,Male,20,Sports,Running Shoes,4,146.45,585.8,West,UPI
5816,2024-11-30,CUST_00279,Female,59,Sports,Dumbbells,2,106.3,212.6,West,Debit Card
5051,2024-11-30,CUST_01155,Male,46,Home & Kitchen,Storage Container,6,213.6,1281.6,North,Debit Card
7138,2024-11-30,CUST_01662,Male,36,Electronics,Smart Watch,2,46.35,92.7,North,Debit Card
8729,2024-11-30,CUST_01470,Male,31,Electronics,USB Cable,2,472.21,944.42,South,Credit Card
4839,2024-11-30,CUST_00579,Female,42,Home & Kitchen,Wall Clock,2,133.02,266.04,North,Credit Card
9128,2024-11-30,CUST_00717,Male,58,Home & Kitchen,Storage Container,2,193.38,386.76,West,Debit Card
10193,2024-11-30,CUST_01130,Female,58,Food,Peanut Butter,6,23.84,143.04,North,UPI
7733,2024-11-30,CUST_00018,Male,47,Food,Peanut Butter,3,24.79,74.37,North,Debit Card
1807,2024-11-30,CUST_00146,Male,30,Electronics,Power Bank,1,65.62,65.62,South,Credit Card
5246,2024-11-30,CUST_01520,Female,42,Food,Organic Honey,2,37.49,74.98,West,Credit Card
10863,2024-11-30,CUST_01630,Female,44,Sports,Cricket Bat,1,59.98,59.98,South,Credit Card
4723,2024-12-01,CUST_00254,Female,69,Food,Peanut Butter,6,3.31,19.86,North,Debit Card
1257,2024-12-01,CUST_00106,Female,70,Clothing,Sneakers,2,20.82,41.64,North,Debit Card
2302,2024-12-01,CUST_00554,Female,22,Clothing,Dress,1,87.77,87.77,East,UPI
10099,2024-12-01,CUST_01908,Male,40,Electronics,Bluetooth Speaker,1,379.86,379.86,East,Credit Card
10637,2024-12-01,CUST_01696,Male,27,Beauty,Perfume,1,82.8,82.8,West,Cash
10884,2024-12-01,CUST_00453,Female,19,Sports,Water Bottle,5,24.58,122.9,East,UPI
5322,2024-12-01,CUST_00258,Female,69,Food,Olive Oil,3,20.33,60.99,North,UPI
7609,2024-12-01,CUST_00740,Male,27,Sports,Dumbbells,6,18.59,111.54,South,Debit Card
8797,2024-12-01,CUST_01978,Male,21,Electronics,Headphones,1,450.09,450.09,South,Debit Card
6969,2024-12-01,CUST_01657,Female,19,Electronics,Laptop,1,508.9,508.9,East,Debit Card
6762,2024-12-01,CUST_01685,Male,64,Food,Organic Honey,4,27.14,108.56,North,Credit Card
3023,2024-12-01,CUST_01663,Female,54,Home & Kitchen,Bedsheet,3,53.03,159.09,South,Debit Card
8695,2024-12-01,CUST_01129,Female,51,Food,Dark Chocolate,1,23.64,23.64,West,Credit Card
2656,2024-12-01,CUST_01061,Male,18,Beauty,Moisturizer,7,29.76,208.32,South,Debit Card
2416,2024-12-01,CUST_00654,Male,60,Clothing,T-Shirt,1,121.76,121.76,South,UPI
4157,2024-12-01,CUST_01334,Male,62,Food,Dark Chocolate,1,27.89,27.89,South,Cash
6184,2024-12-01,CUST_01316,Female,49,Home & Kitchen,Cookware Set,6,247.38,1484.28,West,Credit Card
1972,2024-12-01,CUST_00347,Female,51,Home & Kitchen,Bedsheet,5,164.67,823.35,North,Cash
9203,2024-12-01,CUST_00117,Male,54,Food,Green Tea,1,35.44,35.44,East,Debit Card
9188,2024-12-01,CUST_00887,Female,28,Beauty,Lipstick,1,14.58,14.58,South,Debit Card
1179,2024-12-01,CUST_01597,Male,37,Electronics,Tablet,3,253.24,759.72,North,Debit Card
7373,2024-12-01,CUST_01348,Male,62,Home & Kitchen,Knife Set,7,150.4,1052.8,East,Cash
7050,2024-12-01,CUST_01585,Male,24,Electronics,Tablet,3,507.74,1523.22,East,Debit Card
7194,2024-12-02,CUST_01246,Female,27,Electronics,Tablet,2,471.56,943.12,North,Debit Card
3186,2024-12-02,CUST_01617,Female,57,Clothing,Formal Shirt,6,139.69,838.14,East,Cash
4931,2024-12-02,CUST_01824,Male,53,Home & Kitchen,Table Lamp,3,48.52,145.56,South,UPI
7787,2024-12-02,CUST_01919,Female,59,Food,Mixed Nuts,1,13.02,13.02,East,Debit Card
8681,2024-12-02,CUST_00108,Female,18,Electronics,Smart Watch,3,494.41,1483.23,West,Cash
8219,2024-12-02,CUST_00522,Male,57,Home & Kitchen,Table Lamp,5,153.14,765.7,North,Credit Card
10941,2024-12-02,CUST_00978,Female,20,Food,Mixed Nuts,1,11.61,11.61,North,Credit Card
7740,2024-12-02,CUST_01961,Male,50,Electronics,Smart Watch,1,152.64,152.64,East,Credit Card
2186,2024-12-02,CUST_01520,Female,42,Food,Peanut Butter,2,11.46,22.92,West,UPI
4516,2024-12-02,CUST_01913,Female,24,Home & Kitchen,Blender,3,166.49,499.47,East,Credit Card
9494,2024-12-02,CUST_00733,Female,32,Home & Kitchen,Storage Container,7,155.93,1091.51,West,Credit Card
4854,2024-12-02,CUST_01372,Female,19,Clothing,Jacket,3,54.86,164.58,North,UPI
6189,2024-12-02,CUST_00931,Male,61,Food,Protein Bar,1,18.83,18.83,West,UPI
10784,2024-12-02,CUST_00182,Female,27,Home & Kitchen,Storage Container,2,117.39,234.78,West,UPI
2053,2024-12-02,CUST_01376,Female,45,Home & Kitchen,Bedsheet,1,91.47,91.47,South,Debit Card
10119,2024-12-02,CUST_01736,Male,19,Home & Kitchen,Bedsheet,1,63.93,63.93,West,Credit Card
5858,2024-12-02,CUST_01309,Male,32,Electronics,Laptop,2,579.27,1158.54,East,Debit Card
10916,2024-12-02,CUST_01620,Female,18,Home & Kitchen,Knife Set,3,83.52,250.56,South,Credit Card
10523,2024-12-02,CUST_00470,Female,23,Sports,Water Bottle,3,118.1,354.3,South,Debit Card
10618,2024-12-02,CUST_00850,Female,30,Electronics,Smartphone,1,203.06,203.06,North,UPI
4365,2024-12-02,CUST_01009,Female,53,Food,Dark Chocolate,3,7.66,22.98,East,Credit Card
4802,2024-12-02,CUST_01700,Male,37,Home & Kitchen,Wall Clock,1,217.48,217.48,South,Cash
2866,2024-12-02,CUST_01054,Female,49,Beauty,Hair Oil,2,47.59,95.18,East,UPI
1721,2024-12-02,CUST_01605,Male,35,Clothing,Dress,3,76.02,228.06,North,UPI
1752,2024-12-03,CUST_00970,Female,41,Electronics,Tablet,3,131.88,395.64,North,Credit Card
5312,2024-12-03,CUST_01707,Female,31,Food,Olive Oil,1,37.41,37.41,South,Credit Card
1241,2024-12-03,CUST_00161,Male,47,Beauty,Foundation,2,37.74,75.48,South,Credit Card
4197,2024-12-03,CUST_01131,Female,44,Home & Kitchen,Storage Container,2,40.69,81.38,North,Credit Card
5302,2024-12-03,CUST_00175,Male,53,Food,Granola,3,12.57,37.71,South,Cash
7432,2024-12-03,CUST_00361,Female,18,Clothing,Shorts,1,128.24,128.24,North,Cash
6763,2024-12-03,CUST_01379,Male,38,Electronics,Tablet,5,119.19,595.95,North,Debit Card
8350,2024-12-03,CUST_00057,Male,50,Food,Granola,4,7.76,31.04,West,UPI
1359,2024-12-03,CUST_00131,Male,38,Home & Kitchen,Bedsheet,2,10.08,20.16,North,Cash
8925,2024-12-03,CUST_01767,Female,47,Home & Kitchen,Wall Clock,3,43.0,129.0,West,UPI
3886,2024-12-03,CUST_01026,Male,66,Electronics,Smart Watch,2,614.2,1228.4,West,UPI
2976,2024-12-03,CUST_00686,Male,37,Home & Kitchen,Blender,3,82.87,248.61,North,Credit Card
9337,2024-12-03,CUST_01526,Female,47,Home & Kitchen,Cookware Set,7,30.35,212.45,East,Debit Card
8818,2024-12-03,CUST_01971,Male,52,Clothing,Hoodie,1,18.08,18.08,South,Cash
5946,2024-12-03,CUST_01359,Female,24,Beauty,Eye Shadow,2,5.47,10.94,East,Cash
7410,2024-12-03,CUST_01660,Female,18,Food,Organic Honey,4,31.84,127.36,West,Debit Card
6186,2024-12-03,CUST_00379,Male,57,Food,Granola,1,30.7,30.7,East,UPI
8873,2024-12-03,CUST_00336,Male,24,Electronics,Smart Watch,1,409.51,409.51,South,Credit Card
5270,2024-12-03,CUST_00420,Male,36,Clothing,Formal Shirt,2,132.17,264.34,North,Credit Card
6279,2024-12-03,CUST_00210,Male,56,Food,Protein Bar,5,38.05,190.25,North,Debit Card
1053,2024-12-03,CUST_00585,Male,48,Clothing,Dress,4,149.02,596.08,East,UPI
7885,2024-12-04,CUST_00018,Male,47,Electronics,Smart Watch,4,232.78,931.12,North,Cash
10212,2024-12-04,CUST_01392,Male,36,Sports,Resistance Band,2,131.3,262.6,West,Debit Card
10326,2024-12-04,CUST_00916,Female,65,Food,Peanut Butter,2,17.52,35.04,East,Cash
1135,2024-12-04,CUST_01019,Male,27,Food,Granola,1,25.46,25.46,South,UPI
7582,2024-12-04,CUST_00788,Male,53,Beauty,Foundation,1,42.83,42.83,North,Cash
5510,2024-12-04,CUST_00338,Female,51,Beauty,Lipstick,1,9.54,9.54,East,Cash
2845,2024-12-04,CUST_00634,Female,67,Home & Kitchen,Cookware Set,5,166.55,832.75,East,Credit Card
9988,2024-12-04,CUST_00772,Male,23,Sports,Dumbbells,3,148.32,444.96,West,Debit Card
10111,2024-12-04,CUST_00887,Female,28,Beauty,Face Wash,2,110.99,221.98,South,Cash
10299,2024-12-04,CUST_01590,Male,57,Home & Kitchen,Cookware Set,3,183.88,551.64,North,UPI
8333,2024-12-04,CUST_00437,Male,31,Food,Organic Honey,6,22.9,137.4,West,Debit Card
4455,2024-12-04,CUST_00538,Male,68,Food,Dark Chocolate,1,18.48,18.48,North,Credit Card
5683,2024-12-04,CUST_00875,Female,63,Home & Kitchen,Wall Clock,3,215.69,647.07,South,Debit Card
2091,2024-12-04,CUST_01742,Male,65,Beauty,Hair Oil,3,82.5,247.5,East,Debit Card
10282,2024-12-04,CUST_01456,Male,53,Home & Kitchen,Knife Set,1,54.27,54.27,West,Credit Card
8061,2024-12-04,CUST_00847,Male,36,Electronics,Tablet,2,257.57,515.14,West,Credit Card
6553,2024-12-04,CUST_00083,Female,28,Electronics,Tablet,1,264.49,264.49,West,UPI
9900,2024-12-04,CUST_01118,Male,50,Home & Kitchen,Blender,4,60.47,241.88,East,UPI
1365,2024-12-04,CUST_01413,Female,66,Beauty,Lipstick,4,29.17,116.68,North,Credit Card
3345,2024-12-04,CUST_01295,Female,58,Home & Kitchen,Table Lamp,3,21.41,64.23,North,Debit Card
3735,2024-12-04,CUST_01178,Male,29,Beauty,Foundation,2,50.95,101.9,West,Debit Card
9154,2024-12-04,CUST_00011,Female,25,Clothing,Formal Shirt,6,22.49,134.94,East,Debit Card
2224,2024-12-05,CUST_01213,Male,54,Home & Kitchen,Pillow,6,142.28,853.68,North,UPI
2085,2024-12-05,CUST_00033,Female,36,Home & Kitchen,Storage Container,5,68.63,343.15,North,Debit Card
7359,2024-12-05,CUST_00228,Male,36,Sports,Cricket Bat,1,133.01,133.01,East,Cash
4027,2024-12-05,CUST_01161,Female,27,Food,Green Tea,5,34.29,171.45,North,Cash
2449,2024-12-05,CUST_01216,Female,26,Sports,Dumbbells,2,147.94,295.88,North,Cash
3483,2024-12-05,CUST_01099,Male,55,Clothing,Shorts,5,38.2,191.0,East,Debit Card
9835,2024-12-05,CUST_00826,Male,28,Electronics,USB Cable,1,720.83,720.83,South,Debit Card
8785,2024-12-05,CUST_01838,Female,53,Home & Kitchen,Pillow,1,16.98,16.98,East,Debit Card
2013,2024-12-05,CUST_01264,Female,35,Clothing,Sneakers,6,68.31,409.86,East,Debit Card
3803,2024-12-05,CUST_00734,Female,61,Home & Kitchen,Table Lamp,2,132.62,265.24,South,Credit Card
8827,2024-12-05,CUST_00126,Male,58,Home & Kitchen,Cookware Set,2,149.02,298.04,South,UPI
1536,2024-12-05,CUST_01340,Male,53,Home & Kitchen,Wall Clock,6,219.24,1315.44,East,Credit Card
8130,2024-12-05,CUST_01900,Male,31,Home & Kitchen,Storage Container,2,18.89,37.78,North,Credit Card
8341,2024-12-05,CUST_00543,Female,59,Food,Peanut Butter,1,23.61,23.61,South,Cash
4080,2024-12-05,CUST_01885,Male,38,Home & Kitchen,Storage Container,1,24.21,24.21,North,Credit Card
10585,2024-12-05,CUST_01377,Female,67,Clothing,Hoodie,4,76.39,305.56,West,Debit Card
5625,2024-12-05,CUST_00318,Male,65,Home & Kitchen,Table Lamp,4,93.89,375.56,South,Cash
2025,2024-12-05,CUST_00385,Female,51,Sports,Skipping Rope,3,170.42,511.26,East,UPI
7737,2024-12-05,CUST_00738,Female,37,Home & Kitchen,Pillow,5,247.96,1239.8,West,Credit Card
10657,2024-12-05,CUST_01928,Female,64,Beauty,Sunscreen,3,111.44,334.32,West,UPI
7110,2024-12-05,CUST_01164,Male,23,Clothing,Formal Shirt,3,120.54,361.62,North,Credit Card
9455,2024-12-05,CUST_01831,Male,24,Clothing,Jeans,7,53.82,376.74,East,UPI
6336,2024-12-05,CUST_01010,Female,39,Electronics,Smartphone,1,296.55,296.55,North,Credit Card
10998,2024-12-06,CUST_00931,Male,61,Clothing,Jacket,1,88.03,88.03,West,UPI
10552,2024-12-06,CUST_00548,Male,31,Electronics,Bluetooth Speaker,1,63.26,63.26,North,Cash
4077,2024-12-06,CUST_00342,Female,31,Home & Kitchen,Cookware Set,4,199.35,797.4,South,Credit Card
1446,2024-12-06,CUST_00493,Male,23,Beauty,Lipstick,5,88.43,442.15,East,Credit Card
5641,2024-12-06,CUST_00494,Male,18,Home & Kitchen,Table Lamp,2,94.97,189.94,East,Cash
4705,2024-12-06,CUST_00110,Female,64,Sports,Cricket Bat,2,35.31,70.62,East,Credit Card
8221,2024-12-06,CUST_00198,Female,53,Food,Organic Honey,1,29.73,29.73,North,Debit Card
7427,2024-12-06,CUST_01806,Female,66,Beauty,Moisturizer,2,48.78,97.56,South,Debit Card
6962,2024-12-06,CUST_00073,Male,33,Clothing,Jacket,1,44.27,44.27,East,UPI
1790,2024-12-06,CUST_01174,Male,64,Home & Kitchen,Table Lamp,4,204.83,819.32,East,Debit Card
7935,2024-12-06,CUST_00861,Female,21,Clothing,T-Shirt,1,77.8,77.8,South,Cash
7991,2024-12-06,CUST_00789,Male,27,Clothing,Formal Shirt,1,131.47,131.47,East,Credit Card
4921,2024-12-06,CUST_01800,Male,37,Electronics,Power Bank,2,260.22,520.44,East,Cash
8229,2024-12-06,CUST_00387,Female,19,Clothing,Formal Shirt,1,93.33,93.33,West,Credit Card
3969,2024-12-06,CUST_00300,Male,29,Electronics,Bluetooth Speaker,4,657.19,2628.76,South,Credit Card
5128,2024-12-06,CUST_00895,Male,61,Food,Olive Oil,3,27.8,83.4,North,UPI
5395,2024-12-06,CUST_00384,Male,27,Clothing,Dress,2,100.75,201.5,East,UPI
7150,2024-12-06,CUST_01471,Female,44,Sports,Dumbbells,1,158.21,158.21,West,UPI
8506,2024-12-06,CUST_00586,Male,67,Home & Kitchen,Pillow,4,240.34,961.36,South,UPI
1870,2024-12-06,CUST_00371,Female,65,Clothing,Dress,4,80.92,323.68,South,UPI
3872,2024-12-06,CUST_01763,Female,22,Beauty,Eye Shadow,2,15.82,31.64,West,UPI
3054,2024-12-06,CUST_01961,Male,50,Home & Kitchen,Knife Set,6,175.4,1052.4,East,Debit Card
6714,2024-12-06,CUST_00569,Male,65,Electronics,Laptop,1,229.56,229.56,South,Debit Card
8358,2024-12-06,CUST_01164,Male,23,Electronics,Smartphone,2,352.82,705.64,North,UPI
10764,2024-12-06,CUST_01533,Male,25,Clothing,T-Shirt,7,57.25,400.75,South,Debit Card
9671,2024-12-06,CUST_00003,Male,48,Home & Kitchen,Table Lamp,2,196.76,393.52,South,UPI
10201,2024-12-06,CUST_00860,Male,40,Electronics,USB Cable,2,533.28,1066.56,South,Debit Card
8200,2024-12-06,CUST_01368,Male,18,Clothing,Shorts,2,140.45,280.9,West,Debit Card
8141,2024-12-06,CUST_00152,Male,70,Home & Kitchen,Wall Clock,2,213.34,426.68,North,Cash
8551,2024-12-06,CUST_01335,Male,40,Food,Mixed Nuts,3,18.53,55.59,East,Credit Card
1918,2024-12-07,CUST_01422,Male,27,Electronics,Bluetooth Speaker,4,213.88,855.52,South,UPI
5407,2024-12-07,CUST_01745,Female,59,Clothing,T-Shirt,4,103.79,415.16,South,Cash
10425,2024-12-07,CUST_00408,Female,31,Home & Kitchen,Table Lamp,3,81.29,243.87,North,Cash
10530,2024-12-07,CUST_01294,Female,43,Home & Kitchen,Wall Clock,3,178.69,536.07,West,Credit Card
5469,2024-12-07,CUST_00824,Female,70,Home & Kitchen,Pillow,3,32.64,97.92,North,Credit Card
8320,2024-12-07,CUST_01477,Female,18,Beauty,Perfume,1,113.1,113.1,East,Cash
10295,2024-12-07,CUST_00154,Female,56,Beauty,Moisturizer,2,59.07,118.14,South,Debit Card
10391,2024-12-07,CUST_00405,Male,33,Home & Kitchen,Table Lamp,2,164.27,328.54,East,Credit Card
8289,2024-12-07,CUST_00566,Male,48,Home & Kitchen,Pillow,3,247.91,743.73,North,UPI
7206,2024-12-07,CUST_01049,Female,54,Home & Kitchen,Bedsheet,1,61.84,61.84,West,UPI
7463,2024-12-07,CUST_00271,Female,33,Beauty,Lipstick,4,31.03,124.12,West,Cash
3554,2024-12-07,CUST_01673,Male,37,Home & Kitchen,Bedsheet,5,189.96,949.8,North,Debit Card
10677,2024-12-07,CUST_01193,Female,56,Electronics,Laptop,5,687.71,3438.55,West,UPI
5847,2024-12-07,CUST_00008,Female,55,Sports,Running Shoes,1,25.97,25.97,North,Debit Card
6211,2024-12-07,CUST_00938,Female,40,Food,Mixed Nuts,1,12.65,12.65,North,Cash
6342,2024-12-07,CUST_01223,Female,22,Sports,Yoga Mat,2,58.81,117.62,North,UPI
9063,2024-12-07,CUST_01897,Female,65,Food,Dark Chocolate,1,33.28,33.28,West,UPI
1034,2024-12-07,CUST_01791,Female,32,Home & Kitchen,Pillow,6,107.18,643.08,North,UPI
9775,2024-12-07,CUST_01302,Male,68,Home & Kitchen,Cookware Set,2,118.61,237.22,South,Credit Card
7071,2024-12-07,CUST_00829,Female,35,Home & Kitchen,Pillow,2,58.98,117.96,West,Credit Card
1576,2024-12-07,CUST_01860,Female,43,Clothing,Sneakers,1,125.04,125.04,West,UPI
9616,2024-12-08,CUST_00890,Male,50,Home & Kitchen,Table Lamp,2,25.87,51.74,West,Cash
1002,2024-12-08,CUST_01531,Male,36,Home & Kitchen,Table Lamp,1,178.45,178.45,South,UPI
4129,2024-12-08,CUST_00567,Female,56,Home & Kitchen,Wall Clock,2,63.38,126.76,South,Debit Card
2080,2024-12-08,CUST_00927,Female,43,Clothing,Formal Shirt,3,34.19,102.57,South,Credit Card
2551,2024-12-08,CUST_00323,Female,36,Beauty,Perfume,2,26.98,53.96,East,Debit Card
8951,2024-12-08,CUST_01878,Male,30,Food,Protein Bar,2,27.03,54.06,South,UPI
9087,2024-12-08,CUST_00783,Male,29,Home & Kitchen,Table Lamp,1,199.91,199.91,North,Debit Card
10979,2024-12-08,CUST_01535,Male,36,Electronics,Laptop,3,231.05,693.15,North,UPI
1489,2024-12-08,CUST_00055,Female,23,Home & Kitchen,Knife Set,6,104.93,629.58,East,UPI
7293,2024-12-08,CUST_01491,Female,21,Electronics,Smart Watch,2,24.08,48.16,South,Cash
3844,2024-12-08,CUST_01837,Male,57,Food,Olive Oil,1,6.2,6.2,East,UPI
5326,2024-12-08,CUST_01645,Male,32,Beauty,Sunscreen,1,16.29,16.29,South,Debit Card
7327,2024-12-08,CUST_00299,Male,39,Food,Protein Bar,1,6.11,6.11,South,Credit Card
4060,2024-12-08,CUST_01834,Female,64,Beauty,Moisturizer,5,103.64,518.2,East,Debit Card
7487,2024-12-08,CUST_00060,Male,58,Food,Mixed Nuts,1,4.62,4.62,West,Cash
3789,2024-12-08,CUST_00422,Female,68,Food,Organic Honey,3,31.88,95.64,South,Debit Card
10056,2024-12-08,CUST_00480,Female,45,Home & Kitchen,Cookware Set,5,96.15,480.75,North,Credit Card
4591,2024-12-08,CUST_01573,Male,63,Home & Kitchen,Blender,1,24.24,24.24,West,Credit Card
3275,2024-12-08,CUST_00489,Female,67,Home & Kitchen,Pillow,1,188.35,188.35,East,Cash
1509,2024-12-08,CUST_01766,Female,39,Clothing,Jacket,2,37.05,74.1,North,Debit Card
2428,2024-12-08,CUST_00117,Male,54,Food,Dark Chocolate,2,13.74,27.48,East,Credit Card
1413,2024-12-08,CUST_00634,Female,67,Beauty,Eye Shadow,5,70.18,350.9,East,Credit Card
3639,2024-12-08,CUST_01506,Male,43,Food,Dark Chocolate,1,28.07,28.07,South,Credit Card
10130,2024-12-08,CUST_01577,Male,18,Home & Kitchen,Knife Set,5,160.54,802.7,South,UPI
2221,2024-12-08,CUST_01460,Female,34,Sports,Dumbbells,1,180.55,180.55,West,Credit Card
7052,2024-12-08,CUST_00657,Male,66,Home & Kitchen,Pillow,5,61.93,309.65,South,Credit Card
3863,2024-12-08,CUST_00637,Male,20,Sports,Running Shoes,3,103.71,311.13,North,Cash
1999,2024-12-08,CUST_01895,Female,60,Food,Green Tea,3,4.31,12.93,South,Debit Card
9145,2024-12-08,CUST_00014,Male,49,Clothing,Jacket,3,133.95,401.85,North,UPI
1412,2024-12-08,CUST_00826,Male,28,Sports,Skipping Rope,1,116.4,116.4,South,UPI
5921,2024-12-09,CUST_00592,Female,20,Sports,Running Shoes,5,27.23,136.15,East,Cash
6444,2024-12-09,CUST_00984,Female,43,Sports,Football,3,36.01,108.03,South,Cash
3939,2024-12-09,CUST_00750,Female,23,Electronics,Bluetooth Speaker,1,422.8,422.8,West,Cash
10189,2024-12-09,CUST_00155,Male,49,Electronics,Laptop,5,261.33,1306.65,North,Cash
7963,2024-12-09,CUST_01451,Female,57,Home & Kitchen,Blender,2,130.96,261.92,East,Credit Card
10049,2024-12-09,CUST_01053,Female,40,Clothing,Dress,3,53.32,159.96,North,Credit Card
1242,2024-12-09,CUST_01511,Male,52,Clothing,Jeans,2,133.61,267.22,East,Debit Card
6023,2024-12-09,CUST_01796,Female,62,Home & Kitchen,Cookware Set,1,105.96,105.96,North,UPI
5636,2024-12-09,CUST_00444,Male,52,Home & Kitchen,Table Lamp,3,16.63,49.89,East,Credit Card
5792,2024-12-09,CUST_00411,Female,53,Electronics,Headphones,2,719.45,1438.9,East,Debit Card
6899,2024-12-09,CUST_01933,Female,67,Food,Organic Honey,3,23.84,71.52,West,Debit Card
4193,2024-12-09,CUST_01443,Male,48,Home & Kitchen,Wall Clock,2,51.07,102.14,East,Credit Card
5842,2024-12-09,CUST_01383,Female,43,Clothing,Hoodie,2,13.04,26.08,West,Credit Card
6976,2024-12-09,CUST_01522,Male,54,Home & Kitchen,Table Lamp,1,106.57,106.57,North,Credit Card
8716,2024-12-10,CUST_01240,Male,20,Beauty,Eye Shadow,6,43.63,261.78,South,Credit Card
3556,2024-12-10,CUST_01208,Female,47,Beauty,Face Wash,1,115.52,115.52,North,UPI
2122,2024-12-10,CUST_00038,Female,33,Food,Green Tea,1,37.65,37.65,North,Debit Card
1541,2024-12-10,CUST_01444,Female,65,Food,Green Tea,2,4.45,8.9,North,Cash
5272,2024-12-10,CUST_00328,Male,25,Beauty,Sunscreen,1,111.08,111.08,North,Credit Card
2774,2024-12-10,CUST_01432,Male,20,Sports,Resistance Band,1,74.66,74.66,West,UPI
5841,2024-12-10,CUST_01921,Male,65,Clothing,Dress,3,92.38,277.14,North,Debit Card
3326,2024-12-10,CUST_00858,Male,43,Electronics,Tablet,7,220.57,1543.99,North,UPI
7560,2024-12-10,CUST_01824,Male,53,Beauty,Face Wash,1,9.51,9.51,South,Debit Card
10466,2024-12-10,CUST_01778,Female,52,Food,Dark Chocolate,2,6.52,13.04,North,Debit Card
3428,2024-12-10,CUST_00642,Male,35,Electronics,Tablet,6,674.58,4047.48,East,Cash
6460,2024-12-10,CUST_01041,Female,38,Home & Kitchen,Storage Container,2,105.26,210.52,South,Credit Card
2513,2024-12-10,CUST_01118,Male,50,Sports,Running Shoes,4,63.82,255.28,East,Cash
7960,2024-12-10,CUST_00736,Male,49,Clothing,Sneakers,3,66.08,198.24,East,UPI
10550,2024-12-10,CUST_01283,Male,32,Food,Granola,1,35.74,35.74,South,UPI
10499,2024-12-10,CUST_00994,Female,59,Beauty,Lipstick,1,54.65,54.65,North,Cash
5808,2024-12-10,CUST_01385,Female,26,Food,Peanut Butter,1,35.13,35.13,South,Cash
9517,2024-12-10,CUST_00566,Male,48,Clothing,Sneakers,2,58.76,117.52,North,UPI
3504,2024-12-10,CUST_01358,Female,23,Electronics,Power Bank,4,626.57,2506.28,East,Credit Card
1325,2024-12-10,CUST_00709,Female,30,Electronics,Smart Watch,4,148.13,592.52,West,Credit Card
3766,2024-12-11,CUST_00923,Female,49,Electronics,Power Bank,4,218.52,874.08,West,UPI
9755,2024-12-11,CUST_01149,Male,60,Beauty,Hair Oil,3,64.74,194.22,East,UPI
3528,2024-12-11,CUST_00913,Female,38,Electronics,Bluetooth Speaker,3,487.86,1463.58,East,Debit Card
4883,2024-12-11,CUST_01667,Male,20,Clothing,Shorts,4,79.14,316.56,South,UPI
9459,2024-12-11,CUST_01264,Female,35,Home & Kitchen,Knife Set,4,141.39,565.56,East,Cash
6675,2024-12-11,CUST_01072,Male,23,Food,Peanut Butter,2,4.47,8.94,North,Credit Card
5159,2024-12-11,CUST_00428,Female,68,Beauty,Foundation,4,25.24,100.96,South,Cash
2624,2024-12-11,CUST_01913,Female,24,Sports,Water Bottle,2,35.12,70.24,East,Credit Card
5969,2024-12-11,CUST_01561,Female,30,Clothing,T-Shirt,2,32.61,65.22,South,Credit Card
6403,2024-12-11,CUST_00957,Male,32,Electronics,Laptop,4,709.89,2839.56,South,Debit Card
10815,2024-12-11,CUST_01097,Male,41,Electronics,Smart Watch,2,132.04,264.08,North,Debit Card
3647,2024-12-11,CUST_00208,Female,31,Clothing,Shorts,1,139.07,139.07,West,UPI
9400,2024-12-11,CUST_01991,Male,55,Beauty,Perfume,2,12.39,24.78,North,Cash
2997,2024-12-11,CUST_00031,Female,39,Electronics,Laptop,4,147.65,590.6,West,UPI
5354,2024-12-11,CUST_00779,Male,40,Home & Kitchen,Wall Clock,2,175.25,350.5,South,Credit Card
2907,2024-12-11,CUST_00702,Male,48,Home & Kitchen,Cookware Set,2,216.25,432.5,North,UPI
5422,2024-12-11,CUST_01933,Female,67,Food,Peanut Butter,1,30.35,30.35,West,Credit Card
9480,2024-12-11,CUST_00815,Male,30,Clothing,Jeans,3,13.68,41.04,West,Debit Card
2801,2024-12-11,CUST_01051,Female,62,Beauty,Foundation,6,112.31,673.86,North,UPI
7870,2024-12-11,CUST_01016,Female,69,Food,Peanut Butter,3,28.14,84.42,South,UPI
5609,2024-12-11,CUST_01651,Male,29,Sports,Skipping Rope,4,68.39,273.56,West,Credit Card
4092,2024-12-11,CUST_00754,Female,36,Home & Kitchen,Bedsheet,3,132.35,397.05,East,UPI
7863,2024-12-11,CUST_01849,Female,48,Clothing,Sneakers,4,17.1,68.4,East,Debit Card
3734,2024-12-11,CUST_01191,Male,42,Food,Mixed Nuts,1,36.68,36.68,North,Cash
10973,2024-12-11,CUST_01769,Male,26,Food,Protein Bar,2,13.32,26.64,North,UPI
8023,2024-12-12,CUST_00436,Female,28,Sports,Yoga Mat,1,56.41,56.41,East,Credit Card
6318,2024-12-12,CUST_01663,Female,54,Home & Kitchen,Knife Set,1,61.41,61.41,South,UPI
6852,2024-12-12,CUST_00387,Female,19,Clothing,Jeans,2,102.49,204.98,West,Credit Card
10165,2024-12-12,CUST_00010,Male,25,Electronics,Power Bank,2,684.85,1369.7,East,Credit Card
9393,2024-12-12,CUST_01773,Female,62,Home & Kitchen,Cookware Set,2,102.38,204.76,South,Cash
5387,2024-12-12,CUST_01863,Female,44,Clothing,Hoodie,2,52.33,104.66,South,Credit Card
3804,2024-12-12,CUST_01791,Female,32,Sports,Resistance Band,5,21.5,107.5,North,Cash
4238,2024-12-12,CUST_00065,Female,41,Home & Kitchen,Bedsheet,2,224.98,449.96,East,Cash
2757,2024-12-12,CUST_00313,Female,69,Food,Organic Honey,3,23.62,70.86,East,UPI
10198,2024-12-12,CUST_00357,Male,36,Electronics,Headphones,1,727.14,727.14,South,Cash
9617,2024-12-12,CUST_00219,Male,55,Home & Kitchen,Storage Container,2,160.16,320.32,North,Credit Card
8103,2024-12-12,CUST_00566,Male,48,Electronics,Bluetooth Speaker,1,368.33,368.33,North,Credit Card
9435,2024-12-13,CUST_00463,Male,49,Home & Kitchen,Knife Set,5,122.59,612.95,South,UPI
4697,2024-12-13,CUST_00191,Female,50,Home & Kitchen,Pillow,1,20.79,20.79,South,Debit Card
3787,2024-12-13,CUST_00181,Female,19,Clothing,T-Shirt,1,127.83,127.83,North,Cash
9461,2024-12-13,CUST_00439,Male,35,Food,Mixed Nuts,1,27.06,27.06,South,Cash
8488,2024-12-13,CUST_01953,Male,27,Food,Mixed Nuts,5,7.11,35.55,East,UPI
1465,2024-12-13,CUST_00314,Female,43,Home & Kitchen,Table Lamp,4,162.23,648.92,North,UPI
3435,2024-12-13,CUST_01011,Male,27,Home & Kitchen,Knife Set,1,249.9,249.9,West,Credit Card
6314,2024-12-13,CUST_00708,Male,34,Electronics,Smart Watch,3,607.91,1823.73,East,Cash
7797,2024-12-13,CUST_01005,Male,19,Electronics,Smartphone,7,244.25,1709.75,East,Debit Card
1367,2024-12-13,CUST_00220,Male,30,Electronics,Tablet,1,717.92,717.92,North,UPI
10143,2024-12-13,CUST_00607,Female,61,Food,Granola,3,27.94,83.82,East,UPI
6983,2024-12-13,CUST_00767,Female,33,Electronics,Smart Watch,2,466.73,933.46,East,Credit Card
5933,2024-12-13,CUST_01917,Female,59,Beauty,Eye Shadow,3,37.09,111.27,East,UPI
10126,2024-12-13,CUST_00238,Male,40,Home & Kitchen,Pillow,1,164.4,164.4,East,UPI
4477,2024-12-13,CUST_01502,Male,69,Home & Kitchen,Cookware Set,2,188.55,377.1,East,Cash
7729,2024-12-13,CUST_01967,Female,31,Home & Kitchen,Table Lamp,2,216.26,432.52,South,Credit Card
5678,2024-12-13,CUST_01998,Female,53,Home & Kitchen,Wall Clock,1,85.83,85.83,South,UPI
6345,2024-12-13,CUST_01346,Male,69,Food,Granola,4,31.75,127.0,South,UPI
9053,2024-12-13,CUST_00821,Female,54,Beauty,Lipstick,2,10.71,21.42,West,Credit Card
1844,2024-12-13,CUST_01634,Female,30,Electronics,Headphones,3,616.01,1848.03,West,Cash
1314,2024-12-14,CUST_00346,Female,27,Electronics,Power Bank,2,730.04,1460.08,South,Cash
2545,2024-12-14,CUST_01814,Male,65,Home & Kitchen,Storage Container,4,144.73,578.92,East,Debit Card
1470,2024-12-14,CUST_00719,Male,39,Clothing,Formal Shirt,1,66.41,66.41,West,Debit Card
6799,2024-12-14,CUST_01187,Female,43,Food,Protein Bar,1,24.05,24.05,North,UPI
3416,2024-12-14,CUST_01682,Female,42,Electronics,Headphones,3,257.88,773.64,West,UPI
3695,2024-12-14,CUST_01481,Male,65,Clothing,Jacket,3,124.43,373.29,South,UPI
5204,2024-12-14,CUST_00228,Male,36,Food,Dark Chocolate,5,26.83,134.15,East,Cash
6659,2024-12-14,CUST_00759,Female,48,Home & Kitchen,Bedsheet,7,161.38,1129.66,North,UPI
3214,2024-12-14,CUST_00497,Male,47,Electronics,Tablet,3,139.87,419.61,West,UPI
3739,2024-12-14,CUST_00308,Male,35,Home & Kitchen,Blender,4,201.35,805.4,South,Cash
9161,2024-12-14,CUST_00223,Female,57,Beauty,Foundation,2,54.46,108.92,North,Credit Card
1249,2024-12-14,CUST_01705,Male,69,Beauty,Perfume,2,40.81,81.62,West,Credit Card
9697,2024-12-14,CUST_00473,Female,48,Electronics,Smart Watch,1,549.61,549.61,East,Credit Card
3472,2024-12-14,CUST_01775,Male,54,Home & Kitchen,Cookware Set,5,110.81,554.05,West,Credit Card
3626,2024-12-14,CUST_00406,Female,67,Food,Green Tea,2,30.28,60.56,South,Debit Card
7006,2024-12-14,CUST_00309,Female,36,Clothing,Formal Shirt,1,64.57,64.57,North,Cash
8272,2024-12-14,CUST_01493,Male,25,Clothing,Shorts,1,116.92,116.92,East,UPI
1141,2024-12-14,CUST_00311,Female,27,Sports,Dumbbells,2,64.05,128.1,East,Credit Card
2181,2024-12-14,CUST_00340,Female,44,Beauty,Lipstick,3,115.75,347.25,North,Debit Card
4710,2024-12-14,CUST_00554,Female,22,Clothing,Hoodie,3,112.76,338.28,East,Debit Card
3021,2024-12-14,CUST_00200,Male,44,Electronics,USB Cable,3,364.05,1092.15,South,Debit Card
6135,2024-12-14,CUST_00211,Female,55,Food,Organic Honey,2,22.93,45.86,East,Credit Card
8153,2024-12-14,CUST_01851,Male,34,Beauty,Sunscreen,2,65.78,131.56,South,UPI
2699,2024-12-14,CUST_00477,Female,24,Beauty,Face Wash,1,21.82,21.82,West,Cash
9138,2024-12-14,CUST_01017,Female,36,Home & Kitchen,Blender,4,186.23,744.92,North,Debit Card
4068,2024-12-15,CUST_00018,Male,47,Electronics,Smart Watch,3,302.36,907.08,North,UPI
10726,2024-12-15,CUST_00933,Male,33,Clothing,Jacket,3,101.78,305.34,South,UPI
7495,2024-12-15,CUST_01940,Male,26,Electronics,Laptop,2,499.52,999.04,East,UPI
7082,2024-12-15,CUST_01303,Female,38,Home & Kitchen,Cookware Set,1,68.74,68.74,East,UPI
1718,2024-12-15,CUST_00715,Female,46,Home & Kitchen,Knife Set,3,52.19,156.57,East,Cash
1035,2024-12-15,CUST_00107,Male,66,Home & Kitchen,Knife Set,2,206.85,413.7,East,Cash
5907,2024-12-15,CUST_01845,Female,60,Electronics,Headphones,2,111.34,222.68,North,Debit Card
7824,2024-12-15,CUST_00091,Female,65,Home & Kitchen,Blender,2,148.88,297.76,North,Debit Card
3637,2024-12-15,CUST_01685,Male,64,Food,Peanut Butter,2,7.28,14.56,North,Credit Card
8678,2024-12-15,CUST_01339,Male,34,Food,Protein Bar,4,14.19,56.76,North,UPI
5586,2024-12-15,CUST_00752,Female,32,Clothing,Dress,2,121.72,243.44,East,Debit Card
2426,2024-12-15,CUST_01196,Male,55,Beauty,Sunscreen,1,29.36,29.36,North,Cash
3452,2024-12-15,CUST_00160,Female,29,Food,Organic Honey,4,7.73,30.92,West,UPI
6110,2024-12-15,CUST_01944,Female,61,Electronics,Power Bank,3,686.29,2058.87,West,Credit Card
9065,2024-12-15,CUST_00793,Female,70,Home & Kitchen,Storage Container,2,243.44,486.88,North,UPI
3092,2024-12-15,CUST_01857,Male,35,Food,Granola,5,25.09,125.45,East,Debit Card
5107,2024-12-15,CUST_00756,Male,46,Beauty,Perfume,2,35.5,71.0,South,UPI
6945,2024-12-15,CUST_01496,Female,51,Beauty,Face Wash,3,102.44,307.32,West,Credit Card
2701,2024-12-15,CUST_01215,Female,37,Electronics,Tablet,1,634.81,634.81,East,Debit Card
4915,2024-12-15,CUST_01463,Female,51,Sports,Skipping Rope,1,86.4,86.4,South,Cash
6922,2024-12-15,CUST_01724,Male,56,Home & Kitchen,Blender,2,242.06,484.12,North,UPI
6793,2024-12-15,CUST_00871,Female,54,Home & Kitchen,Knife Set,3,21.43,64.29,East,UPI
7289,2024-12-16,CUST_00763,Female,25,Electronics,Bluetooth Speaker,1,161.8,161.8,East,UPI
6402,2024-12-16,CUST_00061,Male,35,Home & Kitchen,Bedsheet,3,232.99,698.97,West,UPI
7356,2024-12-16,CUST_00579,Female,42,Clothing,Jeans,5,110.95,554.75,North,Debit Card
7840,2024-12-16,CUST_00026,Female,51,Clothing,Dress,1,12.27,12.27,South,Credit Card
1248,2024-12-16,CUST_00308,Male,35,Food,Olive Oil,3,22.03,66.09,South,Credit Card
4529,2024-12-16,CUST_00560,Male,68,Food,Organic Honey,3,33.75,101.25,West,Cash
3914,2024-12-16,CUST_01461,Female,41,Sports,Water Bottle,4,12.45,49.8,South,UPI
4732,2024-12-16,CUST_01510,Female,46,Clothing,Jeans,1,22.65,22.65,West,Debit Card
2828,2024-12-16,CUST_01387,Male,44,Sports,Skipping Rope,7,12.19,85.33,West,Cash
2816,2024-12-16,CUST_01446,Male,69,Food,Green Tea,3,5.06,15.18,North,Cash
6252,2024-12-16,CUST_00128,Female,36,Electronics,Power Bank,1,383.91,383.91,North,UPI
7379,2024-12-16,CUST_00440,Female,67,Beauty,Perfume,4,33.29,133.16,West,UPI
2239,2024-12-16,CUST_01709,Female,65,Home & Kitchen,Wall Clock,1,159.77,159.77,East,UPI
5967,2024-12-16,CUST_00203,Female,55,Food,Green Tea,3,37.2,111.6,North,Debit Card
6388,2024-12-16,CUST_00937,Female,44,Clothing,Shorts,1,131.7,131.7,North,UPI
10691,2024-12-16,CUST_00564,Male,28,Clothing,Dress,2,149.04,298.08,South,UPI
3986,2024-12-16,CUST_00636,Female,51,Home & Kitchen,Storage Container,1,69.09,69.09,East,Cash
4295,2024-12-16,CUST_01364,Male,20,Electronics,Laptop,3,426.57,1279.71,East,Debit Card
8311,2024-12-16,CUST_00159,Male,42,Food,Green Tea,4,27.14,108.56,South,UPI
6335,2024-12-16,CUST_00523,Female,58,Electronics,Power Bank,7,501.82,3512.74,West,Cash
9345,2024-12-16,CUST_00347,Female,51,Beauty,Face Wash,3,61.88,185.64,North,Debit Card
4056,2024-12-16,CUST_01393,Female,44,Clothing,Sneakers,5,81.02,405.1,West,Cash
7543,2024-12-16,CUST_01612,Female,59,Electronics,Power Bank,2,175.91,351.82,East,UPI
3123,2024-12-16,CUST_00325,Male,42,Home & Kitchen,Storage Container,5,77.5,387.5,North,UPI
6712,2024-12-16,CUST_01190,Male,37,Home & Kitchen,Cookware Set,4,230.47,921.88,South,Debit Card
6407,2024-12-16,CUST_00897,Male,34,Home & Kitchen,Table Lamp,3,171.71,515.13,South,UPI
2102,2024-12-17,CUST_01967,Female,31,Clothing,Jeans,1,27.71,27.71,South,UPI
7184,2024-12-17,CUST_01055,Male,48,Home & Kitchen,Cookware Set,7,214.67,1502.69,East,Credit Card
9291,2024-12-17,CUST_00603,Male,49,Home & Kitchen,Blender,1,143.05,143.05,East,Credit Card
1051,2024-12-17,CUST_00065,Female,41,Sports,Cricket Bat,2,173.2,346.4,East,Credit Card
1012,2024-12-17,CUST_00838,Male,18,Home & Kitchen,Cookware Set,1,209.65,209.65,West,Cash
4806,2024-12-17,CUST_01692,Male,34,Sports,Water Bottle,1,40.79,40.79,West,Credit Card
2198,2024-12-17,CUST_00665,Male,41,Home & Kitchen,Bedsheet,2,220.81,441.62,North,Debit Card
5250,2024-12-17,CUST_00621,Female,30,Clothing,Jeans,2,124.45,248.9,West,UPI
2383,2024-12-17,CUST_01629,Male,19,Sports,Dumbbells,1,126.13,126.13,East,Cash
4042,2024-12-17,CUST_00519,Male,26,Beauty,Sunscreen,4,6.65,26.6,North,Debit Card
1679,2024-12-17,CUST_00018,Male,47,Home & Kitchen,Blender,1,103.98,103.98,North,Credit Card
10447,2024-12-17,CUST_00892,Female,46,Electronics,Smart Watch,2,682.29,1364.58,South,UPI
7447,2024-12-17,CUST_00421,Female,23,Electronics,Headphones,3,566.14,1698.42,South,Cash
4610,2024-12-17,CUST_01223,Female,22,Sports,Yoga Mat,3,139.73,419.19,North,Debit Card
1523,2024-12-17,CUST_01462,Female,53,Electronics,Headphones,1,175.15,175.15,North,Debit Card
2441,2024-12-17,CUST_00111,Male,62,Clothing,Dress,2,88.16,176.32,West,UPI
6038,2024-12-17,CUST_00608,Male,54,Beauty,Sunscreen,4,118.2,472.8,South,UPI
7474,2024-12-17,CUST_01616,Female,26,Beauty,Foundation,2,51.99,103.98,South,Cash
2389,2024-12-17,CUST_00066,Male,25,Clothing,Jeans,4,55.36,221.44,East,UPI
8408,2024-12-17,CUST_00584,Male,38,Beauty,Hair Oil,5,7.37,36.85,South,Debit Card
3980,2024-12-17,CUST_01172,Female,53,Home & Kitchen,Bedsheet,6,182.15,1092.9,South,Cash
1472,2024-12-17,CUST_00513,Male,21,Home & Kitchen,Storage Container,1,230.78,230.78,West,Credit Card
6111,2024-12-17,CUST_00119,Male,41,Clothing,Sneakers,5,132.19,660.95,North,UPI
1479,2024-12-17,CUST_01441,Male,27,Clothing,Shorts,1,38.69,38.69,North,Credit Card
1140,2024-12-18,CUST_01816,Male,33,Beauty,Face Wash,2,12.95,25.9,East,Cash
2371,2024-12-18,CUST_01786,Male,60,Food,Organic Honey,1,27.23,27.23,South,Credit Card
6265,2024-12-18,CUST_00792,Female,48,Sports,Football,3,199.62,598.86,North,UPI
6075,2024-12-18,CUST_00599,Male,63,Beauty,Hair Oil,6,112.41,674.46,South,Debit Card
5315,2024-12-18,CUST_01100,Female,44,Clothing,Sneakers,1,60.15,60.15,West,Debit Card
6594,2024-12-18,CUST_00787,Male,64,Home & Kitchen,Storage Container,2,42.73,85.46,East,Credit Card
4847,2024-12-18,CUST_01670,Female,19,Clothing,Jeans,1,50.27,50.27,South,Credit Card
3287,2024-12-18,CUST_01706,Female,63,Food,Dark Chocolate,1,33.83,33.83,South,UPI
10763,2024-12-18,CUST_01979,Female,36,Food,Dark Chocolate,5,36.04,180.2,East,Credit Card
9504,2024-12-18,CUST_01454,Male,53,Sports,Skipping Rope,2,127.7,255.4,North,Credit Card
3034,2024-12-18,CUST_01356,Female,50,Electronics,Power Bank,4,210.4,841.6,East,UPI
9133,2024-12-18,CUST_00485,Female,67,Sports,Yoga Mat,1,113.92,113.92,North,Cash
8226,2024-12-18,CUST_01228,Male,44,Electronics,Headphones,6,298.43,1790.58,West,Credit Card
8619,2024-12-18,CUST_01393,Female,44,Beauty,Lipstick,6,15.86,95.16,West,Debit Card
2024,2024-12-18,CUST_00798,Female,31,Clothing,T-Shirt,2,145.94,291.88,North,Debit Card
8866,2024-12-19,CUST_01787,Female,51,Home & Kitchen,Wall Clock,2,107.27,214.54,East,Credit Card
2335,2024-12-19,CUST_00593,Female,48,Clothing,Shorts,1,123.99,123.99,West,Credit Card
4527,2024-12-19,CUST_00948,Female,25,Electronics,Smartphone,1,232.57,232.57,South,Cash
4953,2024-12-19,CUST_00494,Male,18,Electronics,Headphones,1,597.81,597.81,East,Cash
2197,2024-12-19,CUST_01171,Female,67,Beauty,Hair Oil,3,108.65,325.95,West,Debit Card
7264,2024-12-19,CUST_01895,Female,60,Electronics,Headphones,3,121.86,365.58,South,Credit Card
10852,2024-12-19,CUST_01661,Male,63,Home & Kitchen,Pillow,3,220.13,660.39,East,UPI
9040,2024-12-19,CUST_00985,Female,19,Beauty,Face Wash,4,72.02,288.08,East,Cash
1227,2024-12-19,CUST_00742,Male,33,Home & Kitchen,Storage Container,2,74.41,148.82,North,Cash
9113,2024-12-19,CUST_00585,Male,48,Home & Kitchen,Storage Container,2,13.65,27.3,East,UPI
3907,2024-12-19,CUST_00648,Female,54,Home & Kitchen,Pillow,5,64.56,322.8,North,UPI
4971,2024-12-19,CUST_01009,Female,53,Food,Mixed Nuts,2,25.46,50.92,East,UPI
4507,2024-12-19,CUST_00691,Female,51,Electronics,Power Bank,7,54.24,379.68,East,Cash
3718,2024-12-19,CUST_00214,Male,63,Home & Kitchen,Table Lamp,1,52.36,52.36,North,Credit Card
1499,2024-12-19,CUST_00270,Female,32,Clothing,Sneakers,3,30.82,92.46,North,Debit Card
6570,2024-12-19,CUST_00553,Male,36,Food,Dark Chocolate,6,27.97,167.82,West,UPI
9777,2024-12-19,CUST_01604,Female,53,Home & Kitchen,Table Lamp,3,33.9,101.7,South,UPI
1306,2024-12-20,CUST_01230,Female,26,Home & Kitchen,Bedsheet,3,123.98,371.94,East,Debit Card
7111,2024-12-20,CUST_00513,Male,21,Electronics,USB Cable,3,263.52,790.56,West,Credit Card
2325,2024-12-20,CUST_00690,Female,44,Home & Kitchen,Pillow,1,227.74,227.74,South,Cash
8388,2024-12-20,CUST_01956,Male,38,Home & Kitchen,Knife Set,2,21.36,42.72,West,Cash
5991,2024-12-20,CUST_01274,Female,63,Clothing,T-Shirt,4,96.34,385.36,West,Cash
3702,2024-12-20,CUST_01954,Female,40,Beauty,Perfume,1,65.72,65.72,North,Cash
10043,2024-12-20,CUST_00597,Male,44,Beauty,Eye Shadow,5,97.47,487.35,North,Credit Card
4513,2024-12-20,CUST_00438,Male,35,Electronics,Smartphone,2,776.64,1553.28,East,Cash
2682,2024-12-20,CUST_00327,Female,34,Home & Kitchen,Bedsheet,2,42.18,84.36,West,Cash
10338,2024-12-20,CUST_00527,Female,21,Clothing,Dress,2,129.71,259.42,South,UPI
6205,2024-12-20,CUST_01062,Male,34,Electronics,Power Bank,3,443.81,1331.43,East,Credit Card
9094,2024-12-20,CUST_01903,Male,20,Beauty,Moisturizer,6,48.95,293.7,West,UPI
6571,2024-12-20,CUST_01057,Female,26,Electronics,Smart Watch,1,682.88,682.88,South,Credit Card
3201,2024-12-20,CUST_00135,Male,22,Electronics,Smart Watch,4,641.55,2566.2,South,Debit Card
10972,2024-12-20,CUST_01439,Male,61,Electronics,Smart Watch,1,302.74,302.74,South,UPI
5579,2024-12-20,CUST_00928,Male,44,Beauty,Face Wash,2,97.42,194.84,North,Cash
7767,2024-12-20,CUST_01625,Male,23,Sports,Running Shoes,6,133.91,803.46,North,Cash
6423,2024-12-20,CUST_01162,Male,65,Sports,Skipping Rope,2,20.84,41.68,East,Debit Card
2755,2024-12-20,CUST_00431,Male,24,Electronics,USB Cable,6,410.78,2464.68,North,Credit Card
9282,2024-12-20,CUST_00417,Female,67,Food,Protein Bar,1,37.1,37.1,South,Credit Card
9387,2024-12-20,CUST_01564,Female,62,Beauty,Face Wash,4,107.77,431.08,South,UPI
5690,2024-12-20,CUST_00925,Male,22,Electronics,Power Bank,3,566.17,1698.51,West,Credit Card
6459,2024-12-20,CUST_00572,Male,54,Beauty,Face Wash,2,39.61,79.22,West,Debit Card
7823,2024-12-20,CUST_01859,Female,41,Home & Kitchen,Bedsheet,6,80.52,483.12,North,Debit Card
6798,2024-12-21,CUST_00830,Female,30,Clothing,Jeans,2,62.13,124.26,South,Debit Card
5037,2024-12-21,CUST_01434,Male,63,Clothing,Shorts,5,104.76,523.8,East,UPI
8296,2024-12-21,CUST_01479,Female,66,Food,Mixed Nuts,1,32.4,32.4,North,Credit Card
3577,2024-12-21,CUST_00502,Male,32,Electronics,Smart Watch,2,328.77,657.54,West,Credit Card
5446,2024-12-21,CUST_00470,Female,23,Electronics,Headphones,2,338.59,677.18,South,Debit Card
3964,2024-12-21,CUST_01052,Female,70,Sports,Resistance Band,1,70.35,70.35,West,Credit Card
9998,2024-12-21,CUST_01822,Male,64,Electronics,Power Bank,3,246.65,739.95,West,UPI
7013,2024-12-21,CUST_01187,Female,43,Electronics,Power Bank,7,616.02,4312.14,North,Credit Card
4914,2024-12-21,CUST_01117,Female,22,Beauty,Hair Oil,1,19.36,19.36,East,Debit Card
3806,2024-12-21,CUST_00417,Female,67,Food,Peanut Butter,3,11.96,35.88,South,Cash
2467,2024-12-21,CUST_00997,Male,70,Beauty,Perfume,1,86.63,86.63,South,Credit Card
5981,2024-12-21,CUST_00255,Female,38,Clothing,Jacket,2,145.06,290.12,North,Cash
4097,2024-12-21,CUST_00447,Male,57,Food,Dark Chocolate,2,15.67,31.34,East,Cash
6358,2024-12-21,CUST_01952,Male,19,Sports,Resistance Band,2,181.51,363.02,West,Debit Card
6241,2024-12-21,CUST_01984,Female,27,Electronics,Laptop,2,464.64,929.28,North,UPI
10477,2024-12-21,CUST_01790,Male,68,Food,Olive Oil,2,15.19,30.38,West,Debit Card
7912,2024-12-21,CUST_00573,Male,23,Clothing,Hoodie,2,57.57,115.14,East,Credit Card
9252,2024-12-21,CUST_01472,Female,19,Clothing,Hoodie,2,134.46,268.92,North,Credit Card
9496,2024-12-21,CUST_01694,Female,54,Food,Olive Oil,3,25.39,76.17,West,Credit Card
5068,2024-12-22,CUST_00130,Male,44,Beauty,Eye Shadow,5,51.67,258.35,West,Debit Card
4445,2024-12-22,CUST_01860,Female,43,Electronics,Smart Watch,1,111.3,111.3,West,UPI
6748,2024-12-22,CUST_01025,Male,22,Electronics,Bluetooth Speaker,2,73.79,147.58,North,Cash
1582,2024-12-22,CUST_00606,Female,47,Clothing,Shorts,1,10.25,10.25,East,UPI
9893,2024-12-22,CUST_00450,Female,53,Food,Peanut Butter,1,38.48,38.48,West,UPI
4790,2024-12-22,CUST_00545,Male,48,Home & Kitchen,Blender,3,224.54,673.62,South,UPI
4038,2024-12-22,CUST_01987,Female,68,Beauty,Lipstick,3,64.43,193.29,North,Credit Card
9041,2024-12-22,CUST_01524,Female,18,Food,Olive Oil,1,33.44,33.44,East,Debit Card
9258,2024-12-22,CUST_01700,Male,37,Electronics,Bluetooth Speaker,3,88.37,265.11,South,UPI
9412,2024-12-22,CUST_01174,Male,64,Home & Kitchen,Wall Clock,3,122.52,367.56,East,UPI
7348,2024-12-22,CUST_01536,Male,20,Clothing,Formal Shirt,1,124.11,124.11,South,Credit Card
9930,2024-12-22,CUST_00318,Male,65,Beauty,Sunscreen,2,98.08,196.16,South,UPI
10088,2024-12-22,CUST_00630,Male,59,Home & Kitchen,Knife Set,4,147.85,591.4,East,UPI
3166,2024-12-22,CUST_00280,Male,55,Home & Kitchen,Wall Clock,1,144.96,144.96,East,Credit Card
7519,2024-12-22,CUST_01943,Male,36,Home & Kitchen,Table Lamp,5,113.79,568.95,South,Debit Card
3792,2024-12-22,CUST_00724,Male,56,Home & Kitchen,Cookware Set,1,133.92,133.92,East,UPI
2831,2024-12-22,CUST_01114,Female,24,Beauty,Perfume,1,13.95,13.95,East,UPI
3486,2024-12-22,CUST_00555,Female,67,Home & Kitchen,Cookware Set,2,164.87,329.74,North,Cash
3499,2024-12-22,CUST_01266,Female,64,Electronics,Power Bank,4,441.11,1764.44,West,Debit Card
7267,2024-12-23,CUST_00200,Male,44,Electronics,USB Cable,1,83.74,83.74,South,Cash
5700,2024-12-23,CUST_01847,Male,57,Beauty,Hair Oil,1,61.52,61.52,South,Credit Card
8971,2024-12-23,CUST_00952,Male,32,Beauty,Eye Shadow,4,83.57,334.28,West,UPI
6808,2024-12-23,CUST_00121,Female,47,Sports,Skipping Rope,2,18.97,37.94,South,UPI
5328,2024-12-23,CUST_00254,Female,69,Beauty,Foundation,1,6.46,6.46,North,Debit Card
3799,2024-12-23,CUST_01084,Male,26,Sports,Running Shoes,1,195.18,195.18,North,UPI
2172,2024-12-23,CUST_00412,Female,39,Electronics,Bluetooth Speaker,4,340.53,1362.12,South,Credit Card
6202,2024-12-23,CUST_00219,Male,55,Food,Granola,6,26.29,157.74,North,Credit Card
3028,2024-12-23,CUST_00452,Male,40,Home & Kitchen,Blender,3,20.76,62.28,South,UPI
1676,2024-12-23,CUST_00135,Male,22,Clothing,Hoodie,1,132.08,132.08,South,UPI
10615,2024-12-23,CUST_00647,Male,26,Beauty,Foundation,2,71.39,142.78,North,Credit Card
6578,2024-12-23,CUST_00975,Female,56,Home & Kitchen,Blender,5,109.96,549.8,West,Credit Card
9736,2024-12-23,CUST_00931,Male,61,Sports,Football,1,87.94,87.94,West,Debit Card
5851,2024-12-23,CUST_00968,Female,49,Sports,Skipping Rope,2,75.21,150.42,East,UPI
3783,2024-12-23,CUST_00755,Male,47,Sports,Running Shoes,3,173.05,519.15,East,UPI
6699,2024-12-24,CUST_00886,Female,41,Food,Peanut Butter,3,15.45,46.35,West,Debit Card
3928,2024-12-24,CUST_00701,Male,49,Clothing,Sneakers,4,132.73,530.92,North,UPI
6917,2024-12-24,CUST_01158,Male,50,Electronics,Smart Watch,4,705.25,2821.0,East,UPI
4804,2024-12-24,CUST_00514,Male,43,Electronics,Smart Watch,5,602.42,3012.1,South,Cash
2062,2024-12-24,CUST_01708,Male,37,Clothing,Sneakers,3,113.77,341.31,South,Credit Card
2719,2024-12-24,CUST_00842,Female,25,Beauty,Eye Shadow,2,38.97,77.94,East,Debit Card
6166,2024-12-24,CUST_01502,Male,69,Home & Kitchen,Wall Clock,5,221.23,1106.15,East,UPI
1933,2024-12-24,CUST_01040,Male,18,Beauty,Hair Oil,1,14.67,14.67,West,Credit Card
8634,2024-12-24,CUST_01981,Male,69,Home & Kitchen,Bedsheet,5,16.59,82.95,West,UPI
1811,2024-12-24,CUST_01184,Female,39,Food,Dark Chocolate,4,38.15,152.6,South,Cash
3125,2024-12-24,CUST_00975,Female,56,Food,Green Tea,1,26.47,26.47,West,Debit Card
6427,2024-12-24,CUST_00995,Female,67,Food,Dark Chocolate,3,14.3,42.9,West,Credit Card
3110,2024-12-24,CUST_00607,Female,61,Food,Olive Oil,1,6.85,6.85,East,Credit Card
6287,2024-12-24,CUST_01419,Female,57,Clothing,Jeans,3,24.54,73.62,South,Credit Card
8028,2024-12-24,CUST_01627,Female,43,Electronics,Smartphone,1,212.09,212.09,North,Credit Card
2865,2024-12-24,CUST_00873,Male,56,Beauty,Eye Shadow,1,29.51,29.51,East,Credit Card
2229,2024-12-24,CUST_01858,Male,46,Home & Kitchen,Pillow,4,42.14,168.56,East,UPI
8357,2024-12-24,CUST_01790,Male,68,Food,Olive Oil,2,8.27,16.54,West,UPI
3433,2024-12-24,CUST_01230,Female,26,Clothing,Shorts,2,79.76,159.52,East,Debit Card
3079,2024-12-24,CUST_01027,Male,49,Sports,Running Shoes,7,178.28,1247.96,South,Debit Card
10769,2024-12-25,CUST_00067,Female,30,Clothing,Jacket,2,124.12,248.24,North,UPI
5172,2024-12-25,CUST_01061,Male,18,Electronics,USB Cable,1,523.23,523.23,South,Credit Card
9428,2024-12-25,CUST_01744,Male,62,Clothing,Jacket,5,67.45,337.25,West,Credit Card
2425,2024-12-25,CUST_00320,Male,65,Electronics,USB Cable,3,673.18,2019.54,North,Cash
10118,2024-12-25,CUST_01403,Male,30,Electronics,Tablet,2,169.42,338.84,West,Cash
1155,2024-12-25,CUST_01754,Male,56,Home & Kitchen,Cookware Set,1,140.7,140.7,South,Debit Card
2278,2024-12-25,CUST_00128,Female,36,Electronics,Smart Watch,2,300.89,601.78,North,UPI
5762,2024-12-25,CUST_00097,Male,28,Electronics,Bluetooth Speaker,5,352.51,1762.55,West,Debit Card
1519,2024-12-25,CUST_00370,Female,48,Food,Organic Honey,4,33.64,134.56,West,UPI
1442,2024-12-25,CUST_00946,Female,38,Beauty,Moisturizer,4,114.97,459.88,North,Credit Card
7228,2024-12-25,CUST_01214,Female,42,Food,Organic Honey,1,6.95,6.95,North,Cash
6749,2024-12-25,CUST_01492,Male,36,Electronics,Laptop,1,418.46,418.46,West,UPI
8803,2024-12-25,CUST_00717,Male,58,Food,Green Tea,3,5.79,17.37,West,UPI
9910,2024-12-25,CUST_00363,Female,70,Food,Olive Oil,2,5.07,10.14,North,Debit Card
1500,2024-12-25,CUST_00225,Male,64,Home & Kitchen,Wall Clock,3,243.67,731.01,South,Credit Card
1447,2024-12-25,CUST_01701,Female,33,Beauty,Face Wash,5,62.49,312.45,East,Credit Card
8383,2024-12-25,CUST_00923,Female,49,Food,Peanut Butter,3,14.22,42.66,West,Debit Card
10809,2024-12-25,CUST_00637,Male,20,Sports,Running Shoes,4,147.46,589.84,North,Credit Card
1070,2024-12-25,CUST_01070,Male,31,Home & Kitchen,Storage Container,2,167.0,334.0,West,Cash
6812,2024-12-25,CUST_01542,Female,48,Electronics,Smartphone,5,739.84,3699.2,North,Debit Card
8720,2024-12-25,CUST_01902,Female,68,Food,Organic Honey,2,24.65,49.3,East,Cash
6486,2024-12-25,CUST_01270,Female,66,Home & Kitchen,Table Lamp,3,125.27,375.81,North,UPI
1662,2024-12-25,CUST_00483,Female,20,Home & Kitchen,Cookware Set,3,104.4,313.2,South,Cash
7168,2024-12-25,CUST_01324,Female,64,Home & Kitchen,Wall Clock,4,199.58,798.32,North,Debit Card
7118,2024-12-26,CUST_00743,Female,23,Clothing,Jacket,2,62.41,124.82,South,Debit Card
7779,2024-12-26,CUST_01582,Male,59,Food,Peanut Butter,4,13.38,53.52,East,Debit Card
2349,2024-12-26,CUST_01678,Female,65,Beauty,Lipstick,4,57.32,229.28,South,Cash
7421,2024-12-26,CUST_00211,Female,55,Home & Kitchen,Bedsheet,1,117.03,117.03,East,Debit Card
5036,2024-12-26,CUST_00854,Male,26,Food,Green Tea,1,30.5,30.5,North,Debit Card
6934,2024-12-26,CUST_01978,Male,21,Clothing,Sneakers,1,74.5,74.5,South,Debit Card
3409,2024-12-26,CUST_00676,Female,58,Sports,Football,2,99.04,198.08,West,Credit Card
5405,2024-12-26,CUST_00418,Female,34,Home & Kitchen,Storage Container,2,28.19,56.38,East,Credit Card
10529,2024-12-26,CUST_01244,Female,44,Electronics,Power Bank,3,256.43,769.29,East,Cash
2075,2024-12-26,CUST_00111,Male,62,Beauty,Sunscreen,1,91.49,91.49,West,Cash
6281,2024-12-26,CUST_01412,Female,63,Home & Kitchen,Wall Clock,1,70.36,70.36,North,Credit Card
8316,2024-12-26,CUST_00945,Male,26,Electronics,Smartphone,3,512.33,1536.99,North,Debit Card
9102,2024-12-26,CUST_00452,Male,40,Home & Kitchen,Blender,3,90.34,271.02,South,Debit Card
4574,2024-12-26,CUST_00508,Female,34,Electronics,Smartphone,2,351.0,702.0,West,UPI
8544,2024-12-26,CUST_01234,Female,46,Food,Dark Chocolate,2,36.11,72.22,West,Credit Card
2012,2024-12-26,CUST_01717,Female,36,Home & Kitchen,Storage Container,5,117.95,589.75,East,Debit Card
5760,2024-12-26,CUST_01176,Female,24,Clothing,Shorts,2,41.13,82.26,South,Cash
2585,2024-12-26,CUST_01828,Male,49,Food,Mixed Nuts,6,29.51,177.06,East,Cash
3737,2024-12-27,CUST_00594,Female,35,Beauty,Perfume,1,93.7,93.7,West,UPI
6366,2024-12-27,CUST_00615,Female,49,Clothing,Sneakers,1,26.77,26.77,South,UPI
7395,2024-12-27,CUST_01180,Male,48,Home & Kitchen,Storage Container,2,14.72,29.44,South,Debit Card
5472,2024-12-27,CUST_01251,Male,26,Sports,Water Bottle,1,71.88,71.88,South,UPI
8596,2024-12-27,CUST_01066,Male,42,Home & Kitchen,Wall Clock,2,141.33,282.66,North,UPI
4432,2024-12-27,CUST_01814,Male,65,Electronics,Tablet,2,512.73,1025.46,East,Debit Card
2592,2024-12-27,CUST_01045,Female,58,Home & Kitchen,Knife Set,2,107.76,215.52,East,UPI
4715,2024-12-27,CUST_01043,Male,20,Electronics,Tablet,3,673.64,2020.92,East,Cash
4925,2024-12-27,CUST_00093,Female,36,Home & Kitchen,Wall Clock,3,146.55,439.65,East,Cash
6744,2024-12-27,CUST_00306,Female,46,Electronics,Bluetooth Speaker,1,151.67,151.67,North,UPI
1262,2024-12-27,CUST_01976,Male,48,Electronics,Power Bank,3,716.77,2150.31,East,Credit Card
1706,2024-12-27,CUST_00036,Female,51,Home & Kitchen,Pillow,1,108.62,108.62,East,Debit Card
10842,2024-12-27,CUST_01175,Female,48,Home & Kitchen,Blender,1,19.68,19.68,South,Cash
2089,2024-12-27,CUST_01416,Female,18,Clothing,Sneakers,2,60.94,121.88,North,UPI
1391,2024-12-27,CUST_00568,Male,41,Food,Dark Chocolate,3,25.26,75.78,West,Credit Card
2890,2024-12-28,CUST_00812,Female,47,Electronics,Headphones,4,452.91,1811.64,North,Cash
2665,2024-12-28,CUST_00531,Female,45,Home & Kitchen,Cookware Set,2,188.34,376.68,South,UPI
1476,2024-12-28,CUST_01250,Female,52,Home & Kitchen,Pillow,4,114.69,458.76,West,Debit Card
9804,2024-12-28,CUST_01335,Male,40,Electronics,Smartphone,2,526.87,1053.74,East,UPI
9822,2024-12-28,CUST_01317,Male,36,Home & Kitchen,Wall Clock,1,191.67,191.67,West,Cash
3837,2024-12-28,CUST_00584,Male,38,Home & Kitchen,Blender,1,20.97,20.97,South,Credit Card
5439,2024-12-28,CUST_00786,Female,60,Beauty,Foundation,1,17.74,17.74,South,Cash
2639,2024-12-28,CUST_01421,Female,32,Beauty,Perfume,3,113.06,339.18,West,Cash
9613,2024-12-28,CUST_01691,Female,20,Beauty,Moisturizer,4,6.32,25.28,South,UPI
7749,2024-12-28,CUST_00734,Female,61,Home & Kitchen,Cookware Set,2,185.12,370.24,South,UPI
5034,2024-12-28,CUST_01173,Male,67,Beauty,Moisturizer,1,7.56,7.56,South,UPI
8177,2024-12-28,CUST_01180,Male,48,Food,Organic Honey,4,12.39,49.56,South,Credit Card
3315,2024-12-28,CUST_01500,Male,27,Beauty,Moisturizer,1,90.78,90.78,South,Credit Card
5766,2024-12-28,CUST_00362,Female,70,Food,Dark Chocolate,1,29.16,29.16,North,UPI
8906,2024-12-28,CUST_01598,Female,28,Sports,Football,1,116.01,116.01,West,Credit Card
5060,2024-12-28,CUST_01360,Male,34,Food,Protein Bar,3,35.05,105.15,East,Debit Card
10758,2024-12-28,CUST_01637,Female,47,Home & Kitchen,Pillow,4,146.05,584.2,South,Credit Card
8512,2024-12-29,CUST_00084,Male,19,Food,Peanut Butter,1,7.26,7.26,East,Debit Card
9497,2024-12-29,CUST_00036,Female,51,Home & Kitchen,Blender,1,114.79,114.79,East,UPI
3244,2024-12-29,CUST_00555,Female,67,Clothing,Dress,4,14.97,59.88,North,UPI
6352,2024-12-29,CUST_01743,Male,60,Home & Kitchen,Blender,4,73.29,293.16,East,Credit Card
2716,2024-12-29,CUST_01521,Female,51,Food,Mixed Nuts,1,23.09,23.09,North,Credit Card
3790,2024-12-29,CUST_00258,Female,69,Food,Organic Honey,7,20.67,144.69,North,Cash
9465,2024-12-29,CUST_01877,Male,44,Food,Organic Honey,1,4.81,4.81,South,UPI
2617,2024-12-29,CUST_00113,Female,44,Food,Organic Honey,1,26.24,26.24,East,Debit Card
6884,2024-12-29,CUST_01312,Female,70,Food,Organic Honey,4,3.0,12.0,West,Credit Card
5744,2024-12-29,CUST_00220,Male,30,Electronics,Bluetooth Speaker,3,268.77,806.31,North,Debit Card
10834,2024-12-29,CUST_01815,Female,25,Sports,Cricket Bat,4,104.24,416.96,West,Debit Card
5718,2024-12-29,CUST_01406,Male,32,Home & Kitchen,Table Lamp,7,83.16,582.12,West,UPI
10778,2024-12-29,CUST_00245,Female,50,Beauty,Sunscreen,4,61.04,244.16,North,Credit Card
9184,2024-12-29,CUST_00118,Female,19,Sports,Dumbbells,1,36.03,36.03,South,Cash
4444,2024-12-29,CUST_00371,Female,65,Beauty,Perfume,1,79.29,79.29,South,Credit Card
5176,2024-12-29,CUST_01640,Female,49,Clothing,Formal Shirt,3,17.88,53.64,West,Credit Card
3461,2024-12-29,CUST_00207,Female,28,Beauty,Hair Oil,2,109.9,219.8,North,Debit Card
7746,2024-12-29,CUST_01573,Male,63,Home & Kitchen,Storage Container,1,102.34,102.34,West,Debit Card
2105,2024-12-29,CUST_01207,Female,62,Clothing,Dress,2,62.32,124.64,South,Credit Card
4503,2024-12-30,CUST_01581,Female,43,Electronics,Tablet,3,35.67,107.01,North,Debit Card
2210,2024-12-30,CUST_01309,Male,32,Clothing,Jacket,2,74.99,149.98,East,Credit Card
4396,2024-12-30,CUST_00146,Male,30,Clothing,T-Shirt,3,106.67,320.01,South,Cash
2728,2024-12-30,CUST_01628,Female,64,Home & Kitchen,Storage Container,3,96.66,289.98,North,Debit Card
6831,2024-12-30,CUST_01150,Female,29,Sports,Skipping Rope,1,18.21,18.21,East,Cash
3530,2024-12-30,CUST_01815,Female,25,Food,Organic Honey,2,25.13,50.26,West,Credit Card
5560,2024-12-30,CUST_00936,Female,49,Home & Kitchen,Wall Clock,4,101.39,405.56,East,Cash
7452,2024-12-30,CUST_01096,Female,35,Electronics,Laptop,3,156.43,469.29,East,UPI
2913,2024-12-30,CUST_01586,Female,34,Sports,Water Bottle,2,70.62,141.24,North,UPI
6562,2024-12-30,CUST_00351,Female,60,Beauty,Eye Shadow,4,95.5,382.0,South,UPI
1848,2024-12-30,CUST_01388,Male,60,Food,Peanut Butter,5,5.31,26.55,South,Cash
5463,2024-12-30,CUST_01233,Male,20,Food,Peanut Butter,6,21.23,127.38,West,Credit Card
8701,2024-12-30,CUST_01956,Male,38,Food,Organic Honey,2,28.15,56.3,West,UPI
5257,2024-12-30,CUST_00194,Female,39,Home & Kitchen,Blender,2,106.15,212.3,East,Debit Card
9621,2024-12-30,CUST_00016,Female,50,Home & Kitchen,Cookware Set,3,185.77,557.31,South,UPI
2334,2024-12-30,CUST_00046,Female,34,Electronics,USB Cable,1,542.26,542.26,North,UPI
1533,2024-12-30,CUST_01383,Female,43,Home & Kitchen,Knife Set,3,203.72,611.16,West,UPI
10029,2024-12-30,CUST_01682,Female,42,Home & Kitchen,Storage Container,2,10.71,21.42,West,Debit Card
4302,2024-12-30,CUST_01731,Female,21,Electronics,USB Cable,1,389.02,389.02,West,UPI
4408,2024-12-30,CUST_00547,Female,40,Clothing,Shorts,2,17.09,34.18,West,Cash
8599,2024-12-30,CUST_00342,Female,31,Sports,Yoga Mat,1,72.15,72.15,South,Debit Card
8456,2024-12-31,CUST_01108,Female,19,Beauty,Hair Oil,1,63.52,63.52,South,UPI
10346,2024-12-31,CUST_01634,Female,30,Home & Kitchen,Pillow,5,239.64,1198.2,West,Credit Card
4403,2024-12-31,CUST_01085,Female,60,Beauty,Face Wash,2,114.54,229.08,South,Credit Card
10928,2024-12-31,CUST_01739,Male,27,Clothing,Sneakers,5,80.53,402.65,North,Debit Card
7124,2024-12-31,CUST_01064,Female,58,Beauty,Hair Oil,2,80.84,161.68,West,Credit Card
6324,2024-12-31,CUST_01952,Male,19,Electronics,Smart Watch,2,732.3,1464.6,West,Cash
4650,2024-12-31,CUST_01156,Female,41,Sports,Yoga Mat,4,20.22,80.88,North,Credit Card
1532,2024-12-31,CUST_01592,Female,30,Sports,Running Shoes,3,16.71,50.13,East,Cash
10392,2024-12-31,CUST_01067,Male,21,Clothing,Shorts,1,49.82,49.82,South,Debit Card
2955,2024-12-31,CUST_01978,Male,21,Clothing,Jacket,2,56.64,113.28,South,Credit Card
6789,2024-12-31,CUST_01433,Male,61,Home & Kitchen,Blender,1,236.22,236.22,North,Debit Card
7526,2024-12-31,CUST_01594,Male,31,Sports,Yoga Mat,1,143.66,143.66,South,Debit Card
7759,2024-12-31,CUST_01568,Female,43,Electronics,Power Bank,6,199.67,1198.02,South,Credit Card
2465,2024-12-31,CUST_01840,Female,27,Sports,Dumbbells,1,157.68,157.68,West,Credit Card
2055,2024-12-31,CUST_01244,Female,44,Food,Granola,7,37.5,262.5,East,UPI
